{"type":"FeatureCollection","features":[{"type":"Feature","geometry":{"type":"MultiPolygon","coordinates":[[[[-73.96234,40.73339],[-73.96157,40.73518],[-73.95838,40.7381],[-73.95693,40.73889],[-73.95323,40.73899],[-73.94652,40.73693],[-73.94707,40.7344],[-73.94557,40.73661],[-73.945,40.73644],[-73.94519,40.73548],[-73.94446,40.73628],[-73.94239,40.73543],[-73.93975,40.73107],[-73.9381,40.72973],[-73.93213,40.72816],[-73.93739,40.72433],[-73.94721,40.71856],[-73.94842,40.71846],[-73.94908,40.72254],[-73.95065,40.72171],[-73.95165,40.72349],[-73.95478,40.72246],[-73.95814,40.7244],[-73.95843,40.7254],[-73.96162,40.72587],[-73.96102,40.7287],[-73.96234,40.73339]]]]},"properties":{"shape_area":"35321808.3909","ntaname":"Greenpoint","cdtaname":"BK01 Williamsburg-Greenpoint (CD 1 Equivalent)","shape_leng":"28919.5611508","boroname":"Brooklyn","ntatype":"0","nta2020":"BK0101","borocode":"3","countyfips":"047","ntaabbrev":"Grnpt","cdta2020":"BK01","atlas_id":"BK0101","scalars":{"population":37518.0,"housing_units":19000.0,"jobs":16086.0}}},{"type":"Feature","geometry":{"type":"MultiPolygon","coordinates":[[[[-73.97007,40.71043],[-73.96847,40.71282],[-73.96885,40.71321],[-73.96725,40.71699],[-73.96512,40.71923],[-73.96518,40.72026],[-73.96448,40.72004],[-73.96297,40.72203],[-73.9619,40.72532],[-73.95772,40.72428],[-73.95478,40.72246],[-73.95165,40.72349],[-73.95065,40.72171],[-73.94908,40.72254],[-73.94842,40.71846],[-73.94721,40.71856],[-73.95348,40.71407],[-73.94937,40.71407],[-73.94866,40.70972],[-73.95087,40.70951],[-73.95024,40.70547],[-73.9579,40.70843],[-73.95846,40.70725],[-73.96328,40.70773],[-73.96838,40.70683],[-73.96985,40.708],[-73.96961,40.71027],[-73.97007,40.71043]]]]},"properties":{"shape_area":"28852852.9133","ntaname":"Williamsburg","cdtaname":"BK01 Williamsburg-Greenpoint (CD 1 Equivalent)","shape_leng":"28134.0826611","boroname":"Brooklyn","ntatype":"0","nta2020":"BK0102","borocode":"3","countyfips":"047","ntaabbrev":"Wllmsbrg","cdta2020":"BK01","atlas_id":"BK0102","scalars":{"population":63316.0,"housing_units":29388.0,"jobs":37632.0}}},{"type":"Feature","geometry":{"type":"MultiPolygon","coordinates":[[[[-73.96838,40.70683],[-73.96328,40.70773],[-73.95846,40.70725],[-73.9579,40.70843],[-73.95191,40.70636],[-73.94193,40.70073],[-73.96284,40.69804],[-73.96218,40.70022],[-73.96721,40.70426],[-73.96838,40.70683]]]]},"properties":{"shape_area":"15208960.645","ntaname":"South Williamsburg","cdtaname":"BK01 Williamsburg-Greenpoint (CD 1 Equivalent)","shape_leng":"18250.2800908","boroname":"Brooklyn","ntatype":"0","nta2020":"BK0103","borocode":"3","countyfips":"047","ntaabbrev":"SWllmsbrg","cdta2020":"BK01","atlas_id":"BK0103","scalars":{"population":47065.0,"housing_units":11376.0,"jobs":23820.0}}},{"type":"Feature","geometry":{"type":"MultiPolygon","coordinates":[[[[-73.95348,40.71407],[-73.932,40.72815],[-73.9296,40.72762],[-73.92849,40.72661],[-73.92561,40.72006],[-73.92482,40.72027],[-73.92452,40.71955],[-73.92486,40.71844],[-73.92887,40.71773],[-73.92971,40.71705],[-73.92947,40.71572],[-73.93216,40.71501],[-73.93124,40.71372],[-73.93265,40.71304],[-73.93203,40.71159],[-73.93328,40.71098],[-73.9319,40.71134],[-73.93036,40.70872],[-73.93155,40.71186],[-73.93078,40.71216],[-73.93185,40.71255],[-73.93042,40.71317],[-73.93105,40.71461],[-73.92844,40.71553],[-73.92858,40.71693],[-73.92458,40.71795],[-73.92306,40.71634],[-73.92489,40.71527],[-73.92434,40.71412],[-73.92223,40.71286],[-73.92155,40.71104],[-73.92075,40.71053],[-73.92609,40.70568],[-73.93395,40.70267],[-73.94193,40.70073],[-73.95024,40.70547],[-73.95087,40.70951],[-73.94866,40.70972],[-73.94937,40.71407],[-73.95348,40.71407]]]]},"properties":{"shape_area":"52267406.735","ntaname":"East Williamsburg","cdtaname":"BK01 Williamsburg-Greenpoint (CD 1 Equivalent)","shape_leng":"43184.8003755","boroname":"Brooklyn","ntatype":"0","nta2020":"BK0104","borocode":"3","countyfips":"047","ntaabbrev":"EWllmsbrg","cdta2020":"BK01","atlas_id":"BK0104","scalars":{"population":53478.0,"housing_units":23772.0,"jobs":28188.0}}},{"type":"Feature","geometry":{"type":"MultiPolygon","coordinates":[[[[-74.00174,40.69241],[-73.99505,40.70313],[-73.99093,40.70077],[-73.99137,40.69701],[-73.99044,40.69383],[-73.99097,40.69255],[-73.98893,40.69209],[-73.99047,40.68914],[-74.00174,40.69241]]]]},"properties":{"shape_area":"9982022.78755","ntaname":"Brooklyn Heights","cdtaname":"BK02 Downtown Brooklyn-Fort Greene (CD 2 Approximation)","shape_leng":"14312.1922849","boroname":"Brooklyn","ntatype":"0","nta2020":"BK0201","borocode":"3","countyfips":"047","ntaabbrev":"BkHts","cdta2020":"BK02","atlas_id":"BK0201","scalars":{"population":24775.0,"housing_units":12936.0,"jobs":16631.0}}},{"type":"Feature","geometry":{"type":"MultiPolygon","coordinates":[[[[-73.99505,40.70313],[-73.99478,40.70425],[-73.99386,40.70456],[-73.99213,40.70469],[-73.99095,40.70403],[-73.99023,40.70493],[-73.9883,40.70454],[-73.98796,40.70513],[-73.98093,40.70537],[-73.98091,40.70591],[-73.97905,40.70597],[-73.98027,40.70304],[-73.98003,40.70214],[-73.9809,40.70186],[-73.98014,40.69471],[-73.97917,40.69349],[-73.98251,40.69361],[-73.98252,40.69298],[-73.98176,40.69296],[-73.98206,40.69131],[-73.9814,40.68993],[-73.98351,40.68992],[-73.98083,40.68886],[-73.97808,40.68491],[-73.97962,40.68249],[-73.98828,40.68587],[-73.98913,40.68459],[-73.99393,40.68645],[-73.99236,40.68969],[-73.99047,40.68914],[-73.98893,40.69209],[-73.99097,40.69255],[-73.99044,40.69383],[-73.99143,40.69842],[-73.99087,40.70067],[-73.99505,40.70313]]]]},"properties":{"shape_area":"23731596.5804","ntaname":"Downtown Brooklyn-DUMBO-Boerum Hill","cdtaname":"BK02 Downtown Brooklyn-Fort Greene (CD 2 Approximation)","shape_leng":"30589.2394455","boroname":"Brooklyn","ntatype":"0","nta2020":"BK0202","borocode":"3","countyfips":"047","ntaabbrev":"DwntwnBk","cdta2020":"BK02","atlas_id":"BK0202","scalars":{"population":38546.0,"housing_units":19159.0,"jobs":106958.0}}},{"type":"Feature","geometry":{"type":"MultiPolygon","coordinates":[[[[-73.98351,40.68992],[-73.9814,40.68993],[-73.98206,40.69131],[-73.98176,40.69296],[-73.98252,40.69298],[-73.98251,40.69361],[-73.97917,40.69349],[-73.98014,40.69471],[-73.98054,40.69825],[-73.96577,40.69764],[-73.96284,40.69804],[-73.96466,40.69607],[-73.96939,40.69608],[-73.96881,40.69312],[-73.96983,40.69313],[-73.9691,40.68947],[-73.97013,40.68951],[-73.96869,40.68201],[-73.97746,40.68405],[-73.98083,40.68886],[-73.98351,40.68992]]]]},"properties":{"shape_area":"17533714.2697","ntaname":"Fort Greene","cdtaname":"BK02 Downtown Brooklyn-Fort Greene (CD 2 Approximation)","shape_leng":"23284.5901371","boroname":"Brooklyn","ntatype":"0","nta2020":"BK0203","borocode":"3","countyfips":"047","ntaabbrev":"FtGrn","cdta2020":"BK02","atlas_id":"BK0203","scalars":{"population":35051.0,"housing_units":15788.0,"jobs":16557.0}}},{"type":"Feature","geometry":{"type":"MultiPolygon","coordinates":[[[[-73.97013,40.68951],[-73.9691,40.68947],[-73.96983,40.69313],[-73.96881,40.69312],[-73.96939,40.69608],[-73.96477,40.69604],[-73.96365,40.69662],[-73.96284,40.69804],[-73.96105,40.69833],[-73.95943,40.69045],[-73.96029,40.69035],[-73.95884,40.68302],[-73.96167,40.68269],[-73.96135,40.68046],[-73.96869,40.68201],[-73.97013,40.68951]]]]},"properties":{"shape_area":"14566585.1028","ntaname":"Clinton Hill","cdtaname":"BK02 Downtown Brooklyn-Fort Greene (CD 2 Approximation)","shape_leng":"18102.9682007","boroname":"Brooklyn","ntatype":"0","nta2020":"BK0204","borocode":"3","countyfips":"047","ntaabbrev":"ClntnHl","cdta2020":"BK02","atlas_id":"BK0204","scalars":{"population":27368.0,"housing_units":13832.0,"jobs":11257.0}}},{"type":"Feature","geometry":{"type":"MultiPolygon","coordinates":[[[[-73.97893,40.70593],[-73.97893,40.70592],[-73.97906,40.70595],[-73.97893,40.70593]]],[[[-73.9809,40.70186],[-73.98003,40.70214],[-73.98027,40.70304],[-73.97912,40.70553],[-73.97842,40.70571],[-73.97885,40.70607],[-73.97834,40.706],[-73.97818,40.70447],[-73.97721,40.70421],[-73.97714,40.70301],[-73.97596,40.70472],[-73.97693,40.7028],[-73.97616,40.70217],[-73.97533,40.70295],[-73.97601,40.70195],[-73.97455,40.70159],[-73.97572,40.69957],[-73.97412,40.70131],[-73.97239,40.70017],[-73.97376,40.70153],[-73.97319,40.70167],[-73.97078,40.69998],[-73.97332,40.70241],[-73.97284,40.70273],[-73.96983,40.70025],[-73.96949,40.70052],[-73.97284,40.70335],[-73.96925,40.70136],[-73.96899,40.70175],[-73.97231,40.70384],[-73.97102,40.70382],[-73.97466,40.70607],[-73.97339,40.70573],[-73.97255,40.7062],[-73.97463,40.70768],[-73.97424,40.70802],[-73.9711,40.70585],[-73.97106,40.70695],[-73.97276,40.70883],[-73.97232,40.70908],[-73.97026,40.70689],[-73.97018,40.70493],[-73.96752,40.70344],[-73.96748,40.70395],[-73.9693,40.70509],[-73.96929,40.70709],[-73.96838,40.70683],[-73.96721,40.70426],[-73.96218,40.70022],[-73.96284,40.69804],[-73.96488,40.69771],[-73.98054,40.69825],[-73.9809,40.70186]]]]},"properties":{"shape_area":"10106806.1491","ntaname":"Brooklyn Navy Yard","cdtaname":"BK02 Downtown Brooklyn-Fort Greene (CD 2 Approximation)","shape_leng":"39415.6419363","boroname":"Brooklyn","ntatype":"6","nta2020":"BK0261","borocode":"3","countyfips":"047","ntaabbrev":"BkNvyYrd","cdta2020":"BK02","atlas_id":"BK0261","scalars":{"population":0.0,"housing_units":0.0}}},{"type":"Feature","geometry":{"type":"MultiPolygon","coordinates":[[[[-73.96167,40.68269],[-73.95884,40.68302],[-73.96029,40.69035],[-73.95943,40.69045],[-73.96105,40.69833],[-73.94439,40.70042],[-73.94033,40.67989],[-73.94397,40.68009],[-73.94414,40.67824],[-73.95205,40.67867],[-73.96135,40.68046],[-73.96167,40.68269]]]]},"properties":{"shape_area":"36906698.4287","ntaname":"Bedford-Stuyvesant (West)","cdtaname":"BK03 Bedford-Stuyvesant (CD 3 Approximation)","shape_leng":"26307.6457389","boroname":"Brooklyn","ntatype":"0","nta2020":"BK0301","borocode":"3","countyfips":"047","ntaabbrev":"BdSty_W","cdta2020":"BK03","atlas_id":"BK0301","scalars":{"population":89224.0,"housing_units":35389.0,"jobs":15890.0}}},{"type":"Feature","geometry":{"type":"MultiPolygon","coordinates":[[[[-73.94439,40.70042],[-73.94193,40.70073],[-73.91805,40.68721],[-73.9163,40.67858],[-73.92165,40.67887],[-73.92182,40.67702],[-73.94414,40.67824],[-73.94397,40.68009],[-73.94033,40.67989],[-73.94439,40.70042]]]]},"properties":{"shape_area":"41289700.8748","ntaname":"Bedford-Stuyvesant (East)","cdtaname":"BK03 Bedford-Stuyvesant (CD 3 Approximation)","shape_leng":"29753.9705547","boroname":"Brooklyn","ntatype":"0","nta2020":"BK0302","borocode":"3","countyfips":"047","ntaabbrev":"BdSty_E","cdta2020":"BK03","atlas_id":"BK0302","scalars":{"population":92298.0,"housing_units":37453.0,"jobs":12585.0}}},{"type":"Feature","geometry":{"type":"MultiPolygon","coordinates":[[[[-73.94193,40.70073],[-73.93395,40.70267],[-73.92609,40.70568],[-73.92189,40.7094],[-73.91181,40.70343],[-73.9129,40.70236],[-73.91142,40.70149],[-73.91406,40.69884],[-73.91632,40.70012],[-73.91932,40.69706],[-73.92082,40.69792],[-73.92425,40.69443],[-73.9265,40.69571],[-73.9275,40.6947],[-73.92648,40.69414],[-73.92778,40.69276],[-73.94193,40.70073]]]]},"properties":{"shape_area":"23134298.6648","ntaname":"Bushwick (West)","cdtaname":"BK04 Bushwick (CD 4 Equivalent)","shape_leng":"23685.2333004","boroname":"Brooklyn","ntatype":"0","nta2020":"BK0401","borocode":"3","countyfips":"047","ntaabbrev":"Bshwck_W","cdta2020":"BK04","atlas_id":"BK0401","scalars":{"population":55156.0,"housing_units":21567.0,"jobs":27916.0}}},{"type":"Feature","geometry":{"type":"MultiPolygon","coordinates":[[[[-73.92778,40.69276],[-73.92648,40.69414],[-73.9275,40.6947],[-73.9265,40.69571],[-73.92425,40.69443],[-73.92082,40.69792],[-73.91932,40.69706],[-73.91632,40.70012],[-73.91406,40.69884],[-73.91142,40.70149],[-73.91068,40.70105],[-73.91181,40.69995],[-73.90426,40.6957],[-73.9058,40.69413],[-73.9014,40.69159],[-73.90496,40.68763],[-73.90534,40.68682],[-73.90449,40.6863],[-73.90576,40.684],[-73.90281,40.68234],[-73.90262,40.68066],[-73.90405,40.67922],[-73.92778,40.69276]]]]},"properties":{"shape_area":"27933892.8281","ntaname":"Bushwick (East)","cdtaname":"BK04 Bushwick (CD 4 Equivalent)","shape_leng":"27120.6703657","boroname":"Brooklyn","ntatype":"0","nta2020":"BK0402","borocode":"3","countyfips":"047","ntaabbrev":"Bshwck_E","cdta2020":"BK04","atlas_id":"BK0402","scalars":{"population":62987.0,"housing_units":23523.0,"jobs":6782.0}}},{"type":"Feature","geometry":{"type":"MultiPolygon","coordinates":[[[[-73.90576,40.684],[-73.90449,40.6863],[-73.90534,40.68682],[-73.90496,40.68763],[-73.90189,40.69108],[-73.90042,40.68818],[-73.90116,40.68788],[-73.89653,40.6824],[-73.89687,40.68088],[-73.89806,40.67979],[-73.90025,40.67942],[-73.90262,40.68066],[-73.90281,40.68234],[-73.90576,40.684]]]]},"properties":{"shape_area":"5585573.37969","ntaname":"The Evergreens Cemetery","cdtaname":"BK04 Bushwick (CD 4 Equivalent)","shape_leng":"10950.2093719","boroname":"Brooklyn","ntatype":"7","nta2020":"BK0471","borocode":"3","countyfips":"047","ntaabbrev":"EvrgrnsCem","cdta2020":"BK04","atlas_id":"BK0471","scalars":{"population":0.0,"housing_units":0.0}}},{"type":"Feature","geometry":{"type":"MultiPolygon","coordinates":[[[[-73.90405,40.67922],[-73.90262,40.68066],[-73.90025,40.67942],[-73.89749,40.68007],[-73.89653,40.6824],[-73.89417,40.68528],[-73.89258,40.68349],[-73.89015,40.685],[-73.88819,40.68256],[-73.87405,40.6893],[-73.86806,40.69118],[-73.8663,40.68319],[-73.87156,40.68168],[-73.8712,40.68022],[-73.87328,40.67992],[-73.87359,40.68109],[-73.88106,40.67898],[-73.88051,40.67677],[-73.88826,40.67562],[-73.88901,40.67856],[-73.89622,40.67736],[-73.89654,40.67859],[-73.90005,40.67689],[-73.90405,40.67922]]]]},"properties":{"shape_area":"24378887.5432","ntaname":"Cypress Hills","cdtaname":"BK05 East New York-Cypress Hills (CD 5 Approximation)","shape_leng":"31089.6609837","boroname":"Brooklyn","ntatype":"0","nta2020":"BK0501","borocode":"3","countyfips":"047","ntaabbrev":"CyprssHls","cdta2020":"BK05","atlas_id":"BK0501","scalars":{"population":42755.0,"housing_units":14854.0,"jobs":6365.0}}},{"type":"Feature","geometry":{"type":"MultiPolygon","coordinates":[[[[-73.90347,40.67551],[-73.89654,40.67859],[-73.89622,40.67736],[-73.88901,40.67856],[-73.88826,40.67562],[-73.88051,40.67677],[-73.88106,40.67898],[-73.87657,40.68017],[-73.87423,40.67086],[-73.87887,40.67019],[-73.87849,40.66865],[-73.90085,40.66535],[-73.90347,40.67551]]]]},"properties":{"shape_area":"27906985.4164","ntaname":"East New York (North)","cdtaname":"BK05 East New York-Cypress Hills (CD 5 Approximation)","shape_leng":"25634.3707218","boroname":"Brooklyn","ntatype":"0","nta2020":"BK0502","borocode":"3","countyfips":"047","ntaabbrev":"ENY_N","cdta2020":"BK05","atlas_id":"BK0502","scalars":{"population":44841.0,"housing_units":15218.0,"jobs":8890.0}}},{"type":"Feature","geometry":{"type":"MultiPolygon","coordinates":[[[[-73.90945,40.65152],[-73.9074,40.65284],[-73.90784,40.65459],[-73.90318,40.65531],[-73.90049,40.65715],[-73.89879,40.65741],[-73.89965,40.66074],[-73.90066,40.66059],[-73.90145,40.66366],[-73.90043,40.66381],[-73.90085,40.66535],[-73.87849,40.66865],[-73.87887,40.67019],[-73.87423,40.67086],[-73.8738,40.66933],[-73.86718,40.66045],[-73.86916,40.66012],[-73.89001,40.65115],[-73.89355,40.6552],[-73.89761,40.65345],[-73.89586,40.65188],[-73.90398,40.64663],[-73.90945,40.65152]]]]},"properties":{"shape_area":"46457563.5917","ntaname":"East New York-New Lots","cdtaname":"BK05 East New York-Cypress Hills (CD 5 Approximation)","shape_leng":"36564.9249151","boroname":"Brooklyn","ntatype":"0","nta2020":"BK0503","borocode":"3","countyfips":"047","ntaabbrev":"ENY_NwLts","cdta2020":"BK05","atlas_id":"BK0503","scalars":{"population":52314.0,"housing_units":20705.0,"jobs":13257.0}}},{"type":"Feature","geometry":{"type":"MultiPolygon","coordinates":[[[[-73.88829,40.64672],[-73.88847,40.6469],[-73.88846,40.6469],[-73.88845,40.6469],[-73.88845,40.64691],[-73.88844,40.64692],[-73.88845,40.64693],[-73.88845,40.64694],[-73.88846,40.64695],[-73.88848,40.64696],[-73.88854,40.64697],[-73.88864,40.64708],[-73.88861,40.64708],[-73.88859,40.64709],[-73.88858,40.64711],[-73.88859,40.64714],[-73.88861,40.64715],[-73.88863,40.64716],[-73.88864,40.64719],[-73.88864,40.64722],[-73.88861,40.64725],[-73.88859,40.64728],[-73.88858,40.64733],[-73.88855,40.64734],[-73.88852,40.64736],[-73.88846,40.64736],[-73.88844,40.64736],[-73.8884,40.64731],[-73.88839,40.64729],[-73.88838,40.64726],[-73.88835,40.64725],[-73.88834,40.64724],[-73.88832,40.64721],[-73.88831,40.64719],[-73.88831,40.64717],[-73.8883,40.64716],[-73.88829,40.64715],[-73.88827,40.64714],[-73.8882,40.64714],[-73.8882,40.64712],[-73.88819,40.6471],[-73.88819,40.64709],[-73.88819,40.64708],[-73.88818,40.64703],[-73.88819,40.64698],[-73.8882,40.64696],[-73.88821,40.64692],[-73.88821,40.64691],[-73.8882,40.64689],[-73.88819,40.64687],[-73.88819,40.64686],[-73.88818,40.64681],[-73.88819,40.64677],[-73.88823,40.64675],[-73.88827,40.64673],[-73.88829,40.64672]]],[[[-73.89125,40.65003],[-73.88959,40.65134],[-73.86823,40.66033],[-73.86718,40.66045],[-73.86366,40.6559],[-73.86054,40.65462],[-73.8701,40.6493],[-73.87343,40.64678],[-73.87964,40.6545],[-73.87386,40.64631],[-73.87835,40.63887],[-73.88047,40.64096],[-73.88074,40.64157],[-73.88007,40.642],[-73.88143,40.64237],[-73.88215,40.64374],[-73.88342,40.64452],[-73.88558,40.64404],[-73.88743,40.64594],[-73.88764,40.6478],[-73.89125,40.65003]]]]},"properties":{"shape_area":"27086261.7772","ntaname":"Spring Creek-Starrett City","cdtaname":"BK05 East New York-Cypress Hills (CD 5 Approximation)","shape_leng":"33027.6834429","boroname":"Brooklyn","ntatype":"0","nta2020":"BK0504","borocode":"3","countyfips":"047","ntaabbrev":"SpCrk_StrC","cdta2020":"BK05","atlas_id":"BK0504","scalars":{"population":15917.0,"housing_units":8179.0}}},{"type":"Feature","geometry":{"type":"MultiPolygon","coordinates":[[[[-73.87745,40.67993],[-73.87359,40.68109],[-73.87328,40.67992],[-73.8712,40.68022],[-73.87156,40.68168],[-73.8663,40.68319],[-73.86602,40.68192],[-73.8641,40.68237],[-73.86328,40.67908],[-73.86235,40.67916],[-73.86039,40.67125],[-73.85763,40.67166],[-73.85568,40.66387],[-73.85843,40.66345],[-73.85762,40.66012],[-73.86317,40.65828],[-73.8627,40.65762],[-73.86328,40.65694],[-73.86305,40.65611],[-73.86087,40.65508],[-73.86404,40.65624],[-73.8738,40.66933],[-73.87657,40.68017],[-73.87745,40.67993]]]]},"properties":{"shape_area":"31529168.2961","ntaname":"East New York-City Line","cdtaname":"BK05 East New York-Cypress Hills (CD 5 Approximation)","shape_leng":"29722.6976164","boroname":"Brooklyn","ntatype":"0","nta2020":"BK0505","borocode":"3","countyfips":"047","ntaabbrev":"ENY_CtyLn","cdta2020":"BK05","atlas_id":"BK0505","scalars":{"population":48572.0,"housing_units":16582.0,"jobs":5395.0}}},{"type":"Feature","geometry":{"type":"MultiPolygon","coordinates":[[[[-73.88963,40.68424],[-73.88452,40.68668],[-73.87951,40.69115],[-73.87402,40.69419],[-73.86892,40.69515],[-73.86841,40.69473],[-73.86806,40.69118],[-73.87405,40.6893],[-73.88819,40.68256],[-73.88963,40.68424]]]]},"properties":{"shape_area":"8100960.68499","ntaname":"Highland Park-Cypress Hills Cemeteries (South)","cdtaname":"BK05 East New York-Cypress Hills (CD 5 Approximation)","shape_leng":"15889.6701392","boroname":"Brooklyn","ntatype":"7","nta2020":"BK0571","borocode":"3","countyfips":"047","ntaabbrev":"CyHlsCem_S","cdta2020":"BK05","atlas_id":"BK0571","scalars":{"population":0.0,"housing_units":0.0,"jobs":696.0}}},{"type":"Feature","geometry":{"type":"MultiPolygon","coordinates":[[[[-74.01995,40.6771],[-74.01843,40.67791],[-74.01841,40.67841],[-74.01966,40.67839],[-74.01827,40.67855],[-74.01955,40.67898],[-74.01899,40.6799],[-74.01282,40.68362],[-74.01213,40.68291],[-74.01411,40.68171],[-74.01302,40.68041],[-74.00967,40.68327],[-74.01077,40.68436],[-74.01193,40.68389],[-74.00798,40.68628],[-74.00588,40.6862],[-74.00298,40.69043],[-74.00096,40.69013],[-74.0007,40.69061],[-74.00197,40.69184],[-74.00162,40.69255],[-73.99236,40.68969],[-73.99393,40.68645],[-73.98913,40.68459],[-73.98828,40.68587],[-73.97962,40.68249],[-73.9839,40.67615],[-73.99277,40.66551],[-73.99598,40.668],[-73.99855,40.67193],[-74.0003,40.66872],[-74.00222,40.66858],[-74.00289,40.66735],[-74.00586,40.66799],[-74.00696,40.66604],[-74.00475,40.67072],[-74.00544,40.67092],[-74.00755,40.66705],[-74.00709,40.66859],[-74.00985,40.66852],[-74.01154,40.66509],[-74.0169,40.66485],[-74.01789,40.66585],[-74.01858,40.67039],[-74.01934,40.67162],[-74.01751,40.67103],[-74.01649,40.66493],[-74.01594,40.66547],[-74.01228,40.66573],[-74.01034,40.66908],[-74.01154,40.66978],[-74.01163,40.67058],[-74.01425,40.66973],[-74.01175,40.67066],[-74.01427,40.67138],[-74.0152,40.67075],[-74.01387,40.67188],[-74.01423,40.67213],[-74.01569,40.67104],[-74.01298,40.67333],[-74.01336,40.67359],[-74.01512,40.67216],[-74.01632,40.67291],[-74.01458,40.67441],[-74.01496,40.67468],[-74.01817,40.67194],[-74.0188,40.67225],[-74.01727,40.67361],[-74.01801,40.67391],[-74.01783,40.67526],[-74.01889,40.67509],[-74.01788,40.67637],[-74.01977,40.67661],[-74.01995,40.6771]]]]},"properties":{"shape_area":"60811448.5707","ntaname":"Carroll Gardens-Cobble Hill-Gowanus-Red Hook","cdtaname":"BK06 Park Slope-Carroll Gardens (CD 6 Approximation)","shape_leng":"67164.9126388","boroname":"Brooklyn","ntatype":"0","nta2020":"BK0601","borocode":"3","countyfips":"047","ntaabbrev":"CrrllGrdns","cdta2020":"BK06","atlas_id":"BK0601","scalars":{"population":63167.0,"housing_units":28064.0,"jobs":24722.0}}},{"type":"Feature","geometry":{"type":"MultiPolygon","coordinates":[[[[-73.99173,40.66674],[-73.9839,40.67615],[-73.97808,40.68491],[-73.97746,40.68405],[-73.97376,40.68305],[-73.97618,40.67806],[-73.9695,40.67591],[-73.9688,40.67321],[-73.97041,40.67265],[-73.97965,40.66124],[-73.99173,40.66674]]]]},"properties":{"shape_area":"25831729.1475","ntaname":"Park Slope","cdtaname":"BK06 Park Slope-Carroll Gardens (CD 6 Approximation)","shape_leng":"23539.0892526","boroname":"Brooklyn","ntatype":"0","nta2020":"BK0602","borocode":"3","countyfips":"047","ntaabbrev":"PkSlp","cdta2020":"BK06","atlas_id":"BK0602","scalars":{"population":60202.0,"housing_units":27254.0,"jobs":20874.0}}},{"type":"Feature","geometry":{"type":"MultiPolygon","coordinates":[[[[-73.99277,40.66551],[-73.99173,40.66674],[-73.97448,40.65834],[-73.97233,40.6514],[-73.97268,40.65093],[-73.97209,40.65066],[-73.9714,40.64826],[-73.97327,40.64758],[-73.98029,40.6473],[-73.9818,40.65525],[-73.98843,40.65925],[-73.98725,40.66038],[-73.98872,40.6624],[-73.98832,40.66279],[-73.99277,40.66551]]]]},"properties":{"shape_area":"15312193.036","ntaname":"Windsor Terrace-South Slope","cdtaname":"BK07 Sunset Park-Windsor Terrace (CD 7 Approximation)","shape_leng":"21233.3223789","boroname":"Brooklyn","ntatype":"0","nta2020":"BK0701","borocode":"3","countyfips":"047","ntaabbrev":"WndsrTr","cdta2020":"BK07","atlas_id":"BK0701","scalars":{"population":27023.0,"housing_units":11314.0,"jobs":3756.0}}},{"type":"Feature","geometry":{"type":"MultiPolygon","coordinates":[[[[-74.03254,40.64383],[-74.03052,40.64527],[-74.02908,40.6444],[-74.02886,40.64487],[-74.02821,40.64402],[-74.02605,40.64626],[-74.02974,40.64849],[-74.02939,40.6488],[-74.02572,40.64662],[-74.02435,40.6474],[-74.02554,40.64978],[-74.02484,40.6506],[-74.02605,40.65099],[-74.02553,40.65148],[-74.02477,40.65069],[-74.02424,40.65113],[-74.02542,40.65193],[-74.02285,40.65117],[-74.02537,40.65272],[-74.02125,40.65083],[-74.02234,40.65191],[-74.0209,40.65125],[-74.02381,40.65304],[-74.02162,40.65232],[-74.02119,40.65284],[-74.0232,40.6541],[-74.02163,40.65365],[-74.02115,40.65421],[-74.02164,40.65488],[-74.01873,40.65347],[-74.01812,40.65389],[-74.02005,40.65534],[-74.01787,40.65406],[-74.01715,40.65478],[-74.0198,40.65649],[-74.01665,40.65534],[-74.01911,40.65737],[-74.01861,40.65785],[-74.01585,40.65621],[-74.01544,40.65663],[-74.01769,40.65845],[-74.01505,40.65695],[-74.01442,40.65761],[-74.01746,40.65945],[-74.01554,40.66076],[-74.01184,40.65891],[-74.01111,40.65971],[-74.01402,40.66153],[-74.01265,40.66198],[-74.0086,40.65952],[-74.00746,40.66056],[-74.01037,40.6624],[-74.00955,40.66327],[-74.00428,40.66144],[-74.00623,40.66279],[-74.00349,40.66224],[-74.006,40.66326],[-74.00561,40.66346],[-74.00773,40.66474],[-74.00713,40.66492],[-74.00605,40.66384],[-74.00564,40.66453],[-74.00565,40.6639],[-74.00363,40.66273],[-74.00528,40.66466],[-74.00486,40.66506],[-74.00083,40.66301],[-73.99953,40.6644],[-74.00292,40.66646],[-73.99998,40.66745],[-73.99903,40.66844],[-73.99855,40.67193],[-73.9947,40.66667],[-73.98832,40.66279],[-73.98872,40.6624],[-73.98725,40.66038],[-73.99019,40.6576],[-73.99517,40.65967],[-74.01617,40.63948],[-74.01843,40.64084],[-74.02109,40.63826],[-74.02185,40.63982],[-74.02111,40.64151],[-74.02475,40.63812],[-74.02695,40.63945],[-74.02624,40.64013],[-74.0289,40.64121],[-74.03254,40.64383]]]]},"properties":{"shape_area":"50378927.3348","ntaname":"Sunset Park (West)","cdtaname":"BK07 Sunset Park-Windsor Terrace (CD 7 Approximation)","shape_leng":"79869.4683041","boroname":"Brooklyn","ntatype":"0","nta2020":"BK0702","borocode":"3","countyfips":"047","ntaabbrev":"SnstPk_W","cdta2020":"BK07","atlas_id":"BK0702","scalars":{"population":53050.0,"housing_units":17843.0,"jobs":44589.0}}},{"type":"Feature","geometry":{"type":"MultiPolygon","coordinates":[[[[-74.02109,40.63826],[-74.01843,40.64084],[-74.01617,40.63948],[-74.00217,40.65295],[-73.99779,40.65029],[-73.99831,40.64974],[-73.99605,40.64834],[-74.00956,40.63549],[-74.00556,40.63308],[-74.00702,40.63211],[-74.01074,40.63436],[-74.01191,40.63323],[-74.02109,40.63826]]]]},"properties":{"shape_area":"18754283.7973","ntaname":"Sunset Park (Central)","cdtaname":"BK07 Sunset Park-Windsor Terrace (CD 7 Approximation)","shape_leng":"24014.323113","boroname":"Brooklyn","ntatype":"0","nta2020":"BK0703","borocode":"3","countyfips":"047","ntaabbrev":"SnstPk_C","cdta2020":"BK07","atlas_id":"BK0703","scalars":{"population":46012.0,"housing_units":14297.0,"jobs":11495.0}}},{"type":"Feature","geometry":{"type":"MultiPolygon","coordinates":[[[[-74.00217,40.65295],[-73.99517,40.65967],[-73.99019,40.6576],[-73.98843,40.65925],[-73.9818,40.65525],[-73.98029,40.6473],[-73.98906,40.64412],[-73.99831,40.64974],[-73.99779,40.65029],[-74.00217,40.65295]]]]},"properties":{"shape_area":"21101598.773","ntaname":"Green-Wood Cemetery","cdtaname":"BK07 Sunset Park-Windsor Terrace (CD 7 Approximation)","shape_leng":"18789.0222744","boroname":"Brooklyn","ntatype":"7","nta2020":"BK0771","borocode":"3","countyfips":"047","ntaabbrev":"GrnWdCem","cdta2020":"BK07","atlas_id":"BK0771","scalars":{"population":0.0,"housing_units":0.0}}},{"type":"Feature","geometry":{"type":"MultiPolygon","coordinates":[[[[-73.97618,40.67806],[-73.97376,40.68305],[-73.9723,40.68276],[-73.96135,40.68046],[-73.96318,40.67553],[-73.96007,40.67486],[-73.96134,40.67136],[-73.96894,40.67289],[-73.96874,40.67409],[-73.9695,40.67591],[-73.97618,40.67806]]]]},"properties":{"shape_area":"10308676.2395","ntaname":"Prospect Heights","cdtaname":"BK08 Crown Heights (North) (CD 8 Approximation)","shape_leng":"15043.8346947","boroname":"Brooklyn","ntatype":"0","nta2020":"BK0801","borocode":"3","countyfips":"047","ntaabbrev":"PrspctHts","cdta2020":"BK08","atlas_id":"BK0801","scalars":{"population":24082.0,"housing_units":11272.0,"jobs":5265.0}}},{"type":"Feature","geometry":{"type":"MultiPolygon","coordinates":[[[[-73.96318,40.67553],[-73.96135,40.68046],[-73.95205,40.67867],[-73.92182,40.67702],[-73.92275,40.6671],[-73.92424,40.66645],[-73.92553,40.6685],[-73.95527,40.67012],[-73.96134,40.67136],[-73.96007,40.67486],[-73.96318,40.67553]]]]},"properties":{"shape_area":"35416299.8335","ntaname":"Crown Heights (North)","cdtaname":"BK08 Crown Heights (North) (CD 8 Approximation)","shape_leng":"30149.1121113","boroname":"Brooklyn","ntatype":"0","nta2020":"BK0802","borocode":"3","countyfips":"047","ntaabbrev":"CrwnHts_N","cdta2020":"BK08","atlas_id":"BK0802","scalars":{"population":87451.0,"housing_units":39063.0,"jobs":10373.0}}},{"type":"Feature","geometry":{"type":"MultiPolygon","coordinates":[[[[-73.92872,40.6645],[-73.92835,40.66865],[-73.92553,40.6685],[-73.92424,40.66645],[-73.92872,40.6645]]]]},"properties":{"shape_area":"1214617.22973","ntaname":"Lincoln Terrace Park","cdtaname":"BK08 Crown Heights (North) (CD 8 Approximation)","shape_leng":"4568.61664414","boroname":"Brooklyn","ntatype":"9","nta2020":"BK0891","borocode":"3","countyfips":"047","ntaabbrev":"LclnTrPk","cdta2020":"BK08","atlas_id":"BK0891","scalars":{"population":0.0,"housing_units":0.0}}},{"type":"Feature","geometry":{"type":"MultiPolygon","coordinates":[[[[-73.96257,40.67162],[-73.95527,40.67012],[-73.92835,40.66865],[-73.92872,40.6645],[-73.93068,40.66362],[-73.94283,40.66285],[-73.9427,40.66406],[-73.94546,40.66423],[-73.95721,40.66352],[-73.95729,40.6643],[-73.95808,40.66426],[-73.96034,40.66411],[-73.96096,40.66329],[-73.96257,40.67162]]]]},"properties":{"shape_area":"20053831.0622","ntaname":"Crown Heights (South)","cdtaname":"BK09 Crown Heights (South) (CD 9 Approximation)","shape_leng":"24197.4189712","boroname":"Brooklyn","ntatype":"0","nta2020":"BK0901","borocode":"3","countyfips":"047","ntaabbrev":"CrwnHts_S","cdta2020":"BK09","atlas_id":"BK0901","scalars":{"population":51880.0,"housing_units":20425.0,"jobs":9389.0}}},{"type":"Feature","geometry":{"type":"MultiPolygon","coordinates":[[[[-73.96308,40.66213],[-73.96225,40.6632],[-73.96062,40.6633],[-73.96034,40.66411],[-73.95729,40.6643],[-73.95721,40.66352],[-73.9427,40.66406],[-73.94283,40.66285],[-73.93161,40.66356],[-73.93133,40.66059],[-73.93423,40.66042],[-73.934,40.65812],[-73.93108,40.6583],[-73.9309,40.65661],[-73.95007,40.65542],[-73.95016,40.65626],[-73.95639,40.65587],[-73.9563,40.65505],[-73.9597,40.65484],[-73.95986,40.65563],[-73.96188,40.65488],[-73.96308,40.66213]]]]},"properties":{"shape_area":"24038728.8103","ntaname":"Prospect Lefferts Gardens-Wingate","cdtaname":"BK09 Crown Heights (South) (CD 9 Approximation)","shape_leng":"26322.4776125","boroname":"Brooklyn","ntatype":"0","nta2020":"BK0902","borocode":"3","countyfips":"047","ntaabbrev":"PLG_Wngt","cdta2020":"BK09","atlas_id":"BK0902","scalars":{"population":48477.0,"housing_units":21507.0,"jobs":13313.0}}},{"type":"Feature","geometry":{"type":"MultiPolygon","coordinates":[[[[-74.0419,40.62419],[-74.04103,40.63028],[-74.03681,40.63898],[-74.03876,40.63959],[-74.03672,40.63914],[-74.03571,40.64064],[-74.0367,40.64169],[-74.03407,40.64431],[-74.02624,40.64013],[-74.02695,40.63945],[-74.02475,40.63812],[-74.02111,40.64151],[-74.02185,40.63982],[-74.02135,40.63858],[-74.01677,40.63544],[-74.01586,40.63339],[-74.01515,40.63322],[-74.0197,40.62218],[-74.02042,40.62216],[-74.02288,40.61947],[-74.02122,40.61847],[-74.02478,40.6097],[-74.02711,40.61024],[-74.02638,40.61245],[-74.02754,40.61294],[-74.02575,40.61606],[-74.02629,40.61633],[-74.03145,40.61112],[-74.03604,40.6093],[-74.03686,40.61113],[-74.04038,40.61534],[-74.0419,40.62419]]]]},"properties":{"shape_area":"61636114.8976","ntaname":"Bay Ridge","cdtaname":"BK10 Bay Ridge-Dyker Heights (CD 10 Approximation)","shape_leng":"41302.1423703","boroname":"Brooklyn","ntatype":"0","nta2020":"BK1001","borocode":"3","countyfips":"047","ntaabbrev":"ByRdg","cdta2020":"BK10","atlas_id":"BK1001","scalars":{"population":85796.0,"housing_units":38658.0,"jobs":16630.0}}},{"type":"Feature","geometry":{"type":"MultiPolygon","coordinates":[[[[-74.02288,40.61947],[-74.02042,40.62216],[-74.0197,40.62218],[-74.01542,40.63251],[-74.01515,40.63322],[-74.01586,40.63339],[-74.01677,40.63544],[-74.01629,40.63591],[-74.01191,40.63323],[-74.01074,40.63436],[-74.00193,40.62903],[-74.00251,40.62847],[-73.99724,40.62529],[-73.99771,40.62368],[-73.99932,40.62466],[-74.01171,40.61274],[-74.02288,40.61947]]]]},"properties":{"shape_area":"29119072.6473","ntaname":"Dyker Heights","cdtaname":"BK10 Bay Ridge-Dyker Heights (CD 10 Approximation)","shape_leng":"25001.4900026","boroname":"Brooklyn","ntatype":"0","nta2020":"BK1002","borocode":"3","countyfips":"047","ntaabbrev":"DykrHts","cdta2020":"BK10","atlas_id":"BK1002","scalars":{"population":43548.0,"housing_units":15581.0,"jobs":14267.0}}},{"type":"Feature","geometry":{"type":"MultiPolygon","coordinates":[[[[-74.03604,40.6093],[-74.03145,40.61112],[-74.02629,40.61633],[-74.02575,40.61606],[-74.02754,40.61294],[-74.02638,40.61245],[-74.02711,40.61024],[-74.02478,40.6097],[-74.02151,40.60782],[-74.02248,40.60667],[-74.02079,40.60567],[-74.02144,40.60442],[-74.01871,40.60358],[-74.01943,40.60287],[-74.02102,40.60356],[-74.03005,40.60476],[-74.03604,40.6093]]]]},"properties":{"shape_area":"8464626.25915","ntaname":"Fort Hamilton","cdtaname":"BK10 Bay Ridge-Dyker Heights (CD 10 Approximation)","shape_leng":"16460.9559644","boroname":"Brooklyn","ntatype":"6","nta2020":"BK1061","borocode":"3","countyfips":"047","ntaabbrev":"FtHmltn","cdta2020":"BK10","atlas_id":"BK1061","scalars":{"population":1310.0,"housing_units":312.0,"jobs":169.0}}},{"type":"Feature","geometry":{"type":"MultiPolygon","coordinates":[[[[-74.02478,40.6097],[-74.02122,40.61847],[-74.01171,40.61274],[-74.01702,40.60765],[-74.0155,40.60684],[-74.01871,40.60358],[-74.02144,40.60442],[-74.02079,40.60567],[-74.02248,40.60667],[-74.02151,40.60782],[-74.02478,40.6097]]]]},"properties":{"shape_area":"9989043.32861","ntaname":"Dyker Beach Park","cdtaname":"BK10 Bay Ridge-Dyker Heights (CD 10 Approximation)","shape_leng":"14627.5083245","boroname":"Brooklyn","ntatype":"9","nta2020":"BK1091","borocode":"3","countyfips":"047","ntaabbrev":"DykrBchPk","cdta2020":"BK10","atlas_id":"BK1091","scalars":{"population":0.0,"housing_units":0.0}}},{"type":"Feature","geometry":{"type":"MultiPolygon","coordinates":[[[[-74.0105,40.6139],[-73.99932,40.62466],[-73.99771,40.62368],[-73.99679,40.62683],[-73.98569,40.62013],[-73.98628,40.61957],[-73.97478,40.61264],[-73.97403,40.6087],[-73.98842,40.60712],[-73.98913,40.60646],[-73.98685,40.6051],[-73.98869,40.60343],[-73.99087,40.60477],[-73.99559,40.60023],[-74.00493,40.60507],[-74.00094,40.60864],[-74.0105,40.6139]]]]},"properties":{"shape_area":"48634930.7934","ntaname":"Bensonhurst","cdtaname":"BK11 Bensonhurst-Bath Beach (CD 11 Approximation)","shape_leng":"33669.6207624","boroname":"Brooklyn","ntatype":"0","nta2020":"BK1101","borocode":"3","countyfips":"047","ntaabbrev":"Bnsnhrst","cdta2020":"BK11","atlas_id":"BK1101","scalars":{"population":102241.0,"housing_units":36366.0,"jobs":26047.0}}},{"type":"Feature","geometry":{"type":"MultiPolygon","coordinates":[[[[-74.01943,40.60287],[-74.0155,40.60684],[-74.01702,40.60765],[-74.0105,40.6139],[-74.00094,40.60864],[-74.00493,40.60507],[-73.99559,40.60023],[-74.00204,40.59406],[-74.00557,40.59757],[-74.01041,40.60048],[-74.01473,40.60207],[-74.01943,40.60287]]]]},"properties":{"shape_area":"20556457.4395","ntaname":"Bath Beach","cdtaname":"BK11 Bensonhurst-Bath Beach (CD 11 Approximation)","shape_leng":"22422.3733635","boroname":"Brooklyn","ntatype":"0","nta2020":"BK1102","borocode":"3","countyfips":"047","ntaabbrev":"BthBch","cdta2020":"BK11","atlas_id":"BK1102","scalars":{"population":33765.0,"housing_units":12339.0,"jobs":4288.0}}},{"type":"Feature","geometry":{"type":"MultiPolygon","coordinates":[[[[-74.00204,40.59406],[-73.99087,40.60477],[-73.98869,40.60343],[-73.98685,40.6051],[-73.98913,40.60646],[-73.98842,40.60712],[-73.97299,40.60881],[-73.97218,40.60419],[-73.97291,40.59932],[-73.97191,40.59942],[-73.97148,40.59717],[-73.98036,40.59619],[-73.97995,40.59407],[-73.98464,40.59355],[-73.98602,40.59445],[-73.98962,40.59098],[-73.99036,40.59143],[-73.99331,40.58958],[-73.99376,40.59033],[-73.99793,40.5884],[-73.99946,40.58923],[-73.99838,40.58977],[-73.99887,40.58967],[-73.99878,40.59031],[-73.99719,40.59161],[-73.99946,40.5911],[-74.00023,40.59148],[-73.99903,40.59231],[-73.99948,40.59297],[-73.99839,40.59353],[-74.0011,40.59252],[-74.00204,40.59406]]]]},"properties":{"shape_area":"33835200.265","ntaname":"Gravesend (West)","cdtaname":"BK11 Bensonhurst-Bath Beach (CD 11 Approximation)","shape_leng":"32872.7222703","boroname":"Brooklyn","ntatype":"0","nta2020":"BK1103","borocode":"3","countyfips":"047","ntaabbrev":"Grvsnd_W","cdta2020":"BK11","atlas_id":"BK1103","scalars":{"population":60810.0,"housing_units":20337.0,"jobs":17967.0}}},{"type":"Feature","geometry":{"type":"MultiPolygon","coordinates":[[[[-74.00956,40.63549],[-73.99605,40.64834],[-73.98906,40.64412],[-74.00556,40.63308],[-74.00956,40.63549]]]]},"properties":{"shape_area":"11749149.0802","ntaname":"Sunset Park (East)-Borough Park (West)","cdtaname":"BK12 Borough Park-Kensington (CD 12 Approximation)","shape_leng":"15982.4798253","boroname":"Brooklyn","ntatype":"0","nta2020":"BK1201","borocode":"3","countyfips":"047","ntaabbrev":"SnstPk_E","cdta2020":"BK12","atlas_id":"BK1201","scalars":{"population":30773.0,"housing_units":10146.0,"jobs":8588.0}}},{"type":"Feature","geometry":{"type":"MultiPolygon","coordinates":[[[[-74.00702,40.63211],[-73.98835,40.64456],[-73.98299,40.64132],[-73.98042,40.64239],[-73.97911,40.63544],[-73.97689,40.63567],[-73.97605,40.63128],[-73.97717,40.63075],[-73.97658,40.62757],[-73.97752,40.62798],[-73.98214,40.62353],[-73.9844,40.62489],[-73.9861,40.62318],[-73.9883,40.62451],[-73.99009,40.62279],[-73.99679,40.62683],[-73.99724,40.62529],[-74.00251,40.62847],[-74.00193,40.62903],[-74.00702,40.63211]]]]},"properties":{"shape_area":"40481286.8862","ntaname":"Borough Park","cdtaname":"BK12 Borough Park-Kensington (CD 12 Approximation)","shape_leng":"28481.0788717","boroname":"Brooklyn","ntatype":"0","nta2020":"BK1202","borocode":"3","countyfips":"047","ntaabbrev":"BoroPk","cdta2020":"BK12","atlas_id":"BK1202","scalars":{"population":84493.0,"housing_units":22710.0,"jobs":52016.0}}},{"type":"Feature","geometry":{"type":"MultiPolygon","coordinates":[[[[-73.98835,40.64456],[-73.98181,40.64713],[-73.97327,40.64758],[-73.9714,40.64826],[-73.96804,40.63665],[-73.97029,40.63641],[-73.96987,40.63419],[-73.97605,40.63128],[-73.97689,40.63567],[-73.97911,40.63544],[-73.98042,40.64239],[-73.98299,40.64132],[-73.98835,40.64456]]]]},"properties":{"shape_area":"17471228.6391","ntaname":"Kensington","cdtaname":"BK12 Borough Park-Kensington (CD 12 Approximation)","shape_leng":"20316.7350369","boroname":"Brooklyn","ntatype":"0","nta2020":"BK1203","borocode":"3","countyfips":"047","ntaabbrev":"Knsngtn","cdta2020":"BK12","atlas_id":"BK1203","scalars":{"population":39486.0,"housing_units":14768.0,"jobs":13321.0}}},{"type":"Feature","geometry":{"type":"MultiPolygon","coordinates":[[[[-73.99009,40.62279],[-73.9883,40.62451],[-73.9861,40.62318],[-73.9844,40.62489],[-73.98214,40.62353],[-73.97752,40.62798],[-73.97658,40.62757],[-73.97623,40.62598],[-73.97092,40.62657],[-73.97137,40.62893],[-73.96608,40.62954],[-73.96286,40.61255],[-73.96478,40.61233],[-73.9643,40.60978],[-73.97403,40.6087],[-73.97478,40.61264],[-73.98628,40.61957],[-73.98569,40.62013],[-73.99009,40.62279]]]]},"properties":{"shape_area":"31356436.4823","ntaname":"Mapleton-Midwood (West)","cdtaname":"BK12 Borough Park-Kensington (CD 12 Approximation)","shape_leng":"27783.87638","boroname":"Brooklyn","ntatype":"0","nta2020":"BK1204","borocode":"3","countyfips":"047","ntaabbrev":"Mpltn","cdta2020":"BK12","atlas_id":"BK1204","scalars":{"population":38337.0,"housing_units":13181.0,"jobs":12532.0}}},{"type":"Feature","geometry":{"type":"MultiPolygon","coordinates":[[[[-74.00049,40.58704],[-73.99376,40.59033],[-73.99331,40.58958],[-73.99036,40.59143],[-73.98962,40.59098],[-73.98602,40.59445],[-73.98464,40.59355],[-73.98071,40.594],[-73.9777,40.59219],[-73.97751,40.59114],[-73.97557,40.58995],[-73.96068,40.5916],[-73.96026,40.58503],[-73.96786,40.58451],[-73.97743,40.58291],[-73.98493,40.5846],[-73.9871,40.58464],[-73.98654,40.58366],[-73.9883,40.58347],[-73.99259,40.58811],[-73.99809,40.58536],[-73.99971,40.58569],[-73.99936,40.58638],[-73.99417,40.58838],[-73.99566,40.58794],[-73.99422,40.58887],[-73.99796,40.58727],[-73.99488,40.58877],[-73.99535,40.58933],[-74.00017,40.5865],[-74.00049,40.58704]]]]},"properties":{"shape_area":"25835766.7382","ntaname":"Gravesend (South)","cdtaname":"BK13 Coney Island-Brighton Beach (CD 13 Approximation)","shape_leng":"36857.7904022","boroname":"Brooklyn","ntatype":"0","nta2020":"BK1301","borocode":"3","countyfips":"047","ntaabbrev":"Grvsnd_S","cdta2020":"BK13","atlas_id":"BK1301","scalars":{"population":29353.0,"housing_units":11580.0,"jobs":11142.0}}},{"type":"Feature","geometry":{"type":"MultiPolygon","coordinates":[[[[-74.01303,40.57785],[-74.01148,40.58008],[-74.00745,40.5818],[-74.00056,40.5813],[-73.99818,40.58173],[-73.99772,40.58071],[-73.98843,40.57882],[-73.98739,40.57909],[-73.98589,40.58114],[-73.98605,40.58172],[-73.98684,40.58123],[-73.98804,40.57963],[-73.98996,40.58066],[-73.9883,40.58347],[-73.98654,40.58366],[-73.9871,40.58464],[-73.97743,40.58291],[-73.96662,40.58457],[-73.96889,40.57526],[-73.96575,40.57479],[-73.95942,40.57518],[-73.95939,40.57391],[-73.96856,40.57313],[-73.96945,40.57286],[-73.96925,40.5723],[-73.96956,40.57281],[-73.97109,40.57273],[-73.97118,40.57194],[-73.97161,40.57263],[-73.9725,40.57258],[-73.97335,40.57232],[-73.97325,40.57163],[-73.97345,40.57227],[-73.97529,40.57205],[-73.97541,40.57142],[-73.97568,40.57196],[-73.97685,40.57195],[-73.97767,40.57117],[-73.97859,40.5719],[-73.97985,40.57154],[-73.97943,40.57122],[-73.98021,40.57173],[-73.98367,40.57141],[-73.98304,40.57015],[-73.98336,40.56953],[-73.98376,40.5714],[-73.99079,40.57025],[-74.00078,40.57049],[-74.00201,40.57021],[-74.00209,40.56959],[-74.00249,40.57174],[-74.0048,40.57288],[-74.01116,40.57417],[-74.01202,40.57489],[-74.01303,40.57785]]]]},"properties":{"shape_area":"47588745.3494","ntaname":"Coney Island-Sea Gate","cdtaname":"BK13 Coney Island-Brighton Beach (CD 13 Approximation)","shape_leng":"49219.5235304","boroname":"Brooklyn","ntatype":"0","nta2020":"BK1302","borocode":"3","countyfips":"047","ntaabbrev":"CnyIsl","cdta2020":"BK13","atlas_id":"BK1302","scalars":{"population":51871.0,"housing_units":22402.0,"jobs":10844.0}}},{"type":"Feature","geometry":{"type":"MultiPolygon","coordinates":[[[[-73.96889,40.57526],[-73.96662,40.58457],[-73.96026,40.58503],[-73.96005,40.58327],[-73.95911,40.58286],[-73.95414,40.58311],[-73.9524,40.57425],[-73.95843,40.57409],[-73.95899,40.57343],[-73.95942,40.57518],[-73.96575,40.57479],[-73.96889,40.57526]]]]},"properties":{"shape_area":"13564293.2798","ntaname":"Brighton Beach","cdtaname":"BK13 Coney Island-Brighton Beach (CD 13 Approximation)","shape_leng":"16805.8968766","boroname":"Brooklyn","ntatype":"0","nta2020":"BK1303","borocode":"3","countyfips":"047","ntaabbrev":"BrghtnBch","cdta2020":"BK13","atlas_id":"BK1303","scalars":{"population":31295.0,"housing_units":14328.0,"jobs":17709.0}}},{"type":"Feature","geometry":{"type":"MultiPolygon","coordinates":[[[[-74.00044,40.58405],[-73.99259,40.58811],[-73.9883,40.58347],[-73.98996,40.58066],[-73.99186,40.58162],[-73.99026,40.58462],[-73.99606,40.58213],[-74.00018,40.58307],[-74.00044,40.58405]]]]},"properties":{"shape_area":"4222371.48907","ntaname":"Calvert Vaux Park","cdtaname":"BK13 Coney Island-Brighton Beach (CD 13 Approximation)","shape_leng":"11506.2399653","boroname":"Brooklyn","ntatype":"9","nta2020":"BK1391","borocode":"3","countyfips":"047","ntaabbrev":"ClvrtVxPk","cdta2020":"BK13","atlas_id":"BK1391","scalars":{"population":0.0,"housing_units":0.0}}},{"type":"Feature","geometry":{"type":"MultiPolygon","coordinates":[[[[-73.96621,40.65319],[-73.95986,40.65563],[-73.9597,40.65484],[-73.9563,40.65505],[-73.95583,40.65053],[-73.95871,40.65039],[-73.95811,40.64652],[-73.95565,40.64663],[-73.95473,40.64477],[-73.9536,40.63842],[-73.94826,40.63861],[-73.94777,40.634],[-73.94587,40.63412],[-73.94562,40.63178],[-73.94648,40.63171],[-73.94416,40.62951],[-73.95685,40.62812],[-73.95938,40.64147],[-73.96319,40.63967],[-73.96409,40.64441],[-73.96501,40.6443],[-73.96547,40.64671],[-73.96454,40.6468],[-73.9649,40.64872],[-73.96219,40.64979],[-73.96302,40.65153],[-73.96465,40.65089],[-73.96621,40.65319]]]]},"properties":{"shape_area":"24024171.3721","ntaname":"Flatbush","cdtaname":"BK14 Flatbush-Midwood (CD 14 Approximation)","shape_leng":"33235.6144971","boroname":"Brooklyn","ntatype":"0","nta2020":"BK1401","borocode":"3","countyfips":"047","ntaabbrev":"Fltbsh","cdta2020":"BK14","atlas_id":"BK1401","scalars":{"population":69495.0,"housing_units":27291.0,"jobs":8117.0}}},{"type":"Feature","geometry":{"type":"MultiPolygon","coordinates":[[[[-73.97717,40.63075],[-73.96987,40.63419],[-73.97029,40.63641],[-73.96804,40.63665],[-73.9714,40.64826],[-73.96302,40.65153],[-73.96219,40.64979],[-73.9649,40.64872],[-73.96454,40.6468],[-73.96547,40.64671],[-73.96501,40.6443],[-73.96409,40.64441],[-73.96319,40.63967],[-73.95938,40.64147],[-73.95685,40.62812],[-73.95996,40.62778],[-73.96041,40.63016],[-73.96233,40.62997],[-73.97137,40.62893],[-73.97092,40.62657],[-73.97623,40.62598],[-73.97717,40.63075]]]]},"properties":{"shape_area":"22904661.2368","ntaname":"Flatbush (West)-Ditmas Park-Parkville","cdtaname":"BK14 Flatbush-Midwood (CD 14 Approximation)","shape_leng":"31252.1642991","boroname":"Brooklyn","ntatype":"0","nta2020":"BK1402","borocode":"3","countyfips":"047","ntaabbrev":"Fltbsh_W","cdta2020":"BK14","atlas_id":"BK1402","scalars":{"population":42020.0,"housing_units":16616.0,"jobs":17872.0}}},{"type":"Feature","geometry":{"type":"MultiPolygon","coordinates":[[[[-73.96608,40.62954],[-73.96041,40.63016],[-73.95996,40.62778],[-73.94733,40.62917],[-73.94642,40.62439],[-73.94542,40.6245],[-73.94452,40.61971],[-73.94651,40.61949],[-73.94574,40.61536],[-73.94743,40.61422],[-73.95027,40.61392],[-73.94978,40.61137],[-73.96239,40.60999],[-73.96608,40.62954]]]]},"properties":{"shape_area":"32218509.9607","ntaname":"Midwood","cdtaname":"BK14 Flatbush-Midwood (CD 14 Approximation)","shape_leng":"25034.8510394","boroname":"Brooklyn","ntatype":"0","nta2020":"BK1403","borocode":"3","countyfips":"047","ntaabbrev":"Mdwd","cdta2020":"BK14","atlas_id":"BK1403","scalars":{"population":53963.0,"housing_units":19315.0,"jobs":16221.0}}},{"type":"Feature","geometry":{"type":"MultiPolygon","coordinates":[[[[-73.98071,40.594],[-73.97995,40.59407],[-73.98036,40.59619],[-73.97148,40.59717],[-73.97191,40.59942],[-73.97291,40.59932],[-73.97218,40.60419],[-73.97299,40.60881],[-73.9643,40.60978],[-73.96478,40.61233],[-73.96286,40.61255],[-73.96239,40.60999],[-73.95859,40.6104],[-73.95683,40.60109],[-73.95776,40.60099],[-73.95608,40.5921],[-73.957,40.592],[-73.95619,40.58776],[-73.96035,40.58731],[-73.96068,40.5916],[-73.97557,40.58995],[-73.97751,40.59114],[-73.9777,40.59219],[-73.98071,40.594]]]]},"properties":{"shape_area":"34879887.1254","ntaname":"Gravesend (East)-Homecrest","cdtaname":"BK15 Sheepshead Bay-Gravesend (East) (CD 15 Approximation)","shape_leng":"31842.3450984","boroname":"Brooklyn","ntatype":"0","nta2020":"BK1501","borocode":"3","countyfips":"047","ntaabbrev":"Grvsnd_E","cdta2020":"BK15","atlas_id":"BK1501","scalars":{"population":53438.0,"housing_units":19808.0,"jobs":17088.0}}},{"type":"Feature","geometry":{"type":"MultiPolygon","coordinates":[[[[-73.95859,40.6104],[-73.94978,40.61137],[-73.95027,40.61392],[-73.94743,40.61422],[-73.94483,40.61605],[-73.94355,40.60935],[-73.94231,40.60827],[-73.93935,40.61019],[-73.93754,40.60856],[-73.93973,40.60713],[-73.93426,40.60223],[-73.93503,40.60173],[-73.93447,40.60123],[-73.94289,40.60032],[-73.94248,40.5982],[-73.95693,40.59661],[-73.95776,40.60099],[-73.95683,40.60109],[-73.95859,40.6104]]]]},"properties":{"shape_area":"27379162.64","ntaname":"Madison","cdtaname":"BK15 Sheepshead Bay-Gravesend (East) (CD 15 Approximation)","shape_leng":"26237.257237","boroname":"Brooklyn","ntatype":"0","nta2020":"BK1502","borocode":"3","countyfips":"047","ntaabbrev":"Mdsn","cdta2020":"BK15","atlas_id":"BK1502","scalars":{"population":42801.0,"housing_units":16594.0,"jobs":13718.0}}},{"type":"Feature","geometry":{"type":"MultiPolygon","coordinates":[[[[-73.96035,40.58612],[-73.96035,40.58731],[-73.95619,40.58776],[-73.957,40.592],[-73.95608,40.5921],[-73.95693,40.59661],[-73.94248,40.5982],[-73.94289,40.60032],[-73.93447,40.60123],[-73.93503,40.60173],[-73.93355,40.60269],[-73.92813,40.59778],[-73.92957,40.59682],[-73.91806,40.58644],[-73.92091,40.58559],[-73.9252,40.58581],[-73.92721,40.58772],[-73.92766,40.58747],[-73.92736,40.58802],[-73.92808,40.5877],[-73.9274,40.58821],[-73.92802,40.58807],[-73.92395,40.59114],[-73.92863,40.58857],[-73.92863,40.58913],[-73.92922,40.58881],[-73.92876,40.58915],[-73.93003,40.58943],[-73.93065,40.59029],[-73.93045,40.59225],[-73.93044,40.59175],[-73.92971,40.59312],[-73.92996,40.59401],[-73.93008,40.5936],[-73.93043,40.5944],[-73.93176,40.59428],[-73.93078,40.5945],[-73.93267,40.59491],[-73.9314,40.5918],[-73.93101,40.59193],[-73.93156,40.59129],[-73.93121,40.58953],[-73.93069,40.58882],[-73.93009,40.58899],[-73.9304,40.58847],[-73.92973,40.58861],[-73.93039,40.58844],[-73.92972,40.58756],[-73.93135,40.58733],[-73.93128,40.58689],[-73.92857,40.58706],[-73.92816,40.58586],[-73.92752,40.5864],[-73.92553,40.58498],[-73.92628,40.58535],[-73.92583,40.58495],[-73.92722,40.58478],[-73.9314,40.58608],[-73.9301,40.5845],[-73.93204,40.58423],[-73.93193,40.58287],[-73.94103,40.58307],[-73.94157,40.58361],[-73.94255,40.58351],[-73.94202,40.58311],[-73.94629,40.58357],[-73.9458,40.58319],[-73.95349,40.58299],[-73.9533,40.582],[-73.9497,40.58232],[-73.94274,40.581],[-73.93264,40.58128],[-73.93106,40.57627],[-73.93144,40.5757],[-73.93489,40.57522],[-73.93647,40.57586],[-73.93668,40.57542],[-73.94251,40.57537],[-73.94416,40.57581],[-73.94458,40.57524],[-73.94572,40.57556],[-73.9524,40.57425],[-73.95414,40.58311],[-73.95646,40.58266],[-73.96005,40.58327],[-73.96035,40.58612]]]]},"properties":{"shape_area":"63370464.1953","ntaname":"Sheepshead Bay-Manhattan Beach-Gerritsen Beach","cdtaname":"BK15 Sheepshead Bay-Gravesend (East) (CD 15 Approximation)","shape_leng":"91362.5383294","boroname":"Brooklyn","ntatype":"0","nta2020":"BK1503","borocode":"3","countyfips":"047","ntaabbrev":"ShpshdBy","cdta2020":"BK15","atlas_id":"BK1503","scalars":{"population":68331.0,"housing_units":28753.0,"jobs":28002.0}}},{"type":"Feature","geometry":{"type":"MultiPolygon","coordinates":[[[[-73.92275,40.6671],[-73.92165,40.67887],[-73.9163,40.67858],[-73.91805,40.68721],[-73.90005,40.67689],[-73.92275,40.6671]]]]},"properties":{"shape_area":"20089686.0914","ntaname":"Ocean Hill","cdtaname":"BK16 Ocean Hill-Brownsville (CD 16 Approximation)","shape_leng":"22493.7143049","boroname":"Brooklyn","ntatype":"0","nta2020":"BK1601","borocode":"3","countyfips":"047","ntaabbrev":"OcnHl","cdta2020":"BK16","atlas_id":"BK1601","scalars":{"population":40043.0,"housing_units":15881.0,"jobs":6320.0}}},{"type":"Feature","geometry":{"type":"MultiPolygon","coordinates":[[[[-73.92439,40.66638],[-73.90347,40.67551],[-73.90043,40.66381],[-73.90145,40.66366],[-73.90066,40.66059],[-73.89965,40.66074],[-73.89879,40.65741],[-73.90049,40.65715],[-73.90318,40.65531],[-73.90784,40.65459],[-73.9074,40.65284],[-73.90856,40.6521],[-73.90933,40.65281],[-73.91012,40.65585],[-73.91236,40.65551],[-73.91818,40.66073],[-73.9191,40.66423],[-73.92166,40.66384],[-73.92439,40.66638]]]]},"properties":{"shape_area":"30786049.1979","ntaname":"Brownsville","cdtaname":"BK16 Ocean Hill-Brownsville (CD 16 Approximation)","shape_leng":"25719.2933705","boroname":"Brooklyn","ntatype":"0","nta2020":"BK1602","borocode":"3","countyfips":"047","ntaabbrev":"Brwnsvl","cdta2020":"BK16","atlas_id":"BK1602","scalars":{"population":49099.0,"housing_units":21821.0,"jobs":7567.0}}},{"type":"Feature","geometry":{"type":"MultiPolygon","coordinates":[[[[-73.95871,40.65039],[-73.95583,40.65053],[-73.95639,40.65587],[-73.95016,40.65626],[-73.95007,40.65542],[-73.9424,40.65588],[-73.94189,40.65117],[-73.94283,40.65111],[-73.94263,40.64934],[-73.94353,40.64858],[-73.94337,40.64711],[-73.94434,40.64708],[-73.94417,40.64543],[-73.94607,40.64531],[-73.94587,40.64342],[-73.94779,40.64331],[-73.94744,40.64005],[-73.94841,40.63999],[-73.94826,40.63861],[-73.9536,40.63842],[-73.95404,40.63888],[-73.95473,40.64477],[-73.95565,40.64663],[-73.95811,40.64652],[-73.95871,40.65039]]]]},"properties":{"shape_area":"19770955.5295","ntaname":"East Flatbush-Erasmus","cdtaname":"BK17 East Flatbush (CD 17 Approximation)","shape_leng":"21908.3882089","boroname":"Brooklyn","ntatype":"0","nta2020":"BK1701","borocode":"3","countyfips":"047","ntaabbrev":"EFb_Ersms","cdta2020":"BK17","atlas_id":"BK1701","scalars":{"population":45024.0,"housing_units":19058.0,"jobs":12435.0}}},{"type":"Feature","geometry":{"type":"MultiPolygon","coordinates":[[[[-73.94841,40.63999],[-73.94744,40.64005],[-73.94779,40.64331],[-73.94587,40.64342],[-73.94607,40.64531],[-73.94417,40.64543],[-73.94434,40.64708],[-73.9428,40.64654],[-73.94261,40.64466],[-73.93738,40.6449],[-73.93728,40.64396],[-73.92572,40.64467],[-73.92538,40.64238],[-73.92616,40.63757],[-73.92745,40.63526],[-73.93727,40.63465],[-73.93702,40.63231],[-73.94562,40.63178],[-73.94587,40.63412],[-73.94777,40.634],[-73.94841,40.63999]]]]},"properties":{"shape_area":"24121899.0489","ntaname":"East Flatbush-Farragut","cdtaname":"BK17 East Flatbush (CD 17 Approximation)","shape_leng":"23276.2088229","boroname":"Brooklyn","ntatype":"0","nta2020":"BK1702","borocode":"3","countyfips":"047","ntaabbrev":"EFb_Frrgt","cdta2020":"BK17","atlas_id":"BK1702","scalars":{"population":35993.0,"housing_units":13390.0,"jobs":5045.0}}},{"type":"Feature","geometry":{"type":"MultiPolygon","coordinates":[[[[-73.94283,40.65111],[-73.94189,40.65117],[-73.9424,40.65588],[-73.9309,40.65661],[-73.93108,40.6583],[-73.934,40.65812],[-73.93423,40.66042],[-73.93133,40.66059],[-73.93161,40.66356],[-73.93068,40.66362],[-73.92464,40.65818],[-73.92541,40.65768],[-73.9209,40.65363],[-73.91974,40.64278],[-73.9233,40.63992],[-73.92357,40.6425],[-73.9255,40.64238],[-73.92572,40.64467],[-73.93728,40.64396],[-73.93738,40.6449],[-73.93261,40.64525],[-73.933,40.64879],[-73.93871,40.64852],[-73.93886,40.64957],[-73.94263,40.64934],[-73.94283,40.65111]]]]},"properties":{"shape_area":"27205193.6798","ntaname":"East Flatbush-Rugby","cdtaname":"BK17 East Flatbush (CD 17 Approximation)","shape_leng":"31994.4946123","boroname":"Brooklyn","ntatype":"0","nta2020":"BK1703","borocode":"3","countyfips":"047","ntaabbrev":"EFb_Rgby","cdta2020":"BK17","atlas_id":"BK1703","scalars":{"population":40186.0,"housing_units":16148.0,"jobs":5372.0}}},{"type":"Feature","geometry":{"type":"MultiPolygon","coordinates":[[[[-73.93068,40.66362],[-73.92439,40.66638],[-73.92166,40.66384],[-73.9191,40.66423],[-73.91818,40.66073],[-73.91236,40.65551],[-73.91012,40.65585],[-73.90933,40.65281],[-73.90856,40.6521],[-73.91995,40.64471],[-73.9209,40.65363],[-73.92541,40.65768],[-73.92464,40.65818],[-73.93068,40.66362]]]]},"properties":{"shape_area":"18390696.4482","ntaname":"East Flatbush-Remsen Village","cdtaname":"BK17 East Flatbush (CD 17 Approximation)","shape_leng":"22056.7575308","boroname":"Brooklyn","ntatype":"0","nta2020":"BK1704","borocode":"3","countyfips":"047","ntaabbrev":"EFb_RmsnVl","cdta2020":"BK17","atlas_id":"BK1704","scalars":{"population":37761.0,"housing_units":15811.0,"jobs":4634.0}}},{"type":"Feature","geometry":{"type":"MultiPolygon","coordinates":[[[[-73.94353,40.64858],[-73.943,40.64859],[-73.94312,40.64931],[-73.93886,40.64957],[-73.93871,40.64852],[-73.933,40.64879],[-73.93261,40.64525],[-73.94261,40.64466],[-73.94353,40.64858]]]]},"properties":{"shape_area":"4276575.35238","ntaname":"Holy Cross Cemetery","cdtaname":"BK17 East Flatbush (CD 17 Approximation)","shape_leng":"9226.10042944","boroname":"Brooklyn","ntatype":"7","nta2020":"BK1771","borocode":"3","countyfips":"047","ntaabbrev":"HlyCrssCem","cdta2020":"BK17","atlas_id":"BK1771","scalars":{"population":24.0,"housing_units":4.0}}},{"type":"Feature","geometry":{"type":"MultiPolygon","coordinates":[[[[-73.94733,40.62917],[-73.94416,40.62951],[-73.94648,40.63171],[-73.93702,40.63231],[-73.93727,40.63465],[-73.92745,40.63526],[-73.92616,40.63757],[-73.92538,40.64238],[-73.92357,40.6425],[-73.9233,40.63992],[-73.91974,40.64278],[-73.9169,40.61627],[-73.92053,40.61394],[-73.92062,40.61484],[-73.9264,40.61448],[-73.9263,40.61319],[-73.93173,40.61793],[-73.9332,40.61697],[-73.93687,40.62025],[-73.94079,40.6177],[-73.94347,40.61739],[-73.94574,40.61536],[-73.94651,40.61949],[-73.94452,40.61971],[-73.94542,40.6245],[-73.94642,40.62439],[-73.94733,40.62917]]]]},"properties":{"shape_area":"54337180.5919","ntaname":"Flatlands","cdtaname":"BK18 Canarsie-Flatlands (CD 18 Approximation)","shape_leng":"40597.2778136","boroname":"Brooklyn","ntatype":"0","nta2020":"BK1801","borocode":"3","countyfips":"047","ntaabbrev":"Fltlnds","cdta2020":"BK18","atlas_id":"BK1801","scalars":{"population":71676.0,"housing_units":25117.0,"jobs":19189.0}}},{"type":"Feature","geometry":{"type":"MultiPolygon","coordinates":[[[[-73.9172,40.63174],[-73.91739,40.63161],[-73.91743,40.63157],[-73.91746,40.63152],[-73.91748,40.63146],[-73.9175,40.63141],[-73.9175,40.63136],[-73.9175,40.6313],[-73.91749,40.63125],[-73.91747,40.63119],[-73.91745,40.63114],[-73.91741,40.63109],[-73.91737,40.63105],[-73.91732,40.63101],[-73.91673,40.63077],[-73.91669,40.63074],[-73.91665,40.6307],[-73.91662,40.63066],[-73.9166,40.63062],[-73.91659,40.63058],[-73.91658,40.63054],[-73.91658,40.63049],[-73.91659,40.63045],[-73.91558,40.63],[-73.91502,40.62976],[-73.91489,40.62972],[-73.90918,40.6272],[-73.90826,40.62678],[-73.90464,40.62513],[-73.90396,40.62483],[-73.90386,40.62494],[-73.90388,40.62495],[-73.90387,40.62497],[-73.9043,40.62518],[-73.90501,40.62555],[-73.90546,40.62577],[-73.90545,40.62579],[-73.90541,40.62578],[-73.90533,40.62586],[-73.90532,40.62586],[-73.9054,40.62577],[-73.90531,40.62573],[-73.9053,40.62572],[-73.90521,40.62568],[-73.9052,40.62567],[-73.90512,40.62563],[-73.9051,40.62562],[-73.90502,40.62558],[-73.90501,40.62558],[-73.90493,40.62553],[-73.90491,40.62553],[-73.90483,40.62549],[-73.90482,40.62548],[-73.90474,40.62544],[-73.90472,40.62543],[-73.90464,40.62539],[-73.90463,40.62538],[-73.90454,40.62534],[-73.90453,40.62533],[-73.90445,40.62529],[-73.90443,40.62528],[-73.90435,40.62524],[-73.90433,40.62523],[-73.90426,40.62519],[-73.90424,40.62519],[-73.90416,40.62515],[-73.90414,40.62514],[-73.90406,40.6251],[-73.90405,40.62509],[-73.90397,40.62505],[-73.90395,40.62504],[-73.90387,40.625],[-73.90386,40.62499],[-73.90378,40.62495],[-73.90377,40.62495],[-73.9037,40.62491],[-73.90369,40.62491],[-73.90362,40.62487],[-73.9036,40.62486],[-73.90354,40.62483],[-73.90352,40.62482],[-73.90345,40.62479],[-73.90344,40.62478],[-73.90342,40.62477],[-73.90336,40.62474],[-73.90329,40.62471],[-73.90328,40.6247],[-73.90321,40.62467],[-73.90314,40.62475],[-73.90312,40.62474],[-73.90321,40.62464],[-73.90315,40.62461],[-73.90307,40.62471],[-73.90305,40.6247],[-73.90312,40.62462],[-73.90304,40.62458],[-73.90297,40.62454],[-73.90293,40.62452],[-73.90288,40.6245],[-73.90287,40.62449],[-73.9028,40.62446],[-73.90278,40.62445],[-73.90271,40.62441],[-73.9027,40.62441],[-73.90263,40.62437],[-73.90256,40.62445],[-73.90255,40.62444],[-73.90263,40.62435],[-73.90313,40.6246],[-73.90317,40.62456],[-73.9032,40.62457],[-73.90327,40.62448],[-73.90302,40.62437],[-73.90289,40.62431],[-73.90269,40.62421],[-73.90283,40.62405],[-73.90279,40.62404],[-73.90276,40.62407],[-73.90272,40.62405],[-73.90242,40.62446],[-73.90229,40.62441],[-73.9023,40.6244],[-73.9024,40.62444],[-73.90271,40.62402],[-73.90262,40.62398],[-73.90272,40.62402],[-73.90275,40.62398],[-73.90264,40.62394],[-73.90264,40.62392],[-73.9027,40.62395],[-73.90271,40.62394],[-73.90283,40.62399],[-73.90284,40.62399],[-73.90285,40.62399],[-73.90287,40.62396],[-73.90274,40.6239],[-73.90275,40.62388],[-73.90288,40.62394],[-73.90292,40.62395],[-73.90293,40.6239],[-73.90293,40.62385],[-73.90292,40.6238],[-73.90291,40.62375],[-73.90289,40.6237],[-73.90287,40.62365],[-73.90283,40.6236],[-73.90279,40.62356],[-73.90274,40.62354],[-73.90269,40.62353],[-73.90264,40.62352],[-73.90258,40.62351],[-73.90253,40.62352],[-73.90247,40.62352],[-73.90242,40.62354],[-73.90237,40.62356],[-73.90232,40.62358],[-73.90231,40.62359],[-73.9023,40.62359],[-73.90229,40.62359],[-73.90228,40.62359],[-73.90226,40.62359],[-73.90225,40.62359],[-73.90224,40.62359],[-73.90223,40.62358],[-73.90222,40.62358],[-73.90221,40.62357],[-73.9022,40.62356],[-73.9022,40.62355],[-73.90219,40.62354],[-73.90219,40.62353],[-73.9022,40.62352],[-73.90219,40.62345],[-73.90217,40.62338],[-73.90215,40.62331],[-73.90212,40.62325],[-73.90208,40.62319],[-73.90204,40.62312],[-73.90199,40.62307],[-73.90193,40.62301],[-73.90187,40.62296],[-73.90182,40.62295],[-73.90178,40.62295],[-73.90173,40.62295],[-73.90169,40.62295],[-73.9016,40.62294],[-73.90151,40.62292],[-73.90142,40.6229],[-73.90134,40.62287],[-73.90126,40.62284],[-73.90119,40.6228],[-73.90111,40.62276],[-73.90105,40.62271],[-73.90099,40.62266],[-73.90094,40.6226],[-73.90089,40.62254],[-73.90085,40.62248],[-73.90064,40.62177],[-73.90061,40.62174],[-73.90057,40.62171],[-73.90053,40.62168],[-73.90048,40.62166],[-73.90043,40.62165],[-73.90037,40.62164],[-73.90032,40.62164],[-73.90026,40.62165],[-73.90021,40.62166],[-73.90016,40.62168],[-73.90199,40.62056],[-73.9013,40.61996],[-73.90123,40.6199],[-73.90028,40.61907],[-73.90013,40.61894],[-73.89948,40.61834],[-73.89839,40.61735],[-73.89835,40.61731],[-73.8981,40.61704],[-73.89854,40.61627],[-73.89856,40.61515],[-73.89867,40.61504],[-73.8988,40.61493],[-73.89894,40.61483],[-73.89908,40.61474],[-73.89924,40.61467],[-73.89996,40.61421],[-73.90067,40.61374],[-73.90137,40.61328],[-73.90213,40.61278],[-73.90347,40.61399],[-73.90415,40.61357],[-73.90419,40.61356],[-73.90587,40.61506],[-73.90591,40.61504],[-73.90587,40.61501],[-73.90573,40.61488],[-73.90575,40.61488],[-73.90578,40.6149],[-73.90579,40.61491],[-73.90581,40.61493],[-73.90582,40.61494],[-73.90584,40.61496],[-73.90589,40.615],[-73.906,40.61493],[-73.90601,40.61493],[-73.90603,40.61495],[-73.90599,40.61499],[-73.90596,40.61497],[-73.90593,40.61499],[-73.90597,40.61502],[-73.90592,40.61505],[-73.90588,40.61508],[-73.90596,40.61515],[-73.90697,40.61606],[-73.90696,40.61611],[-73.90715,40.616],[-73.90717,40.61601],[-73.90699,40.61614],[-73.90674,40.6163],[-73.90681,40.61636],[-73.90706,40.6162],[-73.90726,40.61609],[-73.90727,40.61611],[-73.90708,40.61622],[-73.90723,40.61635],[-73.90741,40.61624],[-73.90744,40.61626],[-73.90725,40.61638],[-73.90702,40.61653],[-73.90711,40.61661],[-73.90736,40.61644],[-73.90753,40.61634],[-73.90754,40.61636],[-73.90738,40.61646],[-73.90724,40.61655],[-73.90729,40.61661],[-73.90734,40.61659],[-73.90748,40.61671],[-73.90759,40.61663],[-73.90768,40.6167],[-73.90755,40.61678],[-73.90762,40.61685],[-73.90759,40.61687],[-73.90762,40.6169],[-73.90765,40.61688],[-73.90767,40.61691],[-73.90771,40.61687],[-73.90781,40.61686],[-73.90792,40.6169],[-73.908,40.61696],[-73.90799,40.61704],[-73.908,40.61709],[-73.90799,40.61718],[-73.90806,40.6172],[-73.90813,40.61716],[-73.90817,40.61719],[-73.90825,40.61719],[-73.90839,40.61739],[-73.90852,40.61732],[-73.9086,40.61727],[-73.90879,40.61744],[-73.90887,40.61739],[-73.90881,40.61733],[-73.90863,40.61717],[-73.90866,40.61715],[-73.90884,40.61731],[-73.90907,40.61716],[-73.90835,40.61653],[-73.90837,40.61652],[-73.90879,40.61687],[-73.90914,40.61663],[-73.90914,40.61653],[-73.9086,40.61609],[-73.90848,40.61598],[-73.90811,40.61567],[-73.90799,40.61575],[-73.90797,40.61574],[-73.90816,40.6156],[-73.90817,40.61561],[-73.90812,40.61565],[-73.90851,40.61597],[-73.90863,40.61606],[-73.90918,40.61652],[-73.90917,40.61665],[-73.90881,40.61689],[-73.90896,40.61699],[-73.90911,40.61687],[-73.90943,40.61667],[-73.90945,40.61669],[-73.90964,40.61658],[-73.90964,40.61657],[-73.9096,40.61639],[-73.90903,40.6158],[-73.90902,40.61579],[-73.90901,40.61577],[-73.90862,40.61549],[-73.90854,40.61545],[-73.90836,40.61545],[-73.90829,40.61539],[-73.90778,40.61524],[-73.90728,40.6148],[-73.90706,40.61454],[-73.90699,40.61456],[-73.90694,40.61448],[-73.90684,40.61445],[-73.90674,40.61431],[-73.90669,40.61432],[-73.90536,40.61304],[-73.90513,40.61293],[-73.90422,40.61236],[-73.90435,40.61223],[-73.9043,40.61219],[-73.90427,40.61216],[-73.90426,40.6121],[-73.90428,40.61204],[-73.90429,40.61202],[-73.90421,40.61196],[-73.90411,40.61204],[-73.90404,40.612],[-73.90407,40.61198],[-73.90412,40.61201],[-73.90416,40.61197],[-73.9041,40.61193],[-73.90414,40.6119],[-73.90385,40.61169],[-73.90351,40.61141],[-73.9034,40.61148],[-73.90341,40.61149],[-73.90331,40.61155],[-73.90328,40.61152],[-73.90337,40.61147],[-73.90338,40.61147],[-73.90349,40.61139],[-73.90346,40.61135],[-73.90342,40.61131],[-73.90334,40.61127],[-73.90314,40.61097],[-73.90286,40.61088],[-73.90275,40.61093],[-73.90263,40.61081],[-73.90268,40.61075],[-73.90239,40.61048],[-73.90232,40.6105],[-73.90226,40.61042],[-73.90221,40.61034],[-73.90222,40.61026],[-73.90222,40.61018],[-73.90221,40.60955],[-73.90207,40.60955],[-73.90215,40.60904],[-73.9021,40.60904],[-73.90196,40.60862],[-73.90196,40.6084],[-73.90199,40.60838],[-73.90201,40.60835],[-73.902,40.60831],[-73.902,40.6083],[-73.90198,40.60829],[-73.90197,40.60829],[-73.90197,40.60828],[-73.90195,40.60806],[-73.90192,40.60806],[-73.90188,40.60781],[-73.90191,40.60781],[-73.90191,40.60779],[-73.90189,40.60751],[-73.90188,40.60735],[-73.90191,40.60735],[-73.9019,40.60723],[-73.90187,40.60723],[-73.90172,40.60635],[-73.9017,40.60626],[-73.9017,40.60622],[-73.90168,40.60609],[-73.90169,40.6061],[-73.90171,40.6061],[-73.9017,40.60587],[-73.90166,40.60586],[-73.90165,40.6058],[-73.90164,40.60576],[-73.90178,40.60567],[-73.90181,40.60567],[-73.90185,40.60571],[-73.90187,40.6057],[-73.90188,40.60571],[-73.9019,40.60573],[-73.90292,40.60548],[-73.90381,40.60525],[-73.90471,40.60503],[-73.90521,40.60491],[-73.90524,40.60491],[-73.90529,40.60493],[-73.90539,40.60523],[-73.90534,40.60532],[-73.90542,40.60554],[-73.90561,40.6059],[-73.9057,40.60601],[-73.90575,40.60612],[-73.90588,40.6063],[-73.90597,40.60638],[-73.90623,40.60635],[-73.90696,40.60636],[-73.9071,40.60637],[-73.90724,40.60638],[-73.90739,40.60638],[-73.90753,40.60637],[-73.90768,40.60636],[-73.90782,40.60634],[-73.90796,40.60631],[-73.9081,40.60628],[-73.90819,40.60643],[-73.90835,40.60639],[-73.90841,40.60653],[-73.90845,40.60662],[-73.90848,40.60664],[-73.90857,40.60665],[-73.90861,40.60666],[-73.90864,40.60666],[-73.90871,40.60665],[-73.90875,40.60661],[-73.90883,40.60656],[-73.90889,40.60654],[-73.90906,40.60647],[-73.90909,40.60647],[-73.90913,40.60648],[-73.90919,40.60649],[-73.90923,40.60648],[-73.90927,40.60645],[-73.90934,40.60648],[-73.90985,40.60617],[-73.90981,40.60608],[-73.90985,40.60603],[-73.90985,40.606],[-73.90978,40.60582],[-73.90961,40.60566],[-73.90959,40.60567],[-73.90915,40.60529],[-73.90899,40.60515],[-73.90895,40.60505],[-73.90886,40.60506],[-73.90872,40.60474],[-73.90874,40.60473],[-73.90861,40.60452],[-73.90858,40.60453],[-73.90854,40.60445],[-73.90847,40.60446],[-73.90831,40.60413],[-73.90833,40.60407],[-73.9089,40.60391],[-73.90893,40.60398],[-73.90913,40.60393],[-73.90913,40.60394],[-73.91092,40.60351],[-73.91247,40.60375],[-73.91307,40.60385],[-73.91329,40.60388],[-73.91353,40.60393],[-73.91365,40.60398],[-73.91363,40.60402],[-73.91378,40.60421],[-73.91384,40.60416],[-73.91498,40.6052],[-73.91491,40.60525],[-73.915,40.60532],[-73.91504,40.60536],[-73.9151,40.60532],[-73.91567,40.60584],[-73.91592,40.60606],[-73.91595,40.6061],[-73.91627,40.60644],[-73.91635,40.60646],[-73.91674,40.60681],[-73.9167,40.60684],[-73.91676,40.60691],[-73.91669,40.60694],[-73.91672,40.60699],[-73.9166,40.60709],[-73.91671,40.60716],[-73.91661,40.60721],[-73.91667,40.60732],[-73.91672,40.60762],[-73.91664,40.60783],[-73.91632,40.60868],[-73.91669,40.60875],[-73.91678,40.60877],[-73.91657,40.60942],[-73.91663,40.60944],[-73.91684,40.60876],[-73.91649,40.6087],[-73.91651,40.60863],[-73.91689,40.60871],[-73.91686,40.60876],[-73.91687,40.60876],[-73.91683,40.60891],[-73.917,40.60894],[-73.91705,40.60881],[-73.91709,40.60882],[-73.91703,40.60897],[-73.91682,40.60893],[-73.91666,40.60944],[-73.91681,40.60947],[-73.9168,40.60949],[-73.9167,40.60947],[-73.91668,40.60955],[-73.91664,40.60955],[-73.91666,40.60946],[-73.91657,40.60944],[-73.91639,40.61009],[-73.91628,40.61011],[-73.91606,40.61043],[-73.91616,40.61052],[-73.91563,40.61088],[-73.91555,40.61093],[-73.91492,40.61127],[-73.915,40.61134],[-73.91489,40.61139],[-73.91482,40.61134],[-73.91465,40.61146],[-73.91456,40.61157],[-73.9145,40.61165],[-73.91458,40.6119],[-73.91474,40.61271],[-73.91486,40.6133],[-73.91483,40.61333],[-73.91476,40.61337],[-73.91479,40.61353],[-73.91486,40.6135],[-73.91487,40.61349],[-73.91493,40.61396],[-73.91488,40.61399],[-73.91416,40.61445],[-73.91386,40.61464],[-73.91408,40.61489],[-73.91418,40.61481],[-73.91416,40.61479],[-73.91418,40.61478],[-73.91423,40.6148],[-73.91411,40.6149],[-73.91417,40.61492],[-73.91422,40.61493],[-73.91428,40.61494],[-73.91434,40.61494],[-73.9144,40.61492],[-73.91445,40.61489],[-73.9145,40.61487],[-73.91455,40.61483],[-73.91458,40.61481],[-73.9146,40.61478],[-73.9146,40.61477],[-73.91462,40.61472],[-73.91467,40.61468],[-73.91476,40.61468],[-73.91478,40.61468],[-73.91509,40.61447],[-73.91527,40.61435],[-73.9158,40.614],[-73.91596,40.61389],[-73.91642,40.61357],[-73.9164,40.61355],[-73.91615,40.61373],[-73.91593,40.61386],[-73.91591,40.61385],[-73.91596,40.61382],[-73.91573,40.61362],[-73.91577,40.61354],[-73.91575,40.61362],[-73.91597,40.61381],[-73.91625,40.61363],[-73.91588,40.61333],[-73.91576,40.6134],[-73.91575,40.61338],[-73.91597,40.61324],[-73.91598,40.61325],[-73.91589,40.61331],[-73.91626,40.61361],[-73.91639,40.61353],[-73.91634,40.61348],[-73.9164,40.61345],[-73.91599,40.61288],[-73.91588,40.61292],[-73.91587,40.61291],[-73.916,40.61286],[-73.91642,40.61345],[-73.91646,40.61342],[-73.91651,40.61347],[-73.91647,40.61349],[-73.9165,40.61352],[-73.91663,40.61344],[-73.91573,40.61183],[-73.91675,40.61118],[-73.91669,40.61113],[-73.91667,40.61114],[-73.91659,40.61109],[-73.91662,40.61108],[-73.91665,40.61109],[-73.91672,40.61104],[-73.91667,40.61101],[-73.91669,40.611],[-73.91679,40.61107],[-73.91678,40.61107],[-73.91683,40.61112],[-73.91805,40.61028],[-73.91811,40.61021],[-73.9181,40.61012],[-73.91774,40.60981],[-73.91774,40.60979],[-73.91773,40.60978],[-73.91773,40.60977],[-73.91773,40.60976],[-73.91787,40.60933],[-73.91782,40.60932],[-73.9177,40.60967],[-73.91768,40.60966],[-73.91796,40.60879],[-73.91798,40.60879],[-73.91782,40.6093],[-73.91787,40.60931],[-73.91802,40.60887],[-73.91802,40.60886],[-73.91803,40.60885],[-73.91804,40.60884],[-73.91805,40.60883],[-73.91806,40.60882],[-73.91856,40.6085],[-73.9181,40.60809],[-73.91801,40.60815],[-73.91819,40.60802],[-73.91812,40.60808],[-73.91857,40.60849],[-73.91888,40.6083],[-73.91889,40.60829],[-73.9189,40.60829],[-73.91891,40.60829],[-73.91892,40.60828],[-73.91893,40.60828],[-73.91894,40.60828],[-73.91901,40.60827],[-73.91825,40.60759],[-73.91815,40.60765],[-73.91814,40.60765],[-73.91836,40.6075],[-73.91841,40.60754],[-73.91831,40.60761],[-73.91902,40.60826],[-73.91935,40.60804],[-73.91838,40.60717],[-73.91827,40.60724],[-73.91825,40.60723],[-73.9185,40.60707],[-73.91852,40.60708],[-73.9184,40.60715],[-73.91937,40.60803],[-73.91942,40.608],[-73.91947,40.60798],[-73.9195,40.60797],[-73.9195,40.60792],[-73.91952,40.60774],[-73.91924,40.60739],[-73.91905,40.60722],[-73.91888,40.60711],[-73.91868,40.60697],[-73.91858,40.60679],[-73.91858,40.60677],[-73.91795,40.60621],[-73.91848,40.60615],[-73.91853,40.60611],[-73.91971,40.6073],[-73.91985,40.60722],[-73.92066,40.60675],[-73.92158,40.60764],[-73.9223,40.60718],[-73.92301,40.60672],[-73.92373,40.60625],[-73.92444,40.60579],[-73.92625,40.60741],[-73.92696,40.60696],[-73.92769,40.60648],[-73.92844,40.606],[-73.92916,40.60553],[-73.9295,40.60531],[-73.92987,40.60507],[-73.9317,40.60671],[-73.93201,40.607],[-73.93351,40.60834],[-73.93423,40.6079],[-73.93531,40.60886],[-73.93572,40.60923],[-73.93605,40.60951],[-73.93676,40.60906],[-73.93709,40.60884],[-73.93754,40.60856],[-73.93935,40.61019],[-73.94012,40.60969],[-73.94083,40.60923],[-73.94155,40.60877],[-73.94187,40.60856],[-73.94231,40.60827],[-73.94355,40.60935],[-73.94364,40.60986],[-73.9437,40.61021],[-73.9438,40.61072],[-73.94406,40.61199],[-73.94417,40.61272],[-73.94431,40.61341],[-73.94444,40.61408],[-73.94457,40.6148],[-73.9448,40.61589],[-73.94483,40.61605],[-73.94468,40.61617],[-73.94396,40.61682],[-73.94347,40.61739],[-73.94325,40.61741],[-73.94315,40.61743],[-73.94221,40.61753],[-73.94139,40.61762],[-73.94128,40.61763],[-73.94079,40.6177],[-73.94045,40.61793],[-73.94037,40.61799],[-73.93972,40.61841],[-73.93949,40.61855],[-73.939,40.61887],[-73.93865,40.6191],[-73.93829,40.61933],[-73.93781,40.61965],[-73.93758,40.6198],[-73.93696,40.6202],[-73.93687,40.62025],[-73.93502,40.6186],[-73.9332,40.61697],[-73.93249,40.61743],[-73.93173,40.61793],[-73.9306,40.61692],[-73.9299,40.61629],[-73.92946,40.6159],[-73.92843,40.61497],[-73.92809,40.61467],[-73.92776,40.61437],[-73.92769,40.61431],[-73.9274,40.61405],[-73.9274,40.6141],[-73.9263,40.61319],[-73.92632,40.61344],[-73.9264,40.61448],[-73.9254,40.61454],[-73.92447,40.6146],[-73.9235,40.61466],[-73.92253,40.61472],[-73.92159,40.61478],[-73.92062,40.61484],[-73.92053,40.61394],[-73.92011,40.61421],[-73.91961,40.61453],[-73.91937,40.61469],[-73.91893,40.61497],[-73.91863,40.61517],[-73.91789,40.61565],[-73.91739,40.61597],[-73.9172,40.61609],[-73.9169,40.61627],[-73.91698,40.61693],[-73.91701,40.6172],[-73.91712,40.61793],[-73.91717,40.61839],[-73.91717,40.61871],[-73.91726,40.61955],[-73.91741,40.62096],[-73.91747,40.62151],[-73.91752,40.62194],[-73.91771,40.62372],[-73.91775,40.62416],[-73.91799,40.62646],[-73.91816,40.628],[-73.91824,40.62877],[-73.91835,40.6298],[-73.9186,40.63207],[-73.9172,40.63174]]]]},"properties":{"shape_area":"58871247.5317","ntaname":"Marine Park-Mill Basin-Bergen Beach","cdtaname":"BK18 Canarsie-Flatlands (CD 18 Approximation)","shape_leng":"76294.7299278","boroname":"Brooklyn","ntatype":"0","nta2020":"BK1802","borocode":"3","countyfips":"047","ntaabbrev":"MrnPk_MBsn","cdta2020":"BK18","atlas_id":"BK1802","scalars":{"population":46698.0,"housing_units":17923.0,"jobs":9761.0}}},{"type":"Feature","geometry":{"type":"MultiPolygon","coordinates":[[[[-73.88834,40.64671],[-73.88835,40.64671],[-73.88837,40.64671],[-73.88841,40.64671],[-73.88845,40.64673],[-73.8885,40.64676],[-73.88854,40.64679],[-73.88854,40.6468],[-73.88854,40.64682],[-73.88853,40.64686],[-73.88851,40.64688],[-73.88847,40.6469],[-73.88829,40.64672],[-73.88831,40.64672],[-73.88834,40.64671]]],[[[-73.91995,40.64471],[-73.90945,40.65152],[-73.90398,40.64663],[-73.89586,40.65188],[-73.89761,40.65345],[-73.89355,40.6552],[-73.89001,40.65115],[-73.89125,40.65003],[-73.89057,40.64921],[-73.8911,40.64881],[-73.8888,40.64605],[-73.88938,40.64697],[-73.88808,40.64662],[-73.88829,40.64604],[-73.88741,40.64534],[-73.88795,40.64502],[-73.8873,40.6452],[-73.88077,40.63958],[-73.88594,40.63623],[-73.88289,40.63344],[-73.88498,40.63171],[-73.89011,40.62898],[-73.89209,40.62866],[-73.89082,40.63085],[-73.89277,40.63181],[-73.89955,40.62747],[-73.90146,40.62523],[-73.916,40.63201],[-73.9186,40.63207],[-73.91995,40.64471]]]]},"properties":{"shape_area":"70533384.6392","ntaname":"Canarsie","cdtaname":"BK18 Canarsie-Flatlands (CD 18 Approximation)","shape_leng":"43865.676115","boroname":"Brooklyn","ntatype":"0","nta2020":"BK1803","borocode":"3","countyfips":"047","ntaabbrev":"Cnrsie","cdta2020":"BK18","atlas_id":"BK1803","scalars":{"population":90185.0,"housing_units":31810.0}}},{"type":"Feature","geometry":{"type":"MultiPolygon","coordinates":[[[[-73.93204,40.58423],[-73.9301,40.5845],[-73.9314,40.58608],[-73.92722,40.58478],[-73.92097,40.58458],[-73.91482,40.58628],[-73.91259,40.58557],[-73.91242,40.58339],[-73.91461,40.58276],[-73.9173,40.58319],[-73.91541,40.58236],[-73.9125,40.58308],[-73.91127,40.58226],[-73.91157,40.58178],[-73.91506,40.58154],[-73.92444,40.58356],[-73.92947,40.58342],[-73.93118,40.58272],[-73.93183,40.58292],[-73.93204,40.58423]]],[[[-73.92227,40.59836],[-73.92085,40.59954],[-73.91915,40.59961],[-73.91636,40.59824],[-73.91339,40.59474],[-73.91295,40.59205],[-73.91523,40.59158],[-73.91793,40.59477],[-73.92083,40.59633],[-73.92227,40.59836]]],[[[-73.93973,40.60713],[-73.93605,40.60951],[-73.93423,40.6079],[-73.93351,40.60834],[-73.92987,40.60507],[-73.92625,40.60741],[-73.92444,40.60579],[-73.92158,40.60764],[-73.92066,40.60675],[-73.91971,40.6073],[-73.88769,40.57806],[-73.89552,40.57677],[-73.89651,40.57901],[-73.89675,40.58319],[-73.89817,40.58537],[-73.89826,40.58679],[-73.89892,40.58754],[-73.89973,40.58717],[-73.89899,40.58763],[-73.89958,40.58799],[-73.90428,40.58691],[-73.90652,40.58803],[-73.90713,40.58753],[-73.90644,40.58703],[-73.91145,40.58606],[-73.91197,40.5867],[-73.91144,40.59114],[-73.91201,40.59431],[-73.91574,40.59921],[-73.9218,40.60175],[-73.92461,40.59971],[-73.92954,40.60275],[-73.92917,40.60387],[-73.93121,40.60382],[-73.93212,40.60269],[-73.93103,40.60167],[-73.9272,40.59991],[-73.92178,40.59503],[-73.92032,40.59472],[-73.91486,40.59029],[-73.91462,40.58875],[-73.91819,40.58661],[-73.92957,40.59682],[-73.92813,40.59778],[-73.93355,40.60269],[-73.93426,40.60223],[-73.93973,40.60713]]]]},"properties":{"shape_area":"43509119.9163","ntaname":"Marine Park-Plumb Island","cdtaname":"BK18 Canarsie-Flatlands (CD 18 Approximation)","shape_leng":"95715.5508412","boroname":"Brooklyn","ntatype":"9","nta2020":"BK1891","borocode":"3","countyfips":"047","ntaabbrev":"MrnPk_PIsl","cdta2020":"BK18","atlas_id":"BK1891","scalars":{"population":0.0,"housing_units":0.0}}},{"type":"Feature","geometry":{"type":"MultiPolygon","coordinates":[[[[-73.90419,40.61356],[-73.90347,40.61399],[-73.90213,40.61278],[-73.89856,40.61515],[-73.8981,40.61704],[-73.90199,40.62056],[-73.89977,40.62179],[-73.89692,40.62166],[-73.89561,40.6198],[-73.89664,40.61735],[-73.89585,40.6145],[-73.89244,40.61377],[-73.89095,40.61283],[-73.89394,40.61118],[-73.89189,40.61153],[-73.89108,40.61228],[-73.88979,40.61169],[-73.88975,40.61104],[-73.89227,40.60917],[-73.89335,40.60674],[-73.89856,40.60531],[-73.90014,40.6056],[-73.9011,40.60701],[-73.90028,40.61007],[-73.90137,40.6117],[-73.90249,40.61186],[-73.90133,40.61048],[-73.90419,40.61356]]]]},"properties":{"shape_area":"10589588.0494","ntaname":"McGuire Fields","cdtaname":"BK18 Canarsie-Flatlands (CD 18 Approximation)","shape_leng":"24718.5816775","boroname":"Brooklyn","ntatype":"9","nta2020":"BK1892","borocode":"3","countyfips":"047","ntaabbrev":"McGrFlds","cdta2020":"BK18","atlas_id":"BK1892","scalars":{"population":0.0,"housing_units":0.0,"jobs":282.0}}},{"type":"Feature","geometry":{"type":"MultiPolygon","coordinates":[[[[-73.90146,40.62523],[-73.89955,40.62747],[-73.89277,40.63181],[-73.89082,40.63085],[-73.89209,40.62866],[-73.89011,40.62898],[-73.88498,40.63171],[-73.88289,40.63344],[-73.88594,40.63623],[-73.88077,40.63958],[-73.87954,40.63822],[-73.87864,40.63829],[-73.87714,40.63598],[-73.87821,40.63457],[-73.88364,40.63094],[-73.88345,40.62991],[-73.88405,40.62956],[-73.88263,40.62827],[-73.88369,40.62756],[-73.88513,40.62883],[-73.88753,40.62833],[-73.89042,40.62628],[-73.89301,40.62336],[-73.89548,40.62249],[-73.90146,40.62523]]]]},"properties":{"shape_area":"11552048.4892","ntaname":"Canarsie Park & Pier","cdtaname":"BK18 Canarsie-Flatlands (CD 18 Approximation)","shape_leng":"24203.9926485","boroname":"Brooklyn","ntatype":"9","nta2020":"BK1893","borocode":"3","countyfips":"047","ntaabbrev":"CnrsiePk","cdta2020":"BK18","atlas_id":"BK1893","scalars":{"population":0.0,"housing_units":0.0,"jobs":16.0}}},{"type":"Feature","geometry":{"type":"MultiPolygon","coordinates":[[[[-73.98023,40.66099],[-73.97041,40.67265],[-73.96768,40.67289],[-73.96257,40.67162],[-73.96096,40.66329],[-73.96225,40.6632],[-73.96308,40.6622],[-73.96188,40.65488],[-73.96621,40.65319],[-73.96465,40.65089],[-73.9714,40.64826],[-73.97209,40.65066],[-73.97268,40.65093],[-73.97233,40.6514],[-73.97437,40.65819],[-73.98023,40.66099]]]]},"properties":{"shape_area":"27328147.6471","ntaname":"Prospect Park","cdtaname":"BK55 Prospect Park (JIA 55 Approximation)","shape_leng":"24199.6253408","boroname":"Brooklyn","ntatype":"9","nta2020":"BK5591","borocode":"3","countyfips":"047","ntaabbrev":"PrspctPk","cdta2020":"BK55","atlas_id":"BK5591","scalars":{"population":0.0,"housing_units":0.0,"jobs":60.0}}},{"type":"Feature","geometry":{"type":"MultiPolygon","coordinates":[[[[-73.91853,40.60611],[-73.91795,40.60621],[-73.91443,40.60286],[-73.91347,40.60291],[-73.9135,40.60237],[-73.913,40.60274],[-73.9133,40.60225],[-73.91274,40.60271],[-73.9131,40.60221],[-73.91158,40.60214],[-73.91256,40.60268],[-73.91076,40.60203],[-73.90904,40.60268],[-73.91073,40.60202],[-73.90909,40.60163],[-73.89933,40.60355],[-73.89566,40.60301],[-73.89241,40.6033],[-73.88773,40.60527],[-73.88396,40.60555],[-73.88272,40.60418],[-73.88333,40.60274],[-73.88084,40.59634],[-73.87991,40.59205],[-73.87941,40.5921],[-73.8799,40.59202],[-73.87971,40.5914],[-73.87897,40.5909],[-73.87879,40.58803],[-73.87672,40.58491],[-73.8797,40.58014],[-73.88207,40.57907],[-73.88769,40.57806],[-73.91853,40.60611]]]]},"properties":{"shape_area":"54676003.1164","ntaname":"Barren Island-Floyd Bennett Field","cdtaname":"BK56 Jamaica Bay (West) (JIA 56 Approximation)","shape_leng":"44394.1592881","boroname":"Brooklyn","ntatype":"9","nta2020":"BK5691","borocode":"3","countyfips":"047","ntaabbrev":"BrrnIsl","cdta2020":"BK56","atlas_id":"BK5691","scalars":{"population":20.0,"housing_units":12.0,"jobs":475.0}}},{"type":"Feature","geometry":{"type":"MultiPolygon","coordinates":[[[[-73.87116,40.58687],[-73.86981,40.58946],[-73.86635,40.59189],[-73.86327,40.59091],[-73.86125,40.58799],[-73.86167,40.58614],[-73.86327,40.58388],[-73.86773,40.58166],[-73.86896,40.58169],[-73.87035,40.58306],[-73.87116,40.58687]]],[[[-73.86953,40.59871],[-73.86967,40.59669],[-73.87021,40.59695],[-73.86953,40.59871]]],[[[-73.87108,40.5989],[-73.87049,40.6026],[-73.87019,40.599],[-73.87108,40.5989]]],[[[-73.86336,40.60032],[-73.86078,40.60261],[-73.85483,40.60187],[-73.85277,40.60095],[-73.85077,40.59884],[-73.85269,40.59717],[-73.85716,40.59604],[-73.86044,40.59647],[-73.86336,40.60032]]],[[[-73.86831,40.60314],[-73.86794,40.60396],[-73.86703,40.60417],[-73.86768,40.60307],[-73.86831,40.60314]]],[[[-73.84674,40.60485],[-73.84672,40.60484],[-73.84671,40.60483],[-73.84668,40.60482],[-73.84667,40.60481],[-73.84667,40.6048],[-73.84668,40.60479],[-73.84667,40.60478],[-73.84666,40.60478],[-73.84664,40.60477],[-73.84665,40.60476],[-73.84666,40.60476],[-73.84666,40.60475],[-73.84666,40.60474],[-73.84664,40.60473],[-73.84663,40.60472],[-73.84662,40.60472],[-73.84661,40.60472],[-73.8466,40.60472],[-73.84659,40.60471],[-73.84658,40.6047],[-73.84658,40.60469],[-73.84658,40.60468],[-73.84658,40.60467],[-73.84657,40.60466],[-73.84656,40.60465],[-73.84655,40.60465],[-73.84653,40.60465],[-73.84652,40.60464],[-73.84652,40.60463],[-73.84652,40.60462],[-73.84651,40.60461],[-73.8465,40.60461],[-73.8465,40.6046],[-73.8465,40.60458],[-73.84648,40.60456],[-73.84647,40.60455],[-73.84646,40.60454],[-73.84646,40.60453],[-73.84646,40.60452],[-73.84644,40.6045],[-73.84643,40.60449],[-73.84641,40.60448],[-73.84639,40.60448],[-73.84638,40.60448],[-73.84636,40.60449],[-73.84634,40.60449],[-73.84633,40.6045],[-73.8463,40.60452],[-73.84629,40.60453],[-73.84628,40.60454],[-73.84627,40.60454],[-73.84626,40.60455],[-73.84623,40.60455],[-73.84621,40.60456],[-73.84619,40.60456],[-73.84618,40.60456],[-73.84615,40.60456],[-73.84615,40.60457],[-73.84613,40.60457],[-73.84613,40.60456],[-73.84612,40.60456],[-73.8461,40.60456],[-73.84609,40.60455],[-73.84608,40.60454],[-73.84609,40.60454],[-73.8461,40.60452],[-73.84611,40.60451],[-73.84612,40.6045],[-73.84613,40.60449],[-73.84615,40.60448],[-73.84616,40.60446],[-73.84617,40.60445],[-73.84618,40.60442],[-73.84619,40.60441],[-73.8462,40.60439],[-73.84622,40.60438],[-73.84624,40.60437],[-73.84627,40.60437],[-73.8463,40.60436],[-73.84633,40.60435],[-73.84635,40.60434],[-73.84637,40.60433],[-73.84637,40.60432],[-73.84637,40.60431],[-73.8464,40.6043],[-73.84642,40.60429],[-73.84643,40.60428],[-73.84643,40.60426],[-73.84643,40.60424],[-73.84643,40.60423],[-73.84642,40.60421],[-73.84641,40.60419],[-73.84637,40.60422],[-73.84633,40.60424],[-73.84629,40.60426],[-73.84625,40.60428],[-73.84622,40.60428],[-73.84619,40.6043],[-73.84617,40.60431],[-73.84613,40.60431],[-73.84609,40.60431],[-73.84607,40.60431],[-73.84607,40.60434],[-73.84609,40.60436],[-73.84609,40.60439],[-73.84607,40.60441],[-73.84604,40.60443],[-73.84604,40.60445],[-73.84604,40.60447],[-73.84603,40.60449],[-73.84599,40.6045],[-73.84598,40.60453],[-73.84597,40.60456],[-73.84597,40.60459],[-73.84598,40.60462],[-73.84596,40.60465],[-73.84593,40.60467],[-73.84589,40.6047],[-73.84587,40.60471],[-73.84582,40.60473],[-73.8458,40.60476],[-73.84579,40.60477],[-73.84579,40.6048],[-73.84578,40.60482],[-73.84576,40.60482],[-73.84574,40.60481],[-73.84573,40.60481],[-73.84572,40.60482],[-73.84569,40.60481],[-73.84568,40.60479],[-73.84566,40.60477],[-73.84563,40.60477],[-73.8456,40.60475],[-73.84557,40.60473],[-73.84555,40.60473],[-73.84551,40.60472],[-73.84549,40.60471],[-73.84544,40.60471],[-73.84541,40.60472],[-73.84537,40.60474],[-73.84534,40.60476],[-73.84532,40.60478],[-73.84531,40.6048],[-73.8453,40.60482],[-73.84529,40.60484],[-73.84527,40.60485],[-73.84522,40.60485],[-73.8452,40.60484],[-73.84518,40.60482],[-73.84517,40.6048],[-73.84514,40.6048],[-73.84511,40.6048],[-73.84508,40.6048],[-73.84505,40.60479],[-73.84501,40.60477],[-73.84498,40.60475],[-73.84498,40.60477],[-73.84495,40.60477],[-73.84494,40.60474],[-73.84491,40.60473],[-73.84489,40.60472],[-73.8449,40.6047],[-73.84493,40.6047],[-73.84496,40.60471],[-73.84499,40.60473],[-73.84503,40.60474],[-73.84508,40.60475],[-73.84513,40.60476],[-73.84519,40.60476],[-73.84523,40.60477],[-73.84526,40.60475],[-73.84526,40.60473],[-73.84527,40.60471],[-73.84527,40.60468],[-73.84527,40.60466],[-73.84527,40.60464],[-73.84529,40.60463],[-73.84532,40.60465],[-73.84535,40.60465],[-73.84538,40.60463],[-73.84542,40.60465],[-73.84545,40.60465],[-73.84545,40.60463],[-73.84543,40.60462],[-73.84541,40.6046],[-73.84542,40.60459],[-73.84545,40.60458],[-73.84547,40.60456],[-73.8455,40.60456],[-73.84555,40.60456],[-73.84557,40.60454],[-73.84556,40.60452],[-73.84554,40.60451],[-73.84549,40.60451],[-73.84545,40.60453],[-73.84541,40.60452],[-73.84537,40.60453],[-73.84533,40.60455],[-73.8453,40.60457],[-73.84526,40.60457],[-73.84523,40.60454],[-73.84521,40.60451],[-73.84519,40.60447],[-73.84517,40.60448],[-73.84518,40.60452],[-73.84518,40.60455],[-73.84518,40.60459],[-73.84517,40.60462],[-73.84517,40.60465],[-73.84517,40.60467],[-73.84518,40.6047],[-73.84516,40.6047],[-73.84513,40.6047],[-73.84511,40.60469],[-73.8451,40.60471],[-73.84507,40.60471],[-73.84506,40.60471],[-73.84501,40.6047],[-73.84496,40.60469],[-73.84493,40.60469],[-73.84489,40.60469],[-73.84486,40.60469],[-73.84483,40.60469],[-73.84481,40.60472],[-73.8448,40.60475],[-73.84478,40.60478],[-73.84476,40.60479],[-73.84472,40.60479],[-73.84469,40.6048],[-73.84465,40.60482],[-73.84464,40.60482],[-73.84459,40.60482],[-73.84455,40.6048],[-73.84454,40.60478],[-73.8445,40.60475],[-73.84446,40.60471],[-73.84445,40.60469],[-73.84447,40.60468],[-73.8445,40.60468],[-73.84455,40.60468],[-73.8446,40.60468],[-73.84464,40.60469],[-73.84469,40.60469],[-73.84472,40.60468],[-73.84474,40.60467],[-73.84475,40.60464],[-73.84478,40.60464],[-73.84482,40.60462],[-73.84483,40.6046],[-73.84485,40.60459],[-73.84487,40.60456],[-73.84488,40.60454],[-73.84488,40.60452],[-73.8449,40.60449],[-73.8449,40.60446],[-73.84491,40.60444],[-73.84494,40.60442],[-73.84495,40.6044],[-73.84496,40.60438],[-73.84496,40.60435],[-73.84494,40.60433],[-73.84494,40.6043],[-73.84493,40.60427],[-73.84495,40.60425],[-73.84496,40.60422],[-73.84499,40.60419],[-73.84501,40.60417],[-73.84502,40.60414],[-73.84501,40.60412],[-73.84498,40.60412],[-73.84492,40.60412],[-73.8449,40.60411],[-73.84489,40.60408],[-73.84489,40.60404],[-73.84489,40.604],[-73.84488,40.60397],[-73.84488,40.60394],[-73.84488,40.6039],[-73.84488,40.60387],[-73.84488,40.60384],[-73.84489,40.60383],[-73.84492,40.60381],[-73.84491,40.60378],[-73.84489,40.60376],[-73.8449,40.60375],[-73.84491,40.60372],[-73.84492,40.60368],[-73.84495,40.60366],[-73.84498,40.60365],[-73.84501,40.60366],[-73.84504,40.60368],[-73.84505,40.60371],[-73.84507,40.60373],[-73.8451,40.60377],[-73.84512,40.60379],[-73.84514,40.60383],[-73.84518,40.60385],[-73.84522,40.60386],[-73.84524,40.60386],[-73.84528,40.60386],[-73.84532,40.60386],[-73.84538,40.60386],[-73.84542,40.60385],[-73.84545,40.60386],[-73.8455,40.60385],[-73.84552,40.60383],[-73.84552,40.60382],[-73.84551,40.60379],[-73.84552,40.60377],[-73.84553,40.60375],[-73.84551,40.60375],[-73.84548,40.60375],[-73.84544,40.60377],[-73.84541,40.60379],[-73.84536,40.6038],[-73.84531,40.60381],[-73.84526,40.60381],[-73.84521,40.60381],[-73.84517,40.60379],[-73.84516,40.60376],[-73.84515,40.60375],[-73.84515,40.60373],[-73.84518,40.60371],[-73.8452,40.6037],[-73.84521,40.60367],[-73.84524,40.60366],[-73.84526,40.60366],[-73.8453,40.60365],[-73.84535,40.60363],[-73.84537,40.60362],[-73.84539,40.6036],[-73.84541,40.60358],[-73.84544,40.60357],[-73.84547,40.60355],[-73.84548,40.60356],[-73.84549,40.60357],[-73.84551,40.60358],[-73.84552,40.60357],[-73.84553,40.60356],[-73.84553,40.60355],[-73.84554,40.60355],[-73.84557,40.60354],[-73.84559,40.60352],[-73.84562,40.60352],[-73.84565,40.60354],[-73.84564,40.60356],[-73.84564,40.60359],[-73.84563,40.60359],[-73.84561,40.6036],[-73.84563,40.60361],[-73.84565,40.60363],[-73.84564,40.60365],[-73.84568,40.60367],[-73.84571,40.60369],[-73.84575,40.60371],[-73.84578,40.60372],[-73.8458,40.60374],[-73.84583,40.60377],[-73.84585,40.6038],[-73.84588,40.6038],[-73.8459,40.60379],[-73.8459,40.60377],[-73.84592,40.60376],[-73.84594,40.60375],[-73.84596,40.60376],[-73.84598,40.60377],[-73.846,40.60379],[-73.84602,40.60381],[-73.84602,40.60384],[-73.846,40.60386],[-73.84599,40.60388],[-73.84599,40.6039],[-73.84602,40.60393],[-73.84602,40.60396],[-73.84602,40.60401],[-73.84602,40.60403],[-73.84602,40.60406],[-73.84605,40.60408],[-73.84609,40.60408],[-73.84611,40.60409],[-73.84614,40.60411],[-73.84616,40.60412],[-73.84618,40.60413],[-73.84619,40.60416],[-73.8462,40.60418],[-73.84622,40.60419],[-73.84625,40.60419],[-73.84628,40.60419],[-73.84632,40.60419],[-73.84633,40.60417],[-73.84633,40.60415],[-73.84627,40.60412],[-73.84627,40.60409],[-73.84627,40.60406],[-73.84629,40.60405],[-73.84633,40.60405],[-73.84634,40.60406],[-73.84635,40.60408],[-73.84637,40.60408],[-73.84641,40.60407],[-73.84644,40.60407],[-73.84647,40.60408],[-73.84649,40.6041],[-73.84652,40.60412],[-73.84654,40.60416],[-73.84657,40.60418],[-73.84661,40.60417],[-73.84667,40.60418],[-73.84666,40.6042],[-73.84662,40.60423],[-73.84661,40.60425],[-73.8466,40.60427],[-73.84662,40.60429],[-73.84663,40.60432],[-73.84661,40.60433],[-73.84658,40.60433],[-73.84655,40.60433],[-73.84652,40.60433],[-73.84648,40.60433],[-73.84645,40.60434],[-73.84644,40.60436],[-73.84641,40.60438],[-73.84639,40.6044],[-73.84638,40.60441],[-73.8464,40.60442],[-73.84644,40.60442],[-73.84648,40.60443],[-73.84651,40.60443],[-73.84655,40.60445],[-73.84657,40.60447],[-73.8466,40.60448],[-73.84662,40.60448],[-73.84664,40.6045],[-73.84665,40.60451],[-73.84664,40.60452],[-73.84663,40.60454],[-73.84663,40.60457],[-73.84665,40.60458],[-73.84666,40.60457],[-73.84669,40.60456],[-73.84672,40.60456],[-73.84674,40.60454],[-73.84676,40.60453],[-73.84678,40.60454],[-73.84681,40.60456],[-73.84683,40.60456],[-73.84684,40.60454],[-73.84685,40.60452],[-73.84687,40.60452],[-73.84691,40.60452],[-73.84695,40.60453],[-73.84698,40.60453],[-73.847,40.60454],[-73.84704,40.60453],[-73.84706,40.60454],[-73.84709,40.60455],[-73.84711,40.60457],[-73.84712,40.60459],[-73.84714,40.60461],[-73.84715,40.60459],[-73.84715,40.60457],[-73.84714,40.60454],[-73.84716,40.60455],[-73.84718,40.60457],[-73.84722,40.60459],[-73.84723,40.6046],[-73.84726,40.6046],[-73.84728,40.60459],[-73.84728,40.60458],[-73.84728,40.60457],[-73.8473,40.60457],[-73.84733,40.60456],[-73.84734,40.60454],[-73.84734,40.60452],[-73.84735,40.6045],[-73.84737,40.60448],[-73.84739,40.60447],[-73.84742,40.60446],[-73.84745,40.60446],[-73.84748,40.60447],[-73.8475,40.60449],[-73.84752,40.6045],[-73.84753,40.60452],[-73.84756,40.60453],[-73.84759,40.60454],[-73.84761,40.60455],[-73.84761,40.60457],[-73.84762,40.60459],[-73.84764,40.60461],[-73.84766,40.60462],[-73.84767,40.60464],[-73.8477,40.60466],[-73.84772,40.60466],[-73.84774,40.60464],[-73.84774,40.60463],[-73.84775,40.60461],[-73.84777,40.60462],[-73.8478,40.60465],[-73.84781,40.60466],[-73.84783,40.60467],[-73.84784,40.60469],[-73.84786,40.6047],[-73.84786,40.60472],[-73.84786,40.60473],[-73.84786,40.60476],[-73.84786,40.60477],[-73.84785,40.60479],[-73.84784,40.6048],[-73.84784,40.60483],[-73.84786,40.60484],[-73.84783,40.60486],[-73.84781,40.60487],[-73.84778,40.60489],[-73.84776,40.60491],[-73.84774,40.6049],[-73.84772,40.60489],[-73.84772,40.60488],[-73.84771,40.60486],[-73.84771,40.60485],[-73.8477,40.60483],[-73.8477,40.60482],[-73.84767,40.60481],[-73.84767,40.60482],[-73.84767,40.60485],[-73.84767,40.60486],[-73.84765,40.60487],[-73.84762,40.60487],[-73.84759,40.60487],[-73.84756,40.60486],[-73.84753,40.60486],[-73.84751,40.60485],[-73.84748,40.60485],[-73.84746,40.60484],[-73.84743,40.60485],[-73.84738,40.60485],[-73.84735,40.60485],[-73.8473,40.60486],[-73.84727,40.60486],[-73.84724,40.60487],[-73.84722,40.60487],[-73.8472,40.60488],[-73.84716,40.60488],[-73.84712,40.60488],[-73.8471,40.60487],[-73.8471,40.60485],[-73.84708,40.60485],[-73.84708,40.60486],[-73.84707,40.60488],[-73.84706,40.60489],[-73.84704,40.6049],[-73.847,40.60491],[-73.84697,40.60491],[-73.84695,40.60493],[-73.84694,40.60494],[-73.84693,40.60495],[-73.8469,40.60496],[-73.84684,40.60496],[-73.84684,40.60494],[-73.84684,40.60493],[-73.84683,40.60492],[-73.84681,40.60491],[-73.84678,40.6049],[-73.84675,40.6049],[-73.84674,40.60488],[-73.84674,40.60487],[-73.84674,40.60485]]],[[[-73.84828,40.60543],[-73.84827,40.60543],[-73.84826,40.60543],[-73.84825,40.60543],[-73.84824,40.60544],[-73.84822,40.60544],[-73.84821,40.60544],[-73.8482,40.60543],[-73.8482,40.60542],[-73.8482,40.60541],[-73.84821,40.60541],[-73.84821,40.6054],[-73.84821,40.60539],[-73.8482,40.60538],[-73.84818,40.60537],[-73.84817,40.60537],[-73.84815,40.60536],[-73.84813,40.60537],[-73.84813,40.60539],[-73.84811,40.6054],[-73.84809,40.6054],[-73.84806,40.6054],[-73.84804,40.6054],[-73.84802,40.6054],[-73.84801,40.60539],[-73.84801,40.60538],[-73.84799,40.60537],[-73.84798,40.60537],[-73.84797,40.60536],[-73.84795,40.60535],[-73.84794,40.60534],[-73.84792,40.60532],[-73.84791,40.60531],[-73.84789,40.60529],[-73.84787,40.60526],[-73.84787,40.60524],[-73.84787,40.60522],[-73.84787,40.60521],[-73.84786,40.6052],[-73.84785,40.60518],[-73.84784,40.60516],[-73.84784,40.60514],[-73.84785,40.60513],[-73.84784,40.60511],[-73.84784,40.6051],[-73.84784,40.60508],[-73.84785,40.60508],[-73.84789,40.60508],[-73.84791,40.60509],[-73.84792,40.60512],[-73.84793,40.60513],[-73.84796,40.60514],[-73.84799,40.60514],[-73.84799,40.60512],[-73.84798,40.60509],[-73.84801,40.60509],[-73.84804,40.60508],[-73.84809,40.60507],[-73.84814,40.60508],[-73.84816,40.6051],[-73.84818,40.60512],[-73.84821,40.60513],[-73.84825,40.60514],[-73.84827,40.60516],[-73.84829,40.60518],[-73.8483,40.60519],[-73.84827,40.60519],[-73.84825,40.6052],[-73.84825,40.60521],[-73.84826,40.60521],[-73.84826,40.60522],[-73.84825,40.60523],[-73.84825,40.60524],[-73.84824,40.60524],[-73.84824,40.60525],[-73.84826,40.60526],[-73.84827,40.60526],[-73.84828,40.60525],[-73.84829,40.60525],[-73.8483,40.60525],[-73.84831,40.60526],[-73.84831,40.60528],[-73.84832,40.60529],[-73.84831,40.6053],[-73.84832,40.6053],[-73.84833,40.6053],[-73.84835,40.6053],[-73.84836,40.60531],[-73.84836,40.60532],[-73.84835,40.60533],[-73.84835,40.60534],[-73.84834,40.60535],[-73.84835,40.60536],[-73.84835,40.60537],[-73.84834,40.60538],[-73.84833,40.60537],[-73.84832,40.60538],[-73.84831,40.60539],[-73.84832,40.6054],[-73.84833,40.6054],[-73.84834,40.60541],[-73.84835,40.60541],[-73.84835,40.60542],[-73.84836,40.60543],[-73.84836,40.60544],[-73.84835,40.60544],[-73.84834,40.60544],[-73.84832,40.60544],[-73.8483,40.60544],[-73.84829,40.60543],[-73.84828,40.60543]]],[[[-73.8484,40.60592],[-73.84841,40.60592],[-73.84843,40.60591],[-73.84843,40.6059],[-73.84842,40.6059],[-73.84841,40.60589],[-73.84841,40.60588],[-73.84839,40.60588],[-73.84838,40.60589],[-73.84837,40.60589],[-73.84836,40.6059],[-73.84835,40.6059],[-73.84834,40.60589],[-73.84834,40.60588],[-73.84833,40.60588],[-73.84832,40.60587],[-73.84832,40.60586],[-73.84832,40.60585],[-73.84831,40.60586],[-73.8483,40.60585],[-73.84829,40.60585],[-73.84829,40.60584],[-73.84828,40.60584],[-73.84827,40.60583],[-73.84827,40.60582],[-73.84827,40.60581],[-73.84826,40.6058],[-73.84825,40.6058],[-73.84825,40.60579],[-73.84826,40.60578],[-73.84827,40.60578],[-73.84828,40.60577],[-73.84829,40.60577],[-73.84829,40.60578],[-73.84831,40.60579],[-73.84832,40.60579],[-73.84834,40.60579],[-73.84835,40.60579],[-73.84836,40.6058],[-73.84838,40.60579],[-73.84839,40.60579],[-73.84839,40.6058],[-73.84839,40.60581],[-73.8484,40.60582],[-73.84841,40.60583],[-73.84842,40.60583],[-73.84842,40.60584],[-73.84841,40.60584],[-73.8484,40.60584],[-73.84841,40.60586],[-73.84842,40.60586],[-73.84844,40.60586],[-73.84847,40.60587],[-73.84848,40.60587],[-73.84848,40.60586],[-73.84848,40.60585],[-73.84849,40.60585],[-73.8485,40.60584],[-73.84851,40.60583],[-73.84851,40.60582],[-73.84851,40.6058],[-73.8485,40.60579],[-73.84851,40.60579],[-73.84852,40.60579],[-73.84853,40.60579],[-73.84854,40.60579],[-73.84855,40.60579],[-73.84857,40.60578],[-73.84859,40.60578],[-73.8486,40.6058],[-73.84859,40.60581],[-73.84859,40.60583],[-73.84858,40.60584],[-73.84856,40.60584],[-73.84855,40.60585],[-73.84854,40.60586],[-73.84855,40.60587],[-73.84856,40.60587],[-73.84857,40.60587],[-73.84857,40.60586],[-73.84858,40.60587],[-73.84858,40.60588],[-73.84858,40.60589],[-73.84858,40.6059],[-73.84858,40.60591],[-73.84859,40.60592],[-73.84861,40.60592],[-73.84862,40.60591],[-73.84864,40.6059],[-73.84865,40.6059],[-73.84867,40.60589],[-73.84868,40.60588],[-73.84867,40.60588],[-73.84867,40.60587],[-73.84868,40.60587],[-73.84869,40.60587],[-73.8487,40.60587],[-73.84872,40.60588],[-73.84872,40.60589],[-73.8487,40.6059],[-73.84867,40.60592],[-73.84864,40.60594],[-73.84859,40.60595],[-73.84854,40.60596],[-73.84851,40.60596],[-73.84847,40.60596],[-73.84844,40.60596],[-73.84841,40.60594],[-73.8484,40.60593],[-73.8484,40.60592]]],[[[-73.83446,40.60719],[-73.83574,40.60579],[-73.83533,40.60685],[-73.83528,40.60691],[-73.83523,40.60695],[-73.83517,40.607],[-73.83511,40.60704],[-73.83504,40.60708],[-73.83497,40.60711],[-73.83489,40.60714],[-73.83484,40.60718],[-73.83479,40.60722],[-73.83475,40.60726],[-73.83471,40.60731],[-73.8347,40.60733],[-73.83469,40.60734],[-73.83469,40.60735],[-73.83469,40.60737],[-73.8347,40.60738],[-73.8347,40.6074],[-73.83471,40.60741],[-73.83473,40.60742],[-73.83472,40.60746],[-73.83471,40.6075],[-73.83469,40.60753],[-73.83466,40.60757],[-73.83463,40.6076],[-73.83459,40.60762],[-73.83454,40.60766],[-73.8345,40.6077],[-73.83447,40.60775],[-73.83444,40.6078],[-73.83442,40.60782],[-73.8344,40.60784],[-73.83437,40.60785],[-73.83446,40.60719]]],[[[-73.86874,40.60704],[-73.86868,40.60824],[-73.86702,40.60807],[-73.86874,40.60704]]],[[[-73.873,40.61056],[-73.87104,40.60972],[-73.86966,40.60654],[-73.87109,40.60469],[-73.87106,40.60629],[-73.87246,40.60819],[-73.873,40.61056]]],[[[-73.8566,40.61083],[-73.85542,40.61012],[-73.85196,40.61024],[-73.85265,40.61117],[-73.85172,40.61095],[-73.85174,40.61157],[-73.85106,40.61147],[-73.85048,40.61234],[-73.84967,40.61211],[-73.8495,40.61032],[-73.85009,40.61016],[-73.84942,40.60982],[-73.85135,40.60927],[-73.85324,40.60773],[-73.85446,40.6079],[-73.85361,40.60728],[-73.85442,40.60717],[-73.85507,40.60746],[-73.85464,40.60769],[-73.85555,40.60898],[-73.85525,40.60954],[-73.85595,40.60954],[-73.8566,40.61083]]],[[[-73.84473,40.61397],[-73.84472,40.61395],[-73.84471,40.61395],[-73.84469,40.61395],[-73.84467,40.61394],[-73.84466,40.61393],[-73.84465,40.61393],[-73.84463,40.61391],[-73.84463,40.6139],[-73.84461,40.6139],[-73.84459,40.6139],[-73.84458,40.6139],[-73.84456,40.61388],[-73.84453,40.61388],[-73.84451,40.61387],[-73.84448,40.61387],[-73.84445,40.61387],[-73.84444,40.61386],[-73.84441,40.61385],[-73.84439,40.61384],[-73.84437,40.61383],[-73.84436,40.61383],[-73.84435,40.61382],[-73.84433,40.61381],[-73.84431,40.6138],[-73.84429,40.6138],[-73.84428,40.61379],[-73.84426,40.61379],[-73.84424,40.61378],[-73.84423,40.61377],[-73.84421,40.61375],[-73.84421,40.61374],[-73.8442,40.61373],[-73.84417,40.61373],[-73.84414,40.61374],[-73.84413,40.61376],[-73.84411,40.61377],[-73.84409,40.61377],[-73.84407,40.61377],[-73.84405,40.61377],[-73.84404,40.61376],[-73.84403,40.61375],[-73.844,40.61376],[-73.84398,40.61376],[-73.84395,40.61375],[-73.84393,40.61375],[-73.84392,40.61373],[-73.84391,40.61373],[-73.84389,40.61373],[-73.84386,40.61372],[-73.84385,40.61372],[-73.84385,40.61373],[-73.84384,40.61374],[-73.84382,40.61373],[-73.8438,40.61371],[-73.84379,40.6137],[-73.84376,40.6137],[-73.84375,40.61372],[-73.84374,40.61373],[-73.84371,40.61372],[-73.84368,40.61371],[-73.84366,40.6137],[-73.84363,40.61368],[-73.8436,40.61367],[-73.84357,40.61367],[-73.84356,40.61366],[-73.84353,40.61363],[-73.8435,40.61361],[-73.84348,40.61358],[-73.84347,40.61356],[-73.84348,40.61353],[-73.84351,40.6135],[-73.84355,40.6135],[-73.84358,40.61349],[-73.8436,40.61347],[-73.8436,40.61346],[-73.84366,40.61343],[-73.84368,40.61341],[-73.84369,40.61337],[-73.84365,40.61333],[-73.84364,40.6133],[-73.84364,40.61326],[-73.84364,40.61323],[-73.8436,40.61319],[-73.84359,40.61314],[-73.84356,40.61307],[-73.84349,40.61302],[-73.84343,40.61297],[-73.84264,40.61317],[-73.84214,40.61278],[-73.84204,40.61269],[-73.84195,40.61268],[-73.84189,40.61269],[-73.84184,40.61269],[-73.84178,40.61265],[-73.84171,40.61259],[-73.84167,40.61253],[-73.84161,40.6125],[-73.84158,40.61245],[-73.84158,40.6124],[-73.84156,40.61236],[-73.84151,40.61232],[-73.84152,40.61228],[-73.84151,40.61221],[-73.84152,40.61214],[-73.84157,40.61208],[-73.84157,40.61202],[-73.84157,40.61198],[-73.84158,40.61194],[-73.84158,40.61189],[-73.8416,40.61185],[-73.84158,40.61183],[-73.84149,40.61182],[-73.84141,40.61184],[-73.84133,40.61184],[-73.84126,40.6118],[-73.84114,40.61169],[-73.84102,40.61161],[-73.84094,40.6116],[-73.84091,40.61164],[-73.84084,40.61165],[-73.84078,40.61165],[-73.84071,40.61163],[-73.84068,40.61155],[-73.84067,40.61145],[-73.84063,40.61149],[-73.8406,40.61162],[-73.8406,40.61165],[-73.84059,40.61174],[-73.84046,40.6119],[-73.84034,40.61204],[-73.84015,40.61218],[-73.83997,40.61228],[-73.8398,40.61236],[-73.83955,40.61243],[-73.83932,40.61247],[-73.83911,40.61247],[-73.83894,40.61237],[-73.83886,40.61225],[-73.83882,40.6121],[-73.83877,40.61199],[-73.83871,40.61199],[-73.83873,40.61207],[-73.83876,40.6122],[-73.83882,40.6123],[-73.83884,40.6124],[-73.83888,40.61252],[-73.83887,40.61262],[-73.83883,40.61271],[-73.8388,40.6128],[-73.83869,40.61289],[-73.83858,40.61294],[-73.83843,40.61302],[-73.83818,40.61308],[-73.83798,40.6131],[-73.83784,40.6131],[-73.83771,40.61308],[-73.83738,40.61301],[-73.83708,40.61288],[-73.83678,40.61272],[-73.83654,40.61256],[-73.83636,40.61242],[-73.83627,40.61232],[-73.83624,40.61227],[-73.83623,40.61219],[-73.83636,40.61195],[-73.83653,40.61172],[-73.83665,40.61151],[-73.83679,40.61132],[-73.83697,40.61111],[-73.83711,40.61108],[-73.8372,40.61106],[-73.83735,40.61103],[-73.83741,40.61096],[-73.83748,40.61091],[-73.83752,40.61086],[-73.83753,40.61077],[-73.8375,40.6107],[-73.83749,40.61062],[-73.83749,40.61053],[-73.83748,40.61038],[-73.83746,40.61016],[-73.83756,40.61008],[-73.83768,40.61007],[-73.83781,40.61005],[-73.83789,40.60994],[-73.83793,40.60975],[-73.83799,40.6097],[-73.83803,40.6096],[-73.83812,40.60948],[-73.83818,40.6095],[-73.83826,40.60952],[-73.83832,40.60951],[-73.83844,40.60935],[-73.83852,40.60924],[-73.83852,40.60913],[-73.83864,40.60896],[-73.83866,40.6088],[-73.83866,40.60874],[-73.83868,40.6086],[-73.83872,40.60849],[-73.83873,40.60842],[-73.83873,40.6083],[-73.83876,40.60815],[-73.83877,40.60807],[-73.83884,40.608],[-73.83887,40.60791],[-73.83898,40.60786],[-73.83901,40.6079],[-73.83899,40.60798],[-73.83897,40.60805],[-73.83897,40.60814],[-73.83898,40.60822],[-73.83901,40.60828],[-73.8391,40.60831],[-73.83919,40.60829],[-73.83929,40.60823],[-73.8394,40.60816],[-73.83949,40.6081],[-73.8396,40.60806],[-73.83966,40.60815],[-73.83969,40.60819],[-73.83972,40.60824],[-73.83978,40.60828],[-73.83985,40.60828],[-73.83993,40.60824],[-73.84,40.60821],[-73.84004,40.60823],[-73.84007,40.60831],[-73.84008,40.60841],[-73.84002,40.60846],[-73.84004,40.60853],[-73.84007,40.6086],[-73.84015,40.60863],[-73.84017,40.6087],[-73.84009,40.60876],[-73.84006,40.60883],[-73.84007,40.60891],[-73.8401,40.60896],[-73.84014,40.60896],[-73.84013,40.60889],[-73.84017,40.6088],[-73.84024,40.60871],[-73.84032,40.60865],[-73.84043,40.60858],[-73.8405,40.60856],[-73.84052,40.60848],[-73.84053,40.60838],[-73.84048,40.60832],[-73.84043,40.60827],[-73.84036,40.60825],[-73.84022,40.60824],[-73.84015,40.60822],[-73.84014,40.60818],[-73.84011,40.60811],[-73.84007,40.60805],[-73.84001,40.60804],[-73.8399,40.60803],[-73.83984,40.608],[-73.83976,40.6079],[-73.83968,40.60783],[-73.83958,40.60781],[-73.83947,40.60781],[-73.83943,40.60775],[-73.8394,40.6077],[-73.83937,40.60765],[-73.83936,40.60761],[-73.83941,40.60758],[-73.83947,40.6076],[-73.83953,40.6076],[-73.83963,40.60758],[-73.83978,40.60757],[-73.83988,40.60757],[-73.83999,40.60754],[-73.84002,40.60746],[-73.83994,40.60739],[-73.84003,40.60733],[-73.84015,40.60729],[-73.84022,40.60721],[-73.84034,40.60715],[-73.84041,40.60708],[-73.84042,40.60702],[-73.84051,40.60696],[-73.84067,40.60696],[-73.84076,40.607],[-73.84084,40.60703],[-73.84101,40.60703],[-73.84122,40.60695],[-73.84131,40.60687],[-73.84136,40.60679],[-73.84139,40.60669],[-73.84139,40.60656],[-73.84141,40.60644],[-73.84133,40.60633],[-73.84127,40.60625],[-73.84117,40.60622],[-73.84113,40.60617],[-73.84104,40.6061],[-73.84097,40.60608],[-73.84087,40.60611],[-73.84081,40.60614],[-73.84077,40.60618],[-73.84071,40.60619],[-73.84065,40.60624],[-73.84061,40.60627],[-73.84057,40.60624],[-73.84058,40.6062],[-73.84062,40.60616],[-73.84062,40.60611],[-73.84061,40.60607],[-73.84058,40.60607],[-73.84058,40.60613],[-73.84056,40.60617],[-73.84051,40.60621],[-73.84046,40.60621],[-73.84042,40.60619],[-73.84042,40.60615],[-73.84042,40.6061],[-73.84042,40.60605],[-73.84042,40.60603],[-73.84045,40.60599],[-73.84053,40.60598],[-73.84053,40.60594],[-73.8405,40.60591],[-73.84045,40.60588],[-73.84042,40.60582],[-73.84042,40.60577],[-73.84044,40.60571],[-73.84044,40.60564],[-73.84046,40.60557],[-73.84054,40.60549],[-73.84058,40.60544],[-73.8406,40.6054],[-73.84063,40.60541],[-73.84065,40.60543],[-73.84065,40.60549],[-73.84067,40.60554],[-73.84071,40.6056],[-73.84075,40.60564],[-73.84079,40.60564],[-73.84099,40.60562],[-73.84111,40.60553],[-73.84123,40.60553],[-73.84124,40.60549],[-73.84128,40.60539],[-73.84127,40.60534],[-73.84118,40.60535],[-73.84107,40.60531],[-73.84106,40.60521],[-73.8411,40.60516],[-73.8412,40.60512],[-73.84128,40.60512],[-73.84134,40.60509],[-73.84132,40.60502],[-73.84121,40.60496],[-73.84116,40.6049],[-73.84115,40.60481],[-73.84112,40.60476],[-73.84113,40.60469],[-73.84127,40.60469],[-73.84135,40.60465],[-73.84138,40.60457],[-73.84149,40.6045],[-73.84158,40.60448],[-73.84165,40.60455],[-73.84171,40.60463],[-73.84173,40.60471],[-73.84186,40.60479],[-73.84195,40.60478],[-73.84203,40.6047],[-73.84207,40.60464],[-73.84218,40.60462],[-73.84221,40.60452],[-73.84235,40.60444],[-73.84251,40.60444],[-73.84264,40.60444],[-73.84276,40.60447],[-73.84281,40.60437],[-73.84289,40.60427],[-73.84296,40.60421],[-73.84305,40.60422],[-73.84316,40.6043],[-73.84327,40.60442],[-73.84336,40.60436],[-73.8436,40.6043],[-73.84356,40.60417],[-73.84363,40.60416],[-73.84383,40.60418],[-73.84397,40.6041],[-73.84418,40.60413],[-73.84431,40.60416],[-73.84443,40.60416],[-73.84453,40.60432],[-73.84449,40.60436],[-73.84443,40.60437],[-73.84438,40.6044],[-73.84433,40.6044],[-73.84425,40.60439],[-73.84415,40.60435],[-73.84404,40.60434],[-73.84392,40.60434],[-73.84379,40.60436],[-73.84369,40.60438],[-73.84362,40.6044],[-73.84354,40.60445],[-73.84347,40.60452],[-73.84343,40.60461],[-73.84339,40.60468],[-73.84329,40.60469],[-73.84316,40.60466],[-73.84308,40.60462],[-73.84294,40.60462],[-73.84286,40.60463],[-73.84276,40.60463],[-73.84271,40.60464],[-73.84264,40.60468],[-73.84263,40.60473],[-73.84264,40.6048],[-73.84265,40.60486],[-73.84266,40.6049],[-73.84269,40.60497],[-73.84271,40.60503],[-73.84267,40.60508],[-73.84262,40.60504],[-73.84258,40.60499],[-73.84251,40.60493],[-73.8425,40.60486],[-73.84244,40.60484],[-73.84239,40.60488],[-73.8423,40.60492],[-73.84222,40.60494],[-73.8421,40.60494],[-73.84203,40.6049],[-73.84195,40.6049],[-73.84194,40.60493],[-73.84197,40.60499],[-73.84201,40.60505],[-73.84206,40.60506],[-73.84215,40.60508],[-73.84221,40.60513],[-73.84223,40.60519],[-73.84227,40.60523],[-73.84236,40.60527],[-73.84243,40.60529],[-73.84254,40.60528],[-73.84262,40.60527],[-73.84273,40.60526],[-73.84281,40.60525],[-73.8428,40.60518],[-73.8428,40.60512],[-73.84292,40.60511],[-73.84297,40.60507],[-73.84296,40.60503],[-73.84288,40.605],[-73.84284,40.60497],[-73.84281,40.6049],[-73.8428,40.60482],[-73.84276,40.60475],[-73.84282,40.60473],[-73.84287,40.60472],[-73.84292,40.60475],[-73.84298,40.60477],[-73.84303,40.60479],[-73.84307,40.6048],[-73.84314,40.60481],[-73.84319,40.60484],[-73.8432,40.60489],[-73.84323,40.60494],[-73.84324,40.60501],[-73.84323,40.60506],[-73.84324,40.60511],[-73.8433,40.60515],[-73.84335,40.60518],[-73.84332,40.60513],[-73.84329,40.60509],[-73.84329,40.60505],[-73.84333,40.60501],[-73.84338,40.60499],[-73.84342,40.60502],[-73.84344,40.60507],[-73.84343,40.60514],[-73.84345,40.60516],[-73.8435,40.60519],[-73.84354,40.60521],[-73.8436,40.60522],[-73.84365,40.60526],[-73.84369,40.6053],[-73.84369,40.60536],[-73.84371,40.60541],[-73.84371,40.60542],[-73.84375,40.60544],[-73.84379,40.60542],[-73.84382,40.60543],[-73.84379,40.60547],[-73.84373,40.60549],[-73.84367,40.60553],[-73.84366,40.60555],[-73.84365,40.60559],[-73.84365,40.60564],[-73.84364,40.60568],[-73.84365,40.60573],[-73.84361,40.60577],[-73.84357,40.6058],[-73.84357,40.60585],[-73.8436,40.60589],[-73.84365,40.60593],[-73.84369,40.60596],[-73.84372,40.60601],[-73.84375,40.60604],[-73.84378,40.60609],[-73.84372,40.60611],[-73.8437,40.60616],[-73.84372,40.60619],[-73.84373,40.60622],[-73.84375,40.60626],[-73.84375,40.60629],[-73.84377,40.60633],[-73.8438,40.60636],[-73.84383,40.60638],[-73.84388,40.60639],[-73.8439,40.60642],[-73.84391,40.60637],[-73.84389,40.60633],[-73.84392,40.60631],[-73.84391,40.60628],[-73.8439,40.60624],[-73.84388,40.60618],[-73.84391,40.60614],[-73.84387,40.60608],[-73.84387,40.60604],[-73.84392,40.60604],[-73.84394,40.60598],[-73.84389,40.60596],[-73.84386,40.60596],[-73.84382,40.60593],[-73.84381,40.60589],[-73.84383,40.60586],[-73.84378,40.60586],[-73.84372,40.60586],[-73.84371,40.60582],[-73.84372,40.60579],[-73.84375,40.60576],[-73.84381,40.60572],[-73.84385,40.60569],[-73.84383,40.60565],[-73.84385,40.60561],[-73.84393,40.60561],[-73.84399,40.6056],[-73.84402,40.60556],[-73.84405,40.60551],[-73.84405,40.60545],[-73.84399,40.60539],[-73.84395,40.60536],[-73.84393,40.60534],[-73.84388,40.60533],[-73.84388,40.6053],[-73.84391,40.60524],[-73.84387,40.60522],[-73.84381,40.6052],[-73.84376,40.60517],[-73.84371,40.60513],[-73.84365,40.60511],[-73.84362,40.60506],[-73.84364,40.60503],[-73.84365,40.60499],[-73.84366,40.60495],[-73.84362,40.60491],[-73.84361,40.60487],[-73.84361,40.60483],[-73.84361,40.60478],[-73.84361,40.60475],[-73.84361,40.6047],[-73.84363,40.60465],[-73.84365,40.60462],[-73.84367,40.60455],[-73.84374,40.60453],[-73.8438,40.6045],[-73.8439,40.60452],[-73.84399,40.60455],[-73.84407,40.60456],[-73.84412,40.60461],[-73.84414,40.60468],[-73.84416,40.60472],[-73.8442,40.60475],[-73.84426,40.6048],[-73.84433,40.60485],[-73.84438,40.60489],[-73.84446,40.60495],[-73.84452,40.60496],[-73.84457,40.60499],[-73.84461,40.60504],[-73.84455,40.60508],[-73.84453,40.60512],[-73.84454,40.60517],[-73.84455,40.60521],[-73.84452,40.60524],[-73.84453,40.60528],[-73.84455,40.60531],[-73.8446,40.60534],[-73.84465,40.60538],[-73.84467,40.60542],[-73.84462,40.60548],[-73.8446,40.60552],[-73.84461,40.60557],[-73.84467,40.60562],[-73.8447,40.60567],[-73.84472,40.60573],[-73.84468,40.60577],[-73.84463,40.60583],[-73.84459,40.60589],[-73.84459,40.60594],[-73.84456,40.60601],[-73.8446,40.60606],[-73.84465,40.6061],[-73.84469,40.60611],[-73.84469,40.60615],[-73.84465,40.60617],[-73.84458,40.60615],[-73.84454,40.60612],[-73.84449,40.60607],[-73.84446,40.60601],[-73.84445,40.60593],[-73.84445,40.60591],[-73.84439,40.60591],[-73.84433,40.60587],[-73.84433,40.60581],[-73.84425,40.60582],[-73.84419,40.60582],[-73.84412,40.60585],[-73.84411,40.60589],[-73.84412,40.60596],[-73.84412,40.60601],[-73.84412,40.60606],[-73.84415,40.60611],[-73.84418,40.60608],[-73.84427,40.60605],[-73.8443,40.6061],[-73.8443,40.60616],[-73.84433,40.60619],[-73.84433,40.60623],[-73.84434,40.6063],[-73.84437,40.60637],[-73.8444,40.60643],[-73.84445,40.60649],[-73.8445,40.60653],[-73.84452,40.60658],[-73.84458,40.6066],[-73.84465,40.60657],[-73.84467,40.60653],[-73.84469,40.60648],[-73.84469,40.60643],[-73.84465,40.6064],[-73.84462,40.60636],[-73.84462,40.60633],[-73.84469,40.60634],[-73.84473,40.60637],[-73.84478,40.60635],[-73.84481,40.60632],[-73.84486,40.60626],[-73.8449,40.60624],[-73.84495,40.60621],[-73.84507,40.60622],[-73.84516,40.60625],[-73.84521,40.60628],[-73.84528,40.6063],[-73.8453,40.60627],[-73.8453,40.60623],[-73.84528,40.60617],[-73.84531,40.60611],[-73.84532,40.60606],[-73.84531,40.60602],[-73.8453,40.60597],[-73.84526,40.60592],[-73.84523,40.60589],[-73.84519,40.60584],[-73.84515,40.60586],[-73.8451,40.60588],[-73.84505,40.60586],[-73.84507,40.60581],[-73.84508,40.60577],[-73.84509,40.60573],[-73.8451,40.60572],[-73.84516,40.60573],[-73.84521,40.60575],[-73.84526,40.60578],[-73.84532,40.60578],[-73.84539,40.60577],[-73.84539,40.60575],[-73.84539,40.60571],[-73.84536,40.60568],[-73.8453,40.60565],[-73.84524,40.60561],[-73.84519,40.60562],[-73.84514,40.60563],[-73.84508,40.60563],[-73.84506,40.6056],[-73.84505,40.60556],[-73.84505,40.60553],[-73.84508,40.60553],[-73.84514,40.60553],[-73.84521,40.60554],[-73.84529,40.60551],[-73.84531,40.60547],[-73.84531,40.60543],[-73.84531,40.60539],[-73.84528,40.60535],[-73.84519,40.60532],[-73.84509,40.6053],[-73.84498,40.60527],[-73.84495,40.60523],[-73.84491,40.60517],[-73.84491,40.60512],[-73.84492,40.60507],[-73.84494,40.60503],[-73.84501,40.60503],[-73.84507,40.60503],[-73.84511,40.60505],[-73.84515,40.60507],[-73.84517,40.6051],[-73.84521,40.60511],[-73.84524,40.60513],[-73.84529,40.60515],[-73.84535,40.60515],[-73.8454,40.60515],[-73.84544,40.60515],[-73.8455,40.60513],[-73.84552,40.60511],[-73.84553,40.60509],[-73.84552,40.60507],[-73.84554,40.60504],[-73.84555,40.60502],[-73.8456,40.60501],[-73.84562,40.60503],[-73.84565,40.60504],[-73.84566,40.60507],[-73.84567,40.6051],[-73.8457,40.60512],[-73.84575,40.60513],[-73.84578,40.60514],[-73.84582,40.60516],[-73.84585,40.60515],[-73.84589,40.60513],[-73.84591,40.60512],[-73.84594,40.60509],[-73.84599,40.60507],[-73.84604,40.60506],[-73.84605,40.60504],[-73.84604,40.60501],[-73.84603,40.60499],[-73.84605,40.60496],[-73.84606,40.60495],[-73.84605,40.60494],[-73.84605,40.60492],[-73.84603,40.60492],[-73.84602,40.6049],[-73.84605,40.60488],[-73.84608,40.60485],[-73.84609,40.60483],[-73.8461,40.6048],[-73.84609,40.60478],[-73.84607,40.60476],[-73.8461,40.60474],[-73.84613,40.60475],[-73.84614,40.60478],[-73.84619,40.60478],[-73.84622,40.60479],[-73.84627,40.60478],[-73.84628,40.60477],[-73.84626,40.60475],[-73.84626,40.60473],[-73.84627,40.60471],[-73.8463,40.60473],[-73.84632,40.60475],[-73.84634,40.60476],[-73.84635,40.60479],[-73.84636,40.60481],[-73.84637,40.60482],[-73.84639,40.60484],[-73.84641,40.60485],[-73.84641,40.60487],[-73.84643,40.60489],[-73.84646,40.60491],[-73.84651,40.60495],[-73.84654,40.60496],[-73.84657,40.605],[-73.84663,40.60503],[-73.84668,40.60506],[-73.84671,40.60508],[-73.84675,40.6051],[-73.84679,40.6051],[-73.84683,40.6051],[-73.84688,40.6051],[-73.84693,40.60509],[-73.84695,40.60509],[-73.84698,40.60509],[-73.847,40.6051],[-73.84702,40.60511],[-73.84704,40.60512],[-73.84706,40.60512],[-73.84709,40.60513],[-73.8471,40.60513],[-73.84711,40.60513],[-73.84713,40.60512],[-73.84714,40.60511],[-73.84716,40.6051],[-73.84719,40.6051],[-73.8472,40.60511],[-73.84723,40.6051],[-73.84726,40.6051],[-73.84728,40.6051],[-73.8473,40.60509],[-73.84732,40.60508],[-73.84735,40.60508],[-73.84737,40.60508],[-73.84741,40.60508],[-73.84745,40.60508],[-73.84747,40.60508],[-73.84748,40.6051],[-73.84749,40.60513],[-73.84748,40.60515],[-73.84747,40.60516],[-73.84746,40.60517],[-73.84747,40.6052],[-73.84747,40.60524],[-73.84748,40.60526],[-73.84748,40.60529],[-73.84748,40.6053],[-73.84749,40.60531],[-73.84749,40.60533],[-73.84749,40.60537],[-73.84749,40.60541],[-73.84749,40.60544],[-73.84749,40.60546],[-73.84748,40.60548],[-73.84745,40.60548],[-73.84745,40.60549],[-73.84746,40.60552],[-73.84746,40.60555],[-73.84744,40.6056],[-73.84743,40.60567],[-73.84741,40.60568],[-73.84737,40.60569],[-73.84735,40.6057],[-73.8473,40.6057],[-73.84727,40.60568],[-73.84724,40.60567],[-73.84722,40.60568],[-73.84719,40.60568],[-73.84718,40.6057],[-73.84717,40.60572],[-73.84716,40.60576],[-73.84719,40.60577],[-73.84724,40.60577],[-73.84728,40.60578],[-73.84729,40.6058],[-73.84727,40.60582],[-73.84722,40.60584],[-73.84718,40.60585],[-73.84711,40.60587],[-73.84706,40.60588],[-73.847,40.60589],[-73.84693,40.60591],[-73.84687,40.60594],[-73.84685,40.60597],[-73.84683,40.606],[-73.84679,40.60601],[-73.84674,40.60603],[-73.84671,40.60604],[-73.84667,40.60604],[-73.84664,40.60602],[-73.84665,40.606],[-73.84667,40.60598],[-73.84669,40.60597],[-73.84672,40.60595],[-73.84674,40.60593],[-73.84676,40.60592],[-73.84676,40.6059],[-73.84677,40.60588],[-73.84678,40.60587],[-73.84679,40.60586],[-73.84681,40.60585],[-73.84683,40.60583],[-73.84683,40.60581],[-73.84683,40.6058],[-73.84681,40.60579],[-73.84677,40.60581],[-73.84675,40.60583],[-73.84675,40.60585],[-73.84673,40.60588],[-73.84672,40.6059],[-73.8467,40.6059],[-73.84666,40.60589],[-73.84663,40.60586],[-73.84658,40.60583],[-73.84657,40.60584],[-73.84659,40.60586],[-73.84661,40.60588],[-73.84662,40.6059],[-73.84665,40.60592],[-73.84662,40.60594],[-73.84659,40.60595],[-73.84659,40.60598],[-73.84659,40.606],[-73.84658,40.60602],[-73.8466,40.60604],[-73.84662,40.60605],[-73.84664,40.60606],[-73.84663,40.60608],[-73.84661,40.60609],[-73.84658,40.60611],[-73.84654,40.60611],[-73.84651,40.6061],[-73.84648,40.6061],[-73.84645,40.60611],[-73.84643,40.60613],[-73.84638,40.60616],[-73.84636,40.60618],[-73.84634,40.60619],[-73.84631,40.6062],[-73.84628,40.60621],[-73.84624,40.60623],[-73.84621,40.60625],[-73.8462,40.60627],[-73.8462,40.60629],[-73.84619,40.6063],[-73.84617,40.6063],[-73.84614,40.60632],[-73.84612,40.60633],[-73.84611,40.60634],[-73.84608,40.60634],[-73.84604,40.60633],[-73.84602,40.60631],[-73.846,40.60629],[-73.84597,40.60628],[-73.84596,40.60629],[-73.84593,40.60629],[-73.84591,40.60629],[-73.84591,40.6063],[-73.84595,40.60632],[-73.84596,40.60633],[-73.84599,40.60634],[-73.846,40.60635],[-73.84602,40.60637],[-73.84604,40.60639],[-73.84605,40.60638],[-73.84605,40.60637],[-73.84607,40.60636],[-73.84608,40.60636],[-73.8461,40.60637],[-73.84612,40.60638],[-73.84616,40.60638],[-73.8462,40.60638],[-73.84623,40.60639],[-73.84625,40.60641],[-73.84625,40.60643],[-73.84624,40.60645],[-73.84622,40.60647],[-73.84622,40.60649],[-73.84622,40.60652],[-73.8462,40.60654],[-73.8462,40.60656],[-73.84618,40.60657],[-73.84617,40.60658],[-73.84617,40.60659],[-73.84615,40.60661],[-73.84615,40.60663],[-73.84614,40.60664],[-73.84613,40.60664],[-73.84611,40.60664],[-73.84611,40.60666],[-73.84612,40.60666],[-73.84613,40.60667],[-73.84615,40.60667],[-73.84616,40.60669],[-73.84617,40.60671],[-73.84617,40.60672],[-73.84615,40.60673],[-73.84617,40.60675],[-73.84618,40.60676],[-73.8462,40.60677],[-73.84623,40.60676],[-73.84625,40.60677],[-73.84627,40.60677],[-73.84628,40.60677],[-73.84628,40.60679],[-73.84627,40.60679],[-73.84628,40.60681],[-73.84631,40.60682],[-73.84633,40.60682],[-73.84635,40.60681],[-73.84637,40.60679],[-73.84638,40.60677],[-73.84638,40.60676],[-73.84641,40.60676],[-73.84642,40.60678],[-73.84644,40.60679],[-73.84647,40.60679],[-73.84651,40.60679],[-73.84652,40.60679],[-73.84654,40.60676],[-73.84658,40.60675],[-73.8466,40.60675],[-73.84662,40.60676],[-73.84663,40.60676],[-73.84664,40.60677],[-73.84663,40.60679],[-73.84662,40.60681],[-73.84661,40.60683],[-73.8466,40.60685],[-73.84658,40.60685],[-73.84655,40.60687],[-73.84653,40.60688],[-73.84651,40.60689],[-73.84648,40.60691],[-73.84646,40.60692],[-73.84644,40.60693],[-73.84643,40.60696],[-73.84643,40.60698],[-73.84642,40.60699],[-73.84641,40.60701],[-73.84639,40.60702],[-73.84638,40.60703],[-73.84636,40.60704],[-73.84635,40.60705],[-73.84635,40.60707],[-73.84636,40.60708],[-73.84638,40.60709],[-73.84641,40.6071],[-73.84644,40.60711],[-73.84647,40.60713],[-73.8465,40.60713],[-73.84652,40.60715],[-73.84653,40.60717],[-73.84653,40.60719],[-73.84649,40.60719],[-73.84646,40.6072],[-73.84645,40.60722],[-73.84645,40.60725],[-73.84644,40.60727],[-73.84641,40.60728],[-73.84639,40.60729],[-73.84639,40.6073],[-73.8464,40.6073],[-73.84643,40.6073],[-73.84645,40.60728],[-73.84647,40.60726],[-73.84647,40.60723],[-73.8465,40.60721],[-73.84652,40.60721],[-73.84655,40.60722],[-73.84656,40.60722],[-73.84656,40.60719],[-73.84656,40.60717],[-73.84654,40.60714],[-73.84651,40.60711],[-73.84646,40.60709],[-73.84644,40.60709],[-73.84641,40.60707],[-73.84639,40.60705],[-73.8464,40.60704],[-73.84642,40.60703],[-73.84645,40.60701],[-73.84645,40.60698],[-73.84648,40.60695],[-73.84654,40.60692],[-73.84657,40.60692],[-73.8466,40.60693],[-73.84664,40.60693],[-73.84664,40.60691],[-73.84666,40.60689],[-73.84669,40.60687],[-73.84668,40.60684],[-73.84666,40.60684],[-73.84665,40.60681],[-73.84667,40.60678],[-73.84666,40.60675],[-73.84663,40.60672],[-73.84662,40.60669],[-73.84663,40.60667],[-73.84663,40.60664],[-73.84663,40.60661],[-73.84663,40.60659],[-73.84666,40.6066],[-73.84669,40.60662],[-73.84672,40.60665],[-73.84672,40.60668],[-73.84674,40.60671],[-73.84676,40.6067],[-73.84676,40.60669],[-73.84676,40.60667],[-73.84676,40.60664],[-73.84677,40.60664],[-73.84679,40.60665],[-73.84679,40.60668],[-73.84681,40.60672],[-73.84683,40.60673],[-73.84684,40.60673],[-73.84685,40.60672],[-73.84685,40.60669],[-73.84683,40.60666],[-73.84683,40.60663],[-73.84683,40.60661],[-73.84686,40.60658],[-73.84689,40.60657],[-73.84687,40.60655],[-73.84684,40.60654],[-73.84684,40.60656],[-73.84681,40.60657],[-73.84677,40.60657],[-73.84673,40.60657],[-73.84669,40.60657],[-73.84666,40.60654],[-73.84663,40.60655],[-73.84662,40.60658],[-73.8466,40.60659],[-73.8466,40.60663],[-73.84658,40.60665],[-73.84656,40.60664],[-73.84655,40.60666],[-73.84653,40.60668],[-73.8465,40.6067],[-73.84648,40.60671],[-73.84645,40.60673],[-73.84642,40.60672],[-73.84639,40.60672],[-73.84634,40.60672],[-73.84628,40.60672],[-73.84622,40.60672],[-73.84621,40.6067],[-73.84619,40.60665],[-73.8462,40.60663],[-73.84623,40.60663],[-73.84626,40.60663],[-73.84627,40.6066],[-73.84629,40.60656],[-73.8463,40.6065],[-73.8463,40.60646],[-73.84633,40.60645],[-73.84632,40.60641],[-73.84635,40.60638],[-73.84638,40.60632],[-73.84641,40.60626],[-73.84644,40.60622],[-73.8465,40.60621],[-73.84659,40.6062],[-73.84664,40.60619],[-73.84672,40.60619],[-73.84679,40.60618],[-73.84683,40.60614],[-73.84689,40.60608],[-73.84697,40.60607],[-73.84703,40.60605],[-73.84705,40.60608],[-73.84708,40.60607],[-73.84713,40.60606],[-73.84718,40.60605],[-73.84722,40.60605],[-73.84726,40.60605],[-73.84731,40.60605],[-73.84737,40.60605],[-73.84743,40.60603],[-73.84748,40.60603],[-73.84754,40.60604],[-73.84757,40.60603],[-73.8476,40.60602],[-73.8476,40.60599],[-73.8476,40.60598],[-73.84762,40.60596],[-73.84763,40.60594],[-73.84766,40.60592],[-73.84768,40.60593],[-73.8477,40.60594],[-73.84774,40.60596],[-73.84776,40.60597],[-73.84778,40.60598],[-73.84781,40.60599],[-73.84783,40.606],[-73.84786,40.60601],[-73.8479,40.60602],[-73.84793,40.60603],[-73.84795,40.60605],[-73.84797,40.60607],[-73.84799,40.60609],[-73.848,40.6061],[-73.84802,40.6061],[-73.84805,40.6061],[-73.84808,40.60611],[-73.84811,40.60613],[-73.84812,40.60615],[-73.84813,40.60618],[-73.84815,40.60617],[-73.84818,40.60617],[-73.84821,40.60618],[-73.84824,40.60619],[-73.84828,40.6062],[-73.84831,40.60622],[-73.84834,40.60623],[-73.84838,40.60623],[-73.84843,40.60623],[-73.84845,40.60623],[-73.84849,40.60622],[-73.84853,40.60622],[-73.84856,40.60623],[-73.84859,40.60624],[-73.84861,40.60623],[-73.84863,40.60624],[-73.84866,40.60625],[-73.84867,40.60627],[-73.84868,40.60628],[-73.84868,40.6063],[-73.84871,40.6063],[-73.84874,40.6063],[-73.84876,40.60631],[-73.84878,40.60632],[-73.84879,40.60632],[-73.84881,40.60633],[-73.84882,40.60635],[-73.84882,40.60636],[-73.84884,40.60637],[-73.84885,40.60635],[-73.84883,40.60633],[-73.84884,40.6063],[-73.84886,40.60629],[-73.84891,40.60628],[-73.84893,40.60627],[-73.84897,40.60627],[-73.84899,40.60628],[-73.84902,40.60629],[-73.84904,40.6063],[-73.84905,40.60631],[-73.84905,40.60633],[-73.84909,40.60634],[-73.8491,40.60631],[-73.84912,40.60629],[-73.84916,40.60628],[-73.84919,40.60627],[-73.84919,40.60624],[-73.8492,40.60622],[-73.8492,40.60621],[-73.84923,40.6062],[-73.84924,40.60618],[-73.84923,40.60616],[-73.84923,40.60614],[-73.84922,40.60614],[-73.84922,40.60612],[-73.84923,40.6061],[-73.84925,40.60609],[-73.84927,40.60607],[-73.8493,40.60607],[-73.84932,40.60607],[-73.84933,40.60609],[-73.84933,40.60611],[-73.84935,40.60612],[-73.84937,40.60613],[-73.84939,40.60613],[-73.84941,40.60614],[-73.84944,40.60614],[-73.84946,40.60614],[-73.8495,40.60613],[-73.8495,40.6061],[-73.84952,40.60608],[-73.84954,40.60608],[-73.84956,40.60605],[-73.84959,40.60604],[-73.84964,40.60603],[-73.84965,40.60605],[-73.84964,40.60608],[-73.84964,40.6061],[-73.84961,40.60613],[-73.84958,40.60615],[-73.84957,40.60617],[-73.84959,40.60617],[-73.8496,40.6062],[-73.84959,40.60623],[-73.84959,40.60626],[-73.84959,40.60631],[-73.84958,40.60632],[-73.84958,40.60634],[-73.84957,40.60637],[-73.84956,40.6064],[-73.84958,40.60643],[-73.84961,40.60643],[-73.84963,40.60645],[-73.84963,40.60647],[-73.84961,40.60651],[-73.84964,40.60654],[-73.84966,40.60654],[-73.84968,40.60655],[-73.8497,40.60656],[-73.84969,40.60659],[-73.84966,40.6066],[-73.84965,40.60663],[-73.84964,40.60665],[-73.84962,40.60667],[-73.84959,40.60668],[-73.84956,40.6067],[-73.84953,40.60671],[-73.84949,40.60671],[-73.84945,40.6067],[-73.84941,40.6067],[-73.84939,40.60671],[-73.84936,40.60672],[-73.84935,40.60674],[-73.84932,40.60674],[-73.8493,40.60672],[-73.84928,40.60671],[-73.84928,40.60669],[-73.84928,40.60668],[-73.84929,40.60666],[-73.8493,40.60665],[-73.8493,40.60663],[-73.84929,40.60661],[-73.84926,40.60659],[-73.84925,40.60657],[-73.84921,40.60654],[-73.84918,40.60654],[-73.84916,40.60655],[-73.84913,40.60655],[-73.84912,40.60653],[-73.84909,40.60652],[-73.84907,40.60652],[-73.84905,40.60654],[-73.84903,40.60655],[-73.84901,40.60655],[-73.84898,40.60655],[-73.84895,40.60655],[-73.84894,40.60654],[-73.84891,40.60654],[-73.84889,40.60654],[-73.84886,40.60653],[-73.84882,40.60653],[-73.84878,40.60652],[-73.84876,40.60652],[-73.84873,40.60653],[-73.8487,40.60656],[-73.84869,40.60658],[-73.84864,40.60659],[-73.8486,40.6066],[-73.84859,40.60662],[-73.84858,40.60665],[-73.84858,40.60667],[-73.84858,40.60669],[-73.84856,40.60672],[-73.84854,40.60674],[-73.84854,40.60677],[-73.84854,40.60681],[-73.84854,40.60683],[-73.84851,40.60684],[-73.84847,40.60684],[-73.84844,40.60685],[-73.84839,40.60686],[-73.84835,40.60687],[-73.84833,40.60688],[-73.8483,40.60689],[-73.84825,40.60688],[-73.84823,40.60686],[-73.84823,40.60684],[-73.84825,40.60683],[-73.84828,40.60683],[-73.84828,40.60681],[-73.84825,40.60681],[-73.84822,40.60681],[-73.84819,40.60682],[-73.84817,40.60681],[-73.84816,40.6068],[-73.84817,40.60677],[-73.84817,40.60675],[-73.84815,40.60675],[-73.84812,40.60675],[-73.84809,40.60674],[-73.84806,40.60673],[-73.84806,40.60675],[-73.84803,40.60676],[-73.84804,40.60678],[-73.84802,40.60679],[-73.84801,40.60681],[-73.84801,40.60682],[-73.84802,40.60685],[-73.84802,40.60688],[-73.84804,40.60691],[-73.84808,40.60691],[-73.84813,40.60692],[-73.84815,40.60692],[-73.84817,40.60694],[-73.84818,40.60696],[-73.84818,40.60698],[-73.8482,40.60699],[-73.84823,40.607],[-73.84824,40.60702],[-73.84824,40.60705],[-73.84824,40.60707],[-73.84823,40.60709],[-73.8482,40.60709],[-73.84816,40.60709],[-73.84814,40.60708],[-73.84811,40.60706],[-73.84807,40.60705],[-73.84802,40.60705],[-73.84799,40.60706],[-73.84796,40.60704],[-73.84795,40.60702],[-73.84794,40.60699],[-73.84792,40.60697],[-73.8479,40.60694],[-73.84787,40.60694],[-73.84785,40.60696],[-73.84783,40.60697],[-73.84777,40.60696],[-73.84771,40.60697],[-73.84766,40.60697],[-73.84763,40.60697],[-73.84758,40.60697],[-73.84755,40.60698],[-73.84755,40.607],[-73.84753,40.60703],[-73.8475,40.60706],[-73.84747,40.60707],[-73.84743,40.60707],[-73.8474,40.60708],[-73.84737,40.6071],[-73.84742,40.60711],[-73.84744,40.60713],[-73.84744,40.60715],[-73.84744,40.60717],[-73.84744,40.60719],[-73.8474,40.6072],[-73.84738,40.60718],[-73.84736,40.60717],[-73.84733,40.60719],[-73.84733,40.60721],[-73.84732,40.60723],[-73.8473,40.60726],[-73.84729,40.60728],[-73.84726,40.60729],[-73.84723,40.60731],[-73.8472,40.60733],[-73.8472,40.60735],[-73.84718,40.60739],[-73.84715,40.60739],[-73.84712,40.60741],[-73.84711,40.60743],[-73.84709,40.60745],[-73.84706,40.60746],[-73.84706,40.60748],[-73.84702,40.60748],[-73.84699,40.6075],[-73.84698,40.60751],[-73.84699,40.60754],[-73.84701,40.60756],[-73.84702,40.60758],[-73.84704,40.6076],[-73.84703,40.60762],[-73.84701,40.60762],[-73.84698,40.60763],[-73.84697,40.60764],[-73.84694,40.60766],[-73.84691,40.60769],[-73.84689,40.6077],[-73.84689,40.60772],[-73.84688,40.60775],[-73.84688,40.60777],[-73.84691,40.60778],[-73.84694,40.60779],[-73.84696,40.6078],[-73.84697,40.60782],[-73.84694,40.60784],[-73.84691,40.60786],[-73.84688,40.60787],[-73.84685,40.60788],[-73.84685,40.60791],[-73.84686,40.60794],[-73.8469,40.60801],[-73.84687,40.60803],[-73.84682,40.60806],[-73.84675,40.60806],[-73.84672,40.60804],[-73.84667,40.60798],[-73.84662,40.60797],[-73.8466,40.60799],[-73.84654,40.608],[-73.84649,40.608],[-73.8464,40.60798],[-73.84633,40.60795],[-73.84627,40.60792],[-73.8462,40.60792],[-73.84613,40.60794],[-73.84607,40.608],[-73.84601,40.608],[-73.84595,40.60803],[-73.84596,40.60809],[-73.84597,40.60813],[-73.8459,40.60821],[-73.84585,40.60823],[-73.84578,40.60827],[-73.84573,40.6083],[-73.84565,40.60832],[-73.8456,40.60832],[-73.84551,40.60832],[-73.84548,40.60832],[-73.84542,40.60828],[-73.84534,40.60824],[-73.84525,40.60818],[-73.84517,40.60818],[-73.84509,40.60814],[-73.84498,40.60812],[-73.84491,40.60808],[-73.84486,40.60809],[-73.8449,40.60817],[-73.84496,40.60821],[-73.84504,40.60823],[-73.84517,40.60823],[-73.84524,40.60828],[-73.84532,40.60835],[-73.84537,40.60839],[-73.84542,40.60844],[-73.84542,40.60849],[-73.8455,40.60851],[-73.84562,40.6085],[-73.84569,40.60845],[-73.8458,40.6084],[-73.84588,40.60836],[-73.84598,40.60832],[-73.84607,40.6083],[-73.84615,40.60825],[-73.84624,40.60824],[-73.84628,40.60828],[-73.84624,40.60834],[-73.84617,40.60842],[-73.84612,40.60846],[-73.84602,40.60848],[-73.84595,40.60853],[-73.84587,40.60857],[-73.84583,40.60862],[-73.84581,40.60867],[-73.84592,40.60876],[-73.84595,40.60883],[-73.84592,40.60891],[-73.84581,40.60895],[-73.8458,40.60902],[-73.84581,40.60909],[-73.84575,40.60916],[-73.84575,40.60922],[-73.84572,40.60929],[-73.84564,40.60935],[-73.84555,40.60934],[-73.84553,40.60942],[-73.84557,40.60948],[-73.84563,40.60947],[-73.8457,40.60947],[-73.84574,40.60951],[-73.84577,40.60955],[-73.84577,40.60961],[-73.84576,40.60968],[-73.84574,40.60973],[-73.84567,40.60979],[-73.84559,40.60979],[-73.84549,40.60978],[-73.84544,40.60976],[-73.84539,40.60978],[-73.84546,40.60982],[-73.84556,40.60986],[-73.84562,40.60989],[-73.84568,40.60995],[-73.84567,40.61001],[-73.84561,40.61007],[-73.84553,40.6101],[-73.84545,40.61011],[-73.84542,40.61013],[-73.84545,40.61018],[-73.8455,40.61021],[-73.84557,40.61023],[-73.84562,40.61026],[-73.84568,40.61031],[-73.8457,40.61037],[-73.84574,40.61043],[-73.84574,40.61047],[-73.8457,40.61048],[-73.84565,40.61047],[-73.84559,40.61047],[-73.84553,40.61047],[-73.84555,40.61052],[-73.84558,40.61059],[-73.84564,40.61063],[-73.84574,40.61064],[-73.84576,40.6107],[-73.84575,40.61077],[-73.84568,40.61079],[-73.8456,40.61079],[-73.84552,40.6108],[-73.84554,40.61089],[-73.84563,40.61102],[-73.84569,40.6111],[-73.84571,40.61121],[-73.84575,40.61127],[-73.84575,40.61137],[-73.84573,40.61144],[-73.8457,40.61144],[-73.84567,40.61144],[-73.84562,40.6114],[-73.84555,40.61133],[-73.84546,40.61129],[-73.84532,40.61125],[-73.84522,40.61119],[-73.84517,40.61113],[-73.84509,40.61102],[-73.84499,40.61096],[-73.8449,40.61096],[-73.84486,40.61103],[-73.84488,40.61113],[-73.84502,40.61128],[-73.84517,40.6114],[-73.84526,40.61149],[-73.84525,40.6116],[-73.84529,40.61172],[-73.84527,40.61184],[-73.84524,40.61193],[-73.8452,40.61204],[-73.84518,40.61216],[-73.84509,40.61227],[-73.84508,40.61233],[-73.84519,40.61244],[-73.84521,40.61253],[-73.84529,40.61263],[-73.8453,40.61268],[-73.8454,40.61276],[-73.84548,40.61277],[-73.84562,40.61281],[-73.84566,40.61284],[-73.84571,40.61288],[-73.8457,40.61293],[-73.84565,40.61294],[-73.84557,40.61297],[-73.84552,40.61301],[-73.84539,40.61307],[-73.8453,40.61307],[-73.84529,40.6131],[-73.84527,40.61312],[-73.84528,40.61314],[-73.84531,40.61313],[-73.84536,40.61312],[-73.84539,40.61312],[-73.84541,40.61313],[-73.84542,40.61316],[-73.84541,40.61319],[-73.84538,40.61321],[-73.84534,40.61322],[-73.8453,40.61323],[-73.84527,40.61325],[-73.84526,40.61327],[-73.84526,40.6133],[-73.84528,40.61331],[-73.84531,40.61331],[-73.84535,40.61329],[-73.84537,40.6133],[-73.84536,40.61334],[-73.84534,40.61337],[-73.84531,40.61338],[-73.84529,40.61338],[-73.84528,40.6134],[-73.8453,40.61341],[-73.84532,40.61341],[-73.84536,40.61342],[-73.84537,40.61344],[-73.84537,40.61346],[-73.84535,40.61348],[-73.84533,40.61351],[-73.84533,40.61353],[-73.84533,40.61355],[-73.84534,40.61356],[-73.84535,40.61356],[-73.84536,40.61357],[-73.84537,40.61359],[-73.84538,40.6136],[-73.8454,40.61361],[-73.84542,40.61361],[-73.84545,40.6136],[-73.8455,40.61362],[-73.84554,40.61362],[-73.84558,40.61362],[-73.84562,40.61364],[-73.84563,40.61365],[-73.84564,40.61367],[-73.84564,40.61369],[-73.84563,40.61372],[-73.84557,40.61373],[-73.84554,40.61374],[-73.8455,40.61374],[-73.84548,40.61376],[-73.84547,40.61378],[-73.84544,40.61378],[-73.84541,40.61379],[-73.84539,40.61381],[-73.84533,40.61382],[-73.84529,40.6138],[-73.84525,40.6138],[-73.84519,40.6138],[-73.84516,40.6138],[-73.84513,40.61381],[-73.84511,40.61381],[-73.84509,40.61382],[-73.84508,40.61384],[-73.84506,40.61386],[-73.84502,40.61388],[-73.84497,40.6139],[-73.84495,40.61392],[-73.84492,40.61393],[-73.84489,40.61396],[-73.84488,40.61398],[-73.84486,40.61396],[-73.84483,40.61398],[-73.84483,40.61401],[-73.84483,40.61402],[-73.84482,40.61404],[-73.84479,40.61402],[-73.84477,40.614],[-73.84477,40.61398],[-73.84475,40.61397],[-73.84473,40.61397]]],[[[-73.8337,40.62098],[-73.83381,40.61877],[-73.83395,40.61576],[-73.83402,40.61438],[-73.83405,40.61436],[-73.83407,40.61436],[-73.83411,40.61436],[-73.83418,40.61436],[-73.83434,40.61437],[-73.83446,40.61439],[-73.8346,40.61441],[-73.83472,40.61445],[-73.83484,40.61447],[-73.8349,40.61447],[-73.83496,40.61447],[-73.83501,40.61449],[-73.83504,40.61451],[-73.83507,40.61452],[-73.83512,40.61454],[-73.83517,40.61455],[-73.83521,40.61454],[-73.83526,40.61455],[-73.83532,40.61457],[-73.83539,40.6146],[-73.83542,40.61461],[-73.83545,40.61463],[-73.83547,40.61466],[-73.83548,40.61469],[-73.83546,40.61471],[-73.83544,40.61473],[-73.83543,40.61475],[-73.83542,40.61477],[-73.83543,40.61477],[-73.83547,40.61487],[-73.83552,40.61495],[-73.83559,40.61503],[-73.83566,40.6151],[-73.83575,40.61516],[-73.83579,40.61518],[-73.83586,40.61521],[-73.8359,40.61522],[-73.83599,40.61523],[-73.83605,40.61523],[-73.8361,40.61523],[-73.83615,40.61522],[-73.8362,40.6152],[-73.83622,40.61519],[-73.83622,40.61517],[-73.83621,40.61516],[-73.83615,40.61514],[-73.83614,40.61513],[-73.83615,40.61512],[-73.83619,40.61511],[-73.83623,40.61513],[-73.83626,40.61514],[-73.83627,40.61514],[-73.8363,40.61513],[-73.83632,40.61512],[-73.83634,40.61512],[-73.83634,40.61513],[-73.8363,40.61516],[-73.83626,40.61518],[-73.83626,40.61519],[-73.83626,40.6152],[-73.83628,40.61523],[-73.83632,40.61526],[-73.83638,40.61528],[-73.83642,40.61529],[-73.83647,40.6153],[-73.83651,40.6153],[-73.83655,40.61529],[-73.83659,40.61527],[-73.83661,40.61524],[-73.8366,40.61521],[-73.83659,40.61518],[-73.83661,40.61515],[-73.83664,40.61515],[-73.83667,40.61515],[-73.83674,40.61517],[-73.83679,40.61521],[-73.83685,40.61525],[-73.83686,40.61527],[-73.83689,40.61529],[-73.83692,40.61529],[-73.83698,40.61529],[-73.83703,40.6153],[-73.83707,40.6153],[-73.83712,40.61531],[-73.83718,40.61532],[-73.83722,40.61534],[-73.83725,40.61535],[-73.83727,40.61535],[-73.83726,40.61534],[-73.83728,40.61533],[-73.8373,40.61534],[-73.83733,40.61536],[-73.83737,40.6154],[-73.83739,40.61541],[-73.83742,40.61542],[-73.83747,40.61542],[-73.83751,40.61543],[-73.83753,40.61545],[-73.83757,40.61548],[-73.83761,40.61549],[-73.83771,40.6155],[-73.83774,40.61551],[-73.83777,40.61552],[-73.83779,40.61554],[-73.83779,40.61556],[-73.83779,40.6156],[-73.83776,40.61564],[-73.83773,40.61569],[-73.83771,40.6157],[-73.83768,40.61572],[-73.83762,40.61574],[-73.8375,40.61576],[-73.83742,40.61576],[-73.8373,40.61577],[-73.83725,40.61579],[-73.83722,40.61581],[-73.83717,40.61585],[-73.83705,40.61599],[-73.83701,40.61604],[-73.83696,40.61611],[-73.83691,40.61615],[-73.83688,40.61616],[-73.83682,40.61615],[-73.83675,40.61613],[-73.83661,40.61611],[-73.83656,40.61611],[-73.83653,40.61612],[-73.83647,40.61616],[-73.83644,40.61617],[-73.83634,40.61624],[-73.83621,40.61634],[-73.83615,40.61639],[-73.83594,40.61655],[-73.83575,40.61672],[-73.83559,40.61688],[-73.83554,40.61693],[-73.83543,40.61706],[-73.83527,40.61725],[-73.8352,40.61735],[-73.83516,40.61742],[-73.83511,40.6175],[-73.83507,40.61756],[-73.83503,40.61762],[-73.83498,40.61774],[-73.83496,40.61778],[-73.83495,40.61783],[-73.83494,40.61789],[-73.83495,40.61792],[-73.83496,40.61794],[-73.83497,40.61796],[-73.83498,40.61797],[-73.83501,40.61796],[-73.83505,40.61796],[-73.83508,40.61796],[-73.83511,40.61797],[-73.83515,40.61799],[-73.83516,40.61802],[-73.83517,40.61804],[-73.83516,40.61806],[-73.83515,40.61807],[-73.83513,40.61808],[-73.83511,40.61808],[-73.83508,40.61808],[-73.83505,40.61808],[-73.83503,40.61811],[-73.83502,40.61814],[-73.835,40.61817],[-73.835,40.61821],[-73.83499,40.61827],[-73.83497,40.61831],[-73.83497,40.61838],[-73.83496,40.61847],[-73.83496,40.61853],[-73.83498,40.61859],[-73.83503,40.61865],[-73.83509,40.6187],[-73.83512,40.61873],[-73.83515,40.61874],[-73.83517,40.61874],[-73.83521,40.61871],[-73.83526,40.6187],[-73.83532,40.6187],[-73.83534,40.6187],[-73.83536,40.61871],[-73.83536,40.61873],[-73.83534,40.61875],[-73.83533,40.61878],[-73.83534,40.61879],[-73.83536,40.61883],[-73.83539,40.61886],[-73.83541,40.61887],[-73.83544,40.61889],[-73.83546,40.61893],[-73.83549,40.61901],[-73.8355,40.61911],[-73.83549,40.6192],[-73.83549,40.61927],[-73.83549,40.6193],[-73.8355,40.61932],[-73.83552,40.61938],[-73.83555,40.61943],[-73.83557,40.61945],[-73.83561,40.61947],[-73.83566,40.6195],[-73.83571,40.61954],[-73.83573,40.61955],[-73.83575,40.61958],[-73.83575,40.61961],[-73.83573,40.61966],[-73.83571,40.6197],[-73.83571,40.61973],[-73.83567,40.61976],[-73.83565,40.61979],[-73.83564,40.61981],[-73.83561,40.61983],[-73.83556,40.61986],[-73.83555,40.61989],[-73.83554,40.61991],[-73.83553,40.61994],[-73.83551,40.61996],[-73.83549,40.61996],[-73.83538,40.61994],[-73.83532,40.61994],[-73.83527,40.61995],[-73.83523,40.61996],[-73.83521,40.61995],[-73.8352,40.61994],[-73.83515,40.6199],[-73.83512,40.61989],[-73.83508,40.61989],[-73.83505,40.61989],[-73.83501,40.61988],[-73.83499,40.61987],[-73.83496,40.61984],[-73.83496,40.61982],[-73.83496,40.61981],[-73.83495,40.61981],[-73.83495,40.6198],[-73.83495,40.61979],[-73.83495,40.61978],[-73.83495,40.61977],[-73.83496,40.61977],[-73.83496,40.61976],[-73.83496,40.61975],[-73.83497,40.61975],[-73.83497,40.61974],[-73.83498,40.61973],[-73.83499,40.61972],[-73.835,40.61972],[-73.835,40.61971],[-73.83501,40.6197],[-73.83502,40.61969],[-73.83503,40.61968],[-73.83504,40.61968],[-73.83504,40.61967],[-73.83505,40.61967],[-73.83505,40.61966],[-73.83506,40.61966],[-73.83506,40.61965],[-73.83507,40.61965],[-73.83508,40.61965],[-73.83508,40.61964],[-73.83509,40.61964],[-73.83509,40.61963],[-73.8351,40.61963],[-73.83511,40.61963],[-73.83511,40.61962],[-73.83512,40.61962],[-73.83512,40.61961],[-73.83513,40.61961],[-73.83513,40.6196],[-73.83513,40.61959],[-73.83514,40.61959],[-73.83514,40.61958],[-73.83514,40.61957],[-73.83515,40.61957],[-73.83515,40.61956],[-73.83515,40.61955],[-73.83515,40.61954],[-73.83515,40.61953],[-73.83514,40.61953],[-73.83514,40.61952],[-73.83513,40.61952],[-73.83513,40.61951],[-73.83512,40.61951],[-73.83512,40.6195],[-73.83511,40.6195],[-73.8351,40.6195],[-73.83509,40.6195],[-73.83508,40.6195],[-73.83507,40.61951],[-73.83506,40.61951],[-73.83505,40.61951],[-73.83505,40.61952],[-73.83503,40.61953],[-73.83502,40.61955],[-73.83501,40.61955],[-73.83501,40.61956],[-73.835,40.61956],[-73.835,40.61957],[-73.83499,40.61957],[-73.83498,40.61958],[-73.83497,40.61958],[-73.83496,40.61959],[-73.83495,40.6196],[-73.83494,40.6196],[-73.83493,40.6196],[-73.83492,40.6196],[-73.8349,40.6196],[-73.83489,40.61961],[-73.83488,40.61961],[-73.83488,40.61962],[-73.83487,40.61963],[-73.83487,40.61964],[-73.83487,40.61966],[-73.83487,40.61967],[-73.83487,40.61968],[-73.83487,40.61969],[-73.83487,40.6197],[-73.83487,40.61971],[-73.83488,40.61971],[-73.83488,40.61972],[-73.83488,40.61973],[-73.83488,40.61974],[-73.83487,40.61975],[-73.83486,40.61976],[-73.83485,40.61976],[-73.83485,40.61977],[-73.83484,40.61977],[-73.83483,40.61977],[-73.83483,40.61978],[-73.83482,40.61978],[-73.83481,40.61979],[-73.8348,40.61979],[-73.83479,40.6198],[-73.83478,40.61982],[-73.83478,40.61983],[-73.83477,40.61983],[-73.83477,40.61984],[-73.83477,40.61985],[-73.83478,40.61988],[-73.83478,40.61989],[-73.83478,40.6199],[-73.83479,40.61991],[-73.83479,40.61992],[-73.8348,40.61992],[-73.8348,40.61993],[-73.83481,40.61993],[-73.83481,40.61994],[-73.83482,40.61994],[-73.83482,40.61995],[-73.83483,40.61995],[-73.83483,40.61996],[-73.83484,40.61996],[-73.83485,40.61997],[-73.83486,40.61997],[-73.83486,40.61998],[-73.83487,40.61998],[-73.83488,40.61998],[-73.83488,40.61999],[-73.83489,40.61999],[-73.8349,40.61999],[-73.83491,40.61999],[-73.83491,40.62],[-73.83492,40.62],[-73.83493,40.62],[-73.83494,40.62001],[-73.83495,40.62001],[-73.83496,40.62001],[-73.83497,40.62001],[-73.83498,40.62001],[-73.83499,40.62001],[-73.835,40.62001],[-73.83504,40.62003],[-73.83506,40.62004],[-73.83511,40.62006],[-73.83515,40.62009],[-73.83519,40.62012],[-73.83521,40.62013],[-73.83525,40.62013],[-73.83528,40.62013],[-73.8353,40.62014],[-73.83531,40.62015],[-73.83526,40.62018],[-73.83523,40.6202],[-73.83518,40.62023],[-73.83511,40.62026],[-73.83506,40.6203],[-73.83502,40.62033],[-73.83498,40.62038],[-73.83494,40.62043],[-73.83493,40.62047],[-73.8349,40.62047],[-73.83488,40.62045],[-73.83484,40.62043],[-73.83482,40.62042],[-73.83478,40.62041],[-73.83473,40.6204],[-73.83468,40.6204],[-73.83465,40.6204],[-73.83461,40.62039],[-73.83458,40.62039],[-73.83456,40.62039],[-73.83455,40.62037],[-73.83457,40.62036],[-73.83463,40.62036],[-73.83468,40.62036],[-73.83469,40.62033],[-73.83472,40.62031],[-73.83473,40.62027],[-73.83473,40.62025],[-73.83472,40.62022],[-73.8347,40.62017],[-73.83466,40.62014],[-73.83463,40.62012],[-73.83458,40.62009],[-73.83456,40.62007],[-73.83452,40.62005],[-73.83448,40.62002],[-73.83445,40.61999],[-73.83441,40.61997],[-73.83438,40.61995],[-73.83437,40.61991],[-73.83438,40.61988],[-73.83439,40.61985],[-73.83436,40.61984],[-73.83431,40.61985],[-73.83427,40.61985],[-73.83425,40.61984],[-73.8342,40.61982],[-73.83416,40.61981],[-73.83413,40.6198],[-73.83412,40.61979],[-73.83408,40.61977],[-73.83404,40.61975],[-73.83399,40.61972],[-73.83396,40.61969],[-73.83392,40.61965],[-73.83389,40.61964],[-73.83386,40.61964],[-73.8338,40.61965],[-73.83378,40.61967],[-73.83378,40.6197],[-73.83378,40.61972],[-73.83383,40.61974],[-73.83389,40.61976],[-73.83392,40.61977],[-73.83399,40.6198],[-73.83402,40.61981],[-73.83407,40.61983],[-73.83411,40.61985],[-73.8341,40.61987],[-73.8341,40.6199],[-73.8341,40.61992],[-73.83409,40.61995],[-73.83407,40.61999],[-73.83407,40.62003],[-73.8341,40.62002],[-73.83412,40.61999],[-73.83413,40.61997],[-73.83413,40.61993],[-73.83414,40.61991],[-73.83417,40.61989],[-73.8342,40.61989],[-73.83423,40.6199],[-73.83424,40.61993],[-73.83425,40.61997],[-73.83429,40.61999],[-73.83433,40.62],[-73.83435,40.62004],[-73.83439,40.62006],[-73.83443,40.62006],[-73.83446,40.62009],[-73.83447,40.62012],[-73.83445,40.62015],[-73.83444,40.62019],[-73.83439,40.62022],[-73.83436,40.62022],[-73.83431,40.62023],[-73.83426,40.62024],[-73.83423,40.62026],[-73.83421,40.62029],[-73.8342,40.62032],[-73.8342,40.62036],[-73.83421,40.62041],[-73.83424,40.62045],[-73.83428,40.62048],[-73.83432,40.62051],[-73.83432,40.62056],[-73.8343,40.62061],[-73.83428,40.62065],[-73.83424,40.62068],[-73.83419,40.62071],[-73.8341,40.62073],[-73.83403,40.62074],[-73.83396,40.62075],[-73.83388,40.62079],[-73.83382,40.62082],[-73.83376,40.62086],[-73.83374,40.6209],[-73.8337,40.62098]]],[[[-73.83502,40.62267],[-73.83362,40.6226],[-73.83401,40.62103],[-73.83499,40.62101],[-73.83502,40.62267]]],[[[-73.85746,40.62049],[-73.85517,40.62196],[-73.85451,40.6208],[-73.85185,40.62057],[-73.85129,40.62184],[-73.85236,40.62297],[-73.8519,40.62279],[-73.85168,40.62341],[-73.85025,40.62358],[-73.8495,40.62254],[-73.84846,40.6224],[-73.85087,40.62024],[-73.85658,40.61957],[-73.85676,40.62041],[-73.85746,40.62049]]],[[[-73.83358,40.6236],[-73.83359,40.62359],[-73.83362,40.62359],[-73.83363,40.62361],[-73.83363,40.62363],[-73.83363,40.62364],[-73.83364,40.62365],[-73.83365,40.62367],[-73.83367,40.62367],[-73.83369,40.62367],[-73.8337,40.62368],[-73.83371,40.62369],[-73.83371,40.62371],[-73.83369,40.62372],[-73.83366,40.62373],[-73.83364,40.62374],[-73.83364,40.62377],[-73.83363,40.6238],[-73.83361,40.62381],[-73.83362,40.62384],[-73.83363,40.62386],[-73.83364,40.62388],[-73.83365,40.62391],[-73.83365,40.62394],[-73.83364,40.62396],[-73.8336,40.62395],[-73.83358,40.62394],[-73.83356,40.62394],[-73.83358,40.6236]]],[[[-73.86378,40.62395],[-73.86197,40.62427],[-73.86304,40.6233],[-73.86378,40.62395]]],[[[-73.846,40.62504],[-73.84477,40.62485],[-73.84478,40.62424],[-73.84384,40.62429],[-73.84294,40.62332],[-73.84537,40.62305],[-73.84516,40.6242],[-73.846,40.62504]]],[[[-73.85777,40.62482],[-73.85787,40.62482],[-73.8579,40.62485],[-73.85785,40.62493],[-73.8578,40.625],[-73.85781,40.62504],[-73.85781,40.62509],[-73.85784,40.62519],[-73.85766,40.62531],[-73.85753,40.62526],[-73.85733,40.62515],[-73.85733,40.62512],[-73.85742,40.62498],[-73.85752,40.62491],[-73.85767,40.62485],[-73.85777,40.62482]]],[[[-73.84238,40.62744],[-73.84045,40.62659],[-73.84064,40.62751],[-73.83947,40.62729],[-73.84072,40.62586],[-73.84238,40.62744]]],[[[-73.87978,40.61754],[-73.87938,40.61986],[-73.87779,40.62165],[-73.86645,40.62826],[-73.86519,40.62766],[-73.86498,40.62566],[-73.86651,40.62336],[-73.86493,40.62111],[-73.86621,40.61815],[-73.87395,40.61584],[-73.87862,40.61594],[-73.87978,40.61754]]],[[[-73.84814,40.62854],[-73.84819,40.62852],[-73.84831,40.62854],[-73.84841,40.62857],[-73.84843,40.6286],[-73.84846,40.62863],[-73.84847,40.62866],[-73.84848,40.6287],[-73.84848,40.62873],[-73.84848,40.62876],[-73.84847,40.62879],[-73.84844,40.62882],[-73.84841,40.62885],[-73.84837,40.62887],[-73.84813,40.62884],[-73.8481,40.6288],[-73.84805,40.62867],[-73.84814,40.62854]]],[[[-73.84852,40.63056],[-73.8485,40.63056],[-73.84848,40.63057],[-73.84846,40.63057],[-73.84844,40.63056],[-73.84843,40.63055],[-73.84842,40.63054],[-73.84842,40.63053],[-73.84842,40.63052],[-73.84842,40.6305],[-73.84843,40.63048],[-73.84843,40.63046],[-73.84845,40.63045],[-73.84848,40.63044],[-73.8485,40.63044],[-73.84853,40.63045],[-73.84854,40.63047],[-73.84858,40.63048],[-73.84861,40.63048],[-73.84864,40.63048],[-73.84866,40.63046],[-73.84868,40.63046],[-73.84869,40.63048],[-73.84869,40.6305],[-73.84869,40.63052],[-73.8487,40.63053],[-73.8487,40.63055],[-73.8487,40.63056],[-73.84869,40.63058],[-73.8487,40.63061],[-73.84869,40.63061],[-73.84868,40.63061],[-73.84866,40.63061],[-73.84864,40.6306],[-73.84863,40.6306],[-73.84861,40.6306],[-73.84859,40.63059],[-73.84857,40.63058],[-73.84856,40.63057],[-73.84854,40.63056],[-73.84852,40.63056]]],[[[-73.85856,40.63046],[-73.85748,40.63277],[-73.85535,40.63281],[-73.8539,40.63382],[-73.85234,40.63353],[-73.85304,40.63191],[-73.85169,40.6309],[-73.85202,40.63042],[-73.85366,40.63088],[-73.8568,40.62984],[-73.85856,40.63046]]],[[[-73.85009,40.63227],[-73.84988,40.6341],[-73.84807,40.63784],[-73.84622,40.6386],[-73.84427,40.63669],[-73.84502,40.63568],[-73.84661,40.63522],[-73.84789,40.63273],[-73.85009,40.63227]]]]},"properties":{"shape_area":"39754277.4086","ntaname":"Jamaica Bay (West)","cdtaname":"BK56 Jamaica Bay (West) (JIA 56 Approximation)","shape_leng":"136901.84044","boroname":"Brooklyn","ntatype":"9","nta2020":"BK5692","borocode":"3","countyfips":"047","ntaabbrev":"JmcaBy_W","cdta2020":"BK56","atlas_id":"BK5692","scalars":{"population":0.0,"housing_units":0.0}}},{"type":"Feature","geometry":{"type":"MultiPolygon","coordinates":[[[[-73.87835,40.63887],[-73.87386,40.64631],[-73.87319,40.64545],[-73.87327,40.6439],[-73.8699,40.63893],[-73.868,40.63812],[-73.86962,40.63708],[-73.86956,40.63795],[-73.87348,40.63629],[-73.87835,40.63887]]],[[[-73.87343,40.64678],[-73.8701,40.6493],[-73.86054,40.65462],[-73.85722,40.65028],[-73.85838,40.64727],[-73.85717,40.64368],[-73.86289,40.64255],[-73.8667,40.64002],[-73.86628,40.63947],[-73.86867,40.64093],[-73.87061,40.64486],[-73.87257,40.64558],[-73.87343,40.64678]]]]},"properties":{"shape_area":"18284901.3886","ntaname":"Shirley Chisholm State Park","cdtaname":"BK56 Jamaica Bay (West) (JIA 56 Approximation)","shape_leng":"26521.9177648","boroname":"Brooklyn","ntatype":"9","nta2020":"BK5693","borocode":"3","countyfips":"047","ntaabbrev":"ShChshlmPk","cdta2020":"BK56","atlas_id":"BK5693","scalars":{"population":0.0,"housing_units":0.0}}},{"type":"Feature","geometry":{"type":"MultiPolygon","coordinates":[[[[-73.93287,40.81041],[-73.93242,40.81415],[-73.93028,40.81325],[-73.92886,40.81488],[-73.92732,40.81856],[-73.92518,40.81801],[-73.92663,40.81612],[-73.924,40.81544],[-73.92309,40.8167],[-73.92125,40.81622],[-73.92158,40.81555],[-73.92048,40.81456],[-73.91765,40.81607],[-73.91095,40.81362],[-73.90447,40.81228],[-73.90342,40.81151],[-73.90219,40.80479],[-73.91089,40.79702],[-73.91372,40.79679],[-73.92024,40.79961],[-73.92293,40.80237],[-73.92763,40.8027],[-73.92728,40.80351],[-73.92873,40.8041],[-73.93228,40.80836],[-73.93287,40.81041]]]]},"properties":{"shape_area":"40974743.8","ntaname":"Mott Haven-Port Morris","cdtaname":"BX01 Melrose-Mott Haven-Port Morris (CD 1 Approximation)","shape_leng":"29217.4141239","boroname":"Bronx","ntatype":"0","nta2020":"BX0101","borocode":"2","countyfips":"005","ntaabbrev":"MttHvn","cdta2020":"BX01","atlas_id":"BX0101","scalars":{"population":54828.0,"housing_units":21075.0,"jobs":20357.0}}},{"type":"Feature","geometry":{"type":"MultiPolygon","coordinates":[[[[-73.92663,40.81612],[-73.92265,40.82049],[-73.91677,40.82439],[-73.91588,40.8241],[-73.91622,40.82347],[-73.91182,40.82204],[-73.90991,40.82255],[-73.90129,40.82048],[-73.90447,40.81228],[-73.91095,40.81362],[-73.91765,40.81607],[-73.92048,40.81456],[-73.92158,40.81555],[-73.92125,40.81622],[-73.92309,40.8167],[-73.924,40.81544],[-73.92663,40.81612]]]]},"properties":{"shape_area":"17271763.9172","ntaname":"Melrose","cdtaname":"BX01 Melrose-Mott Haven-Port Morris (CD 1 Approximation)","shape_leng":"19589.1961548","boroname":"Bronx","ntatype":"0","nta2020":"BX0102","borocode":"2","countyfips":"005","ntaabbrev":"Mlrs","cdta2020":"BX01","atlas_id":"BX0102","scalars":{"population":42674.0,"housing_units":15666.0,"jobs":19659.0}}},{"type":"Feature","geometry":{"type":"MultiPolygon","coordinates":[[[[-73.90309,40.80986],[-73.89543,40.81584],[-73.89704,40.8168],[-73.89284,40.82097],[-73.89162,40.82101],[-73.89082,40.82031],[-73.88745,40.82253],[-73.88439,40.82295],[-73.88245,40.81927],[-73.87673,40.81539],[-73.87204,40.81369],[-73.87057,40.81209],[-73.86811,40.80675],[-73.87175,40.80155],[-73.87355,40.80085],[-73.87814,40.80132],[-73.87817,40.80255],[-73.87892,40.80277],[-73.88372,40.80186],[-73.88505,40.80213],[-73.88796,40.805],[-73.88906,40.80502],[-73.88922,40.80585],[-73.89015,40.80496],[-73.88937,40.80593],[-73.89179,40.80562],[-73.89198,40.80638],[-73.89271,40.80634],[-73.89131,40.80498],[-73.89275,40.80634],[-73.89485,40.80621],[-73.89484,40.80572],[-73.8951,40.80686],[-73.89528,40.80577],[-73.89559,40.80658],[-73.89579,40.80583],[-73.89611,40.8065],[-73.8975,40.80621],[-73.89741,40.8058],[-73.89801,40.80617],[-73.89787,40.80553],[-73.89816,40.80614],[-73.89853,40.80543],[-73.90205,40.80478],[-73.90309,40.80986]]]]},"properties":{"shape_area":"45027064.99","ntaname":"Hunts Point","cdtaname":"BX02 Longwood-Hunts Point (CD 2 Approximation)","shape_leng":"37438.1262456","boroname":"Bronx","ntatype":"0","nta2020":"BX0201","borocode":"2","countyfips":"005","ntaabbrev":"HntsPt","cdta2020":"BX02","atlas_id":"BX0201","scalars":{"population":14509.0,"housing_units":5219.0,"jobs":20570.0}}},{"type":"Feature","geometry":{"type":"MultiPolygon","coordinates":[[[[-73.90447,40.81228],[-73.90061,40.82211],[-73.90199,40.82244],[-73.90051,40.82601],[-73.90165,40.82626],[-73.90094,40.82793],[-73.89549,40.82825],[-73.89484,40.82625],[-73.89293,40.82679],[-73.8879,40.82674],[-73.8861,40.82766],[-73.88733,40.8228],[-73.89082,40.82031],[-73.89162,40.82101],[-73.89284,40.82097],[-73.89704,40.8168],[-73.89543,40.81584],[-73.89759,40.81378],[-73.90309,40.80986],[-73.90342,40.81151],[-73.90447,40.81228]]]]},"properties":{"shape_area":"15396708.7956","ntaname":"Longwood","cdtaname":"BX02 Longwood-Hunts Point (CD 2 Approximation)","shape_leng":"21730.0007468","boroname":"Bronx","ntatype":"0","nta2020":"BX0202","borocode":"2","countyfips":"005","ntaabbrev":"Lngwd","cdta2020":"BX02","atlas_id":"BX0202","scalars":{"population":40395.0,"housing_units":14693.0,"jobs":6865.0}}},{"type":"Feature","geometry":{"type":"MultiPolygon","coordinates":[[[[-73.89919,40.7965],[-73.89788,40.79712],[-73.89681,40.79581],[-73.89797,40.79564],[-73.89919,40.7965]]],[[[-73.90838,40.79949],[-73.90824,40.79941],[-73.90822,40.79942],[-73.90818,40.79939],[-73.90813,40.79943],[-73.90796,40.79928],[-73.90803,40.79924],[-73.90817,40.79932],[-73.90825,40.79937],[-73.90832,40.79941],[-73.90842,40.79944],[-73.90838,40.79949]]],[[[-73.90766,40.79942],[-73.90768,40.79939],[-73.90779,40.79944],[-73.90785,40.79947],[-73.90793,40.7995],[-73.908,40.79951],[-73.90805,40.79953],[-73.9081,40.79954],[-73.90807,40.79957],[-73.90803,40.79956],[-73.90795,40.79954],[-73.90787,40.79952],[-73.90779,40.79949],[-73.90773,40.79947],[-73.90766,40.79942]]],[[[-73.90639,40.80109],[-73.90645,40.80104],[-73.90659,40.80111],[-73.90652,40.80118],[-73.90639,40.80109]]],[[[-73.90021,40.79926],[-73.90004,40.80091],[-73.89833,40.80241],[-73.89647,40.80079],[-73.89864,40.7991],[-73.90021,40.79926]]],[[[-73.90402,40.80347],[-73.9041,40.80342],[-73.90415,40.80346],[-73.90407,40.80352],[-73.90402,40.80347]]],[[[-73.90385,40.80357],[-73.90387,40.80356],[-73.90395,40.80362],[-73.90394,40.80363],[-73.90393,40.80363],[-73.90385,40.80357]]],[[[-73.90367,40.8037],[-73.90369,40.80369],[-73.90377,40.80375],[-73.90374,40.80377],[-73.90367,40.8037]]],[[[-73.90332,40.80378],[-73.90334,40.80377],[-73.90336,40.80386],[-73.90334,40.80386],[-73.90332,40.80378]]],[[[-73.90297,40.80394],[-73.903,40.80392],[-73.90309,40.804],[-73.90306,40.80402],[-73.90297,40.80394]]],[[[-73.90271,40.80416],[-73.9029,40.80414],[-73.90288,40.80416],[-73.90271,40.80418],[-73.90271,40.80416]]]]},"properties":{"shape_area":"930649.159021","ntaname":"North & South Brother Islands","cdtaname":"BX02 Longwood-Hunts Point (CD 2 Approximation)","shape_leng":"7178.42290043","boroname":"Bronx","ntatype":"9","nta2020":"BX0291","borocode":"2","countyfips":"005","ntaabbrev":"BrthrIsls","cdta2020":"BX02","atlas_id":"BX0291","scalars":{"population":0.0,"housing_units":0.0}}},{"type":"Feature","geometry":{"type":"MultiPolygon","coordinates":[[[[-73.91677,40.82439],[-73.91541,40.82577],[-73.91351,40.8248],[-73.91317,40.82546],[-73.91131,40.82485],[-73.91169,40.82776],[-73.90896,40.83023],[-73.90553,40.8291],[-73.90123,40.8355],[-73.89697,40.83434],[-73.8963,40.83354],[-73.89717,40.83037],[-73.89549,40.82825],[-73.90094,40.82793],[-73.90165,40.82626],[-73.90051,40.82601],[-73.90199,40.82244],[-73.90061,40.82211],[-73.90129,40.82048],[-73.90991,40.82255],[-73.91182,40.82204],[-73.91622,40.82347],[-73.91588,40.8241],[-73.91677,40.82439]]]]},"properties":{"shape_area":"13811283.4895","ntaname":"Morrisania","cdtaname":"BX03 Morrisania-Crotona Park East (CD 3 Approximation)","shape_leng":"21889.2140046","boroname":"Bronx","ntatype":"0","nta2020":"BX0301","borocode":"2","countyfips":"005","ntaabbrev":"Mrrsnia","cdta2020":"BX03","atlas_id":"BX0301","scalars":{"population":35703.0,"housing_units":13541.0,"jobs":7015.0}}},{"type":"Feature","geometry":{"type":"MultiPolygon","coordinates":[[[[-73.91049,40.83074],[-73.90538,40.83977],[-73.90483,40.84484],[-73.89479,40.84372],[-73.89538,40.84294],[-73.89666,40.84352],[-73.90553,40.8291],[-73.91049,40.83074]]]]},"properties":{"shape_area":"9998253.02014","ntaname":"Claremont Village-Claremont (East)","cdtaname":"BX03 Morrisania-Crotona Park East (CD 3 Approximation)","shape_leng":"16428.0643992","boroname":"Bronx","ntatype":"0","nta2020":"BX0302","borocode":"2","countyfips":"005","ntaabbrev":"ClrmntVlg","cdta2020":"BX03","atlas_id":"BX0302","scalars":{"population":24648.0,"housing_units":8494.0,"jobs":5805.0}}},{"type":"Feature","geometry":{"type":"MultiPolygon","coordinates":[[[[-73.89717,40.83037],[-73.8963,40.83354],[-73.89697,40.83434],[-73.89386,40.8364],[-73.89057,40.8369],[-73.88841,40.83855],[-73.8873,40.83814],[-73.88618,40.84011],[-73.88271,40.83863],[-73.88201,40.83744],[-73.88223,40.83545],[-73.88005,40.8347],[-73.8839,40.8298],[-73.88352,40.82926],[-73.88461,40.8253],[-73.88439,40.82295],[-73.88773,40.82238],[-73.8861,40.82766],[-73.8879,40.82674],[-73.89293,40.82679],[-73.89484,40.82625],[-73.89511,40.82804],[-73.8964,40.82876],[-73.8967,40.83041],[-73.89717,40.83037]]]]},"properties":{"shape_area":"15978694.5511","ntaname":"Crotona Park East","cdtaname":"BX03 Morrisania-Crotona Park East (CD 3 Approximation)","shape_leng":"20755.0573084","boroname":"Bronx","ntatype":"0","nta2020":"BX0303","borocode":"2","countyfips":"005","ntaabbrev":"CrtnaPkEst","cdta2020":"BX03","atlas_id":"BX0303","scalars":{"population":29120.0,"housing_units":11172.0,"jobs":4353.0}}},{"type":"Feature","geometry":{"type":"MultiPolygon","coordinates":[[[[-73.90123,40.8355],[-73.89666,40.84352],[-73.88942,40.83942],[-73.88869,40.83916],[-73.88814,40.83986],[-73.8866,40.83928],[-73.8873,40.83814],[-73.88841,40.83855],[-73.89057,40.8369],[-73.89386,40.8364],[-73.89697,40.83434],[-73.90123,40.8355]]]]},"properties":{"shape_area":"6339739.13543","ntaname":"Crotona Park","cdtaname":"BX03 Morrisania-Crotona Park East (CD 3 Approximation)","shape_leng":"11725.2460281","boroname":"Bronx","ntatype":"9","nta2020":"BX0391","borocode":"2","countyfips":"005","ntaabbrev":"CrtnaPk","cdta2020":"BX03","atlas_id":"BX0391","scalars":{"population":0.0,"housing_units":0.0}}},{"type":"Feature","geometry":{"type":"MultiPolygon","coordinates":[[[[-73.93307,40.82816],[-73.93096,40.82834],[-73.93069,40.82706],[-73.92715,40.82572],[-73.92222,40.83416],[-73.92318,40.83453],[-73.92237,40.83611],[-73.92002,40.83766],[-73.92048,40.83714],[-73.91647,40.83578],[-73.91587,40.83639],[-73.90869,40.83394],[-73.91049,40.83074],[-73.90896,40.83023],[-73.91169,40.82776],[-73.91131,40.82485],[-73.91317,40.82546],[-73.91351,40.8248],[-73.91541,40.82577],[-73.92518,40.81801],[-73.92732,40.81856],[-73.92886,40.81488],[-73.93028,40.81325],[-73.93242,40.81415],[-73.93307,40.82816]]]]},"properties":{"shape_area":"26502982.4996","ntaname":"Concourse-Concourse Village","cdtaname":"BX04 Highbridge-Concourse (CD 4 Approximation)","shape_leng":"29504.1863169","boroname":"Bronx","ntatype":"0","nta2020":"BX0401","borocode":"2","countyfips":"005","ntaabbrev":"Cncrs","cdta2020":"BX04","atlas_id":"BX0401","scalars":{"population":68876.0,"housing_units":26518.0,"jobs":15160.0}}},{"type":"Feature","geometry":{"type":"MultiPolygon","coordinates":[[[[-73.93361,40.83279],[-73.93266,40.83647],[-73.92805,40.84546],[-73.92273,40.84423],[-73.92282,40.84275],[-73.92131,40.83981],[-73.92237,40.83611],[-73.92403,40.83506],[-73.92761,40.83013],[-73.92974,40.82869],[-73.93307,40.82816],[-73.93361,40.83279]]]]},"properties":{"shape_area":"13048058.8446","ntaname":"Highbridge","cdtaname":"BX04 Highbridge-Concourse (CD 4 Approximation)","shape_leng":"15723.4262679","boroname":"Bronx","ntatype":"0","nta2020":"BX0402","borocode":"2","countyfips":"005","ntaabbrev":"Hghbrdg","cdta2020":"BX04","atlas_id":"BX0402","scalars":{"population":33144.0,"housing_units":12078.0,"jobs":2995.0}}},{"type":"Feature","geometry":{"type":"MultiPolygon","coordinates":[[[[-73.92286,40.84344],[-73.92265,40.84475],[-73.90483,40.84475],[-73.90502,40.8424],[-73.90953,40.84306],[-73.90888,40.83864],[-73.90963,40.83713],[-73.90788,40.83727],[-73.90538,40.83977],[-73.90869,40.83394],[-73.91587,40.83639],[-73.91647,40.83578],[-73.92048,40.83714],[-73.92002,40.83766],[-73.92237,40.83611],[-73.92131,40.83981],[-73.92286,40.84344]]]]},"properties":{"shape_area":"13607412.085","ntaname":"Mount Eden-Claremont (West)","cdtaname":"BX04 Highbridge-Concourse (CD 4 Approximation)","shape_leng":"21598.9595544","boroname":"Bronx","ntatype":"0","nta2020":"BX0403","borocode":"2","countyfips":"005","ntaabbrev":"MtEdn","cdta2020":"BX04","atlas_id":"BX0403","scalars":{"population":52923.0,"housing_units":17879.0,"jobs":4350.0}}},{"type":"Feature","geometry":{"type":"MultiPolygon","coordinates":[[[[-73.93096,40.82834],[-73.92803,40.82972],[-73.92403,40.83506],[-73.92237,40.83611],[-73.92318,40.83453],[-73.92222,40.83416],[-73.92715,40.82572],[-73.93069,40.82706],[-73.93096,40.82834]]]]},"properties":{"shape_area":"2811049.78433","ntaname":"Yankee Stadium-Macombs Dam Park","cdtaname":"BX04 Highbridge-Concourse (CD 4 Approximation)","shape_leng":"9678.13206105","boroname":"Bronx","ntatype":"9","nta2020":"BX0491","borocode":"2","countyfips":"005","ntaabbrev":"YnkStdm","cdta2020":"BX04","atlas_id":"BX0491","scalars":{"population":0.0,"housing_units":0.0,"jobs":343.0}}},{"type":"Feature","geometry":{"type":"MultiPolygon","coordinates":[[[[-73.90963,40.83713],[-73.90888,40.83864],[-73.90953,40.84306],[-73.90515,40.84255],[-73.90526,40.84061],[-73.90672,40.83835],[-73.90798,40.83721],[-73.90963,40.83713]]]]},"properties":{"shape_area":"1862238.71796","ntaname":"Claremont Park","cdtaname":"BX04 Highbridge-Concourse (CD 4 Approximation)","shape_leng":"6257.33921463","boroname":"Bronx","ntatype":"9","nta2020":"BX0492","borocode":"2","countyfips":"005","ntaabbrev":"ClrmntPk","cdta2020":"BX04","atlas_id":"BX0492","scalars":{"population":0.0,"housing_units":0.0}}},{"type":"Feature","geometry":{"type":"MultiPolygon","coordinates":[[[[-73.92805,40.84546],[-73.91902,40.8574],[-73.91741,40.85705],[-73.91719,40.85592],[-73.91616,40.85878],[-73.91328,40.85962],[-73.91072,40.85871],[-73.90967,40.85748],[-73.90777,40.85961],[-73.90487,40.85869],[-73.90566,40.8574],[-73.90468,40.85706],[-73.90522,40.8562],[-73.91419,40.84513],[-73.92265,40.84475],[-73.92286,40.84427],[-73.92805,40.84546]]]]},"properties":{"shape_area":"19642617.6255","ntaname":"University Heights (South)-Morris Heights","cdtaname":"BX05 Morris Heights-Mount Hope (CD 5 Approximation)","shape_leng":"21833.8722635","boroname":"Bronx","ntatype":"0","nta2020":"BX0501","borocode":"2","countyfips":"005","ntaabbrev":"UnvrsHts_S","cdta2020":"BX05","atlas_id":"BX0501","scalars":{"population":55415.0,"housing_units":19020.0,"jobs":4414.0}}},{"type":"Feature","geometry":{"type":"MultiPolygon","coordinates":[[[[-73.91419,40.84513],[-73.90557,40.85579],[-73.90186,40.85459],[-73.90078,40.85605],[-73.89817,40.85515],[-73.89864,40.85391],[-73.8971,40.85517],[-73.89561,40.85457],[-73.90132,40.84447],[-73.91419,40.84513]]]]},"properties":{"shape_area":"12681766.1117","ntaname":"Mount Hope","cdtaname":"BX05 Morris Heights-Mount Hope (CD 5 Approximation)","shape_leng":"16278.235568","boroname":"Bronx","ntatype":"0","nta2020":"BX0502","borocode":"2","countyfips":"005","ntaabbrev":"MtHp","cdta2020":"BX05","atlas_id":"BX0502","scalars":{"population":48934.0,"housing_units":17031.0,"jobs":7661.0}}},{"type":"Feature","geometry":{"type":"MultiPolygon","coordinates":[[[[-73.90566,40.8574],[-73.90351,40.86092],[-73.90254,40.86058],[-73.90108,40.86276],[-73.89944,40.86212],[-73.89694,40.86244],[-73.89138,40.8617],[-73.89644,40.85491],[-73.8971,40.85517],[-73.89864,40.85391],[-73.89817,40.85515],[-73.90078,40.85605],[-73.90186,40.85459],[-73.90396,40.85496],[-73.90557,40.85579],[-73.90468,40.85706],[-73.90566,40.8574]]]]},"properties":{"shape_area":"7379039.80986","ntaname":"Fordham Heights","cdtaname":"BX05 Morris Heights-Mount Hope (CD 5 Approximation)","shape_leng":"12917.280386","boroname":"Bronx","ntatype":"0","nta2020":"BX0503","borocode":"2","countyfips":"005","ntaabbrev":"FrdhmHts","cdta2020":"BX05","atlas_id":"BX0503","scalars":{"population":33865.0,"housing_units":11080.0,"jobs":5526.0}}},{"type":"Feature","geometry":{"type":"MultiPolygon","coordinates":[[[[-73.88618,40.84011],[-73.8852,40.84498],[-73.88312,40.84822],[-73.87734,40.84399],[-73.87818,40.84262],[-73.87459,40.84152],[-73.86987,40.84662],[-73.86889,40.84811],[-73.86956,40.84802],[-73.86921,40.84924],[-73.86786,40.84886],[-73.86835,40.84708],[-73.86893,40.84688],[-73.86804,40.84481],[-73.871,40.84311],[-73.8736,40.8398],[-73.87283,40.83975],[-73.87393,40.83599],[-73.87673,40.83621],[-73.8794,40.83447],[-73.88223,40.83545],[-73.88201,40.83744],[-73.88271,40.83863],[-73.88618,40.84011]]]]},"properties":{"shape_area":"11701248.8273","ntaname":"West Farms","cdtaname":"BX06 Tremont-Belmont-West Farms (CD 6 Approximation)","shape_leng":"21993.6266611","boroname":"Bronx","ntatype":"0","nta2020":"BX0601","borocode":"2","countyfips":"005","ntaabbrev":"WstFrms","cdta2020":"BX06","atlas_id":"BX0601","scalars":{"population":18633.0,"housing_units":6898.0,"jobs":2220.0}}},{"type":"Feature","geometry":{"type":"MultiPolygon","coordinates":[[[[-73.90132,40.84447],[-73.89534,40.8547],[-73.89217,40.85277],[-73.89039,40.85469],[-73.88961,40.85362],[-73.88997,40.8521],[-73.88312,40.84822],[-73.8852,40.84498],[-73.8866,40.83928],[-73.88814,40.83986],[-73.88869,40.83916],[-73.88942,40.83942],[-73.89538,40.84294],[-73.89479,40.84372],[-73.90132,40.84447]]]]},"properties":{"shape_area":"15829215.1566","ntaname":"Tremont","cdtaname":"BX06 Tremont-Belmont-West Farms (CD 6 Approximation)","shape_leng":"18324.1067374","boroname":"Bronx","ntatype":"0","nta2020":"BX0602","borocode":"2","countyfips":"005","ntaabbrev":"Trmnt","cdta2020":"BX06","atlas_id":"BX0602","scalars":{"population":32097.0,"housing_units":11900.0,"jobs":9273.0}}},{"type":"Feature","geometry":{"type":"MultiPolygon","coordinates":[[[[-73.89644,40.85491],[-73.89138,40.8617],[-73.89177,40.86187],[-73.8889,40.86475],[-73.88812,40.86425],[-73.88363,40.86726],[-73.88268,40.86609],[-73.88385,40.86519],[-73.88387,40.86429],[-73.88051,40.86061],[-73.88073,40.85668],[-73.88312,40.84822],[-73.88997,40.8521],[-73.88961,40.85362],[-73.89039,40.85469],[-73.89217,40.85277],[-73.89421,40.85385],[-73.894,40.85425],[-73.89644,40.85491]]]]},"properties":{"shape_area":"16393957.3933","ntaname":"Belmont","cdtaname":"BX06 Tremont-Belmont-West Farms (CD 6 Approximation)","shape_leng":"19746.6538537","boroname":"Bronx","ntatype":"0","nta2020":"BX0603","borocode":"2","countyfips":"005","ntaabbrev":"Blmnt","cdta2020":"BX06","atlas_id":"BX0603","scalars":{"population":35619.0,"housing_units":12653.0,"jobs":13498.0}}},{"type":"Feature","geometry":{"type":"MultiPolygon","coordinates":[[[[-73.91902,40.8574],[-73.91341,40.86337],[-73.91276,40.86303],[-73.91227,40.86363],[-73.9128,40.8639],[-73.91044,40.86653],[-73.9095,40.86883],[-73.90865,40.87139],[-73.90893,40.87216],[-73.90746,40.87355],[-73.90452,40.8725],[-73.90442,40.87036],[-73.90319,40.86915],[-73.89942,40.86788],[-73.8996,40.86873],[-73.89892,40.86966],[-73.89656,40.86857],[-73.8974,40.86747],[-73.89016,40.86348],[-73.89177,40.86187],[-73.89714,40.86245],[-73.89944,40.86212],[-73.90108,40.86276],[-73.90254,40.86058],[-73.90351,40.86092],[-73.90487,40.85869],[-73.90777,40.85961],[-73.90967,40.85748],[-73.91072,40.85871],[-73.91328,40.85962],[-73.91616,40.85878],[-73.91719,40.85592],[-73.91741,40.85705],[-73.91902,40.8574]]]]},"properties":{"shape_area":"18313195.4893","ntaname":"University Heights (North)-Fordham","cdtaname":"BX07 Fordham-Bedford Park-Norwood (CD 7 Approximation)","shape_leng":"27360.6204704","boroname":"Bronx","ntatype":"0","nta2020":"BX0701","borocode":"2","countyfips":"005","ntaabbrev":"UnvrsHts_N","cdta2020":"BX07","atlas_id":"BX0701","scalars":{"population":47047.0,"housing_units":16674.0,"jobs":10082.0}}},{"type":"Feature","geometry":{"type":"MultiPolygon","coordinates":[[[[-73.90043,40.87485],[-73.89553,40.88246],[-73.8942,40.88302],[-73.89163,40.88234],[-73.88713,40.88282],[-73.88568,40.87887],[-73.88528,40.87922],[-73.88346,40.87606],[-73.88335,40.87376],[-73.88147,40.86857],[-73.88812,40.86425],[-73.8889,40.86475],[-73.89016,40.86348],[-73.8974,40.86747],[-73.89656,40.86857],[-73.89892,40.86966],[-73.89779,40.87086],[-73.89811,40.87311],[-73.90043,40.87485]]]]},"properties":{"shape_area":"24553606.552","ntaname":"Bedford Park","cdtaname":"BX07 Fordham-Bedford Park-Norwood (CD 7 Approximation)","shape_leng":"20847.6055206","boroname":"Bronx","ntatype":"0","nta2020":"BX0702","borocode":"2","countyfips":"005","ntaabbrev":"BdfrdPk","cdta2020":"BX07","atlas_id":"BX0702","scalars":{"population":56967.0,"housing_units":21704.0,"jobs":7269.0}}},{"type":"Feature","geometry":{"type":"MultiPolygon","coordinates":[[[[-73.88717,40.88258],[-73.88693,40.88436],[-73.88124,40.88271],[-73.87804,40.88712],[-73.87761,40.88452],[-73.87813,40.88215],[-73.8747,40.88155],[-73.87495,40.87995],[-73.87015,40.88035],[-73.87255,40.87518],[-73.87619,40.87048],[-73.88309,40.8666],[-73.88363,40.86726],[-73.88147,40.86857],[-73.88335,40.87376],[-73.8835,40.87616],[-73.88528,40.87922],[-73.88568,40.87887],[-73.88717,40.88258]]]]},"properties":{"shape_area":"15721129.2963","ntaname":"Norwood","cdtaname":"BX07 Fordham-Bedford Park-Norwood (CD 7 Approximation)","shape_leng":"22139.0109332","boroname":"Bronx","ntatype":"0","nta2020":"BX0703","borocode":"2","countyfips":"005","ntaabbrev":"Nrwd","cdta2020":"BX07","atlas_id":"BX0703","scalars":{"population":41357.0,"housing_units":15288.0,"jobs":20881.0}}},{"type":"Feature","geometry":{"type":"MultiPolygon","coordinates":[[[[-73.90615,40.87326],[-73.90377,40.87853],[-73.89668,40.88596],[-73.88705,40.88435],[-73.88713,40.88282],[-73.89163,40.88234],[-73.89433,40.88301],[-73.89638,40.88182],[-73.8969,40.87973],[-73.90042,40.87512],[-73.90011,40.87431],[-73.89852,40.87385],[-73.89786,40.87225],[-73.89779,40.87086],[-73.89945,40.86907],[-73.89942,40.86788],[-73.90319,40.86915],[-73.90442,40.87036],[-73.90452,40.8725],[-73.90615,40.87326]]]]},"properties":{"shape_area":"10970195.2225","ntaname":"Kingsbridge Heights-Van Cortlandt Village","cdtaname":"BX08 Riverdale-Kingsbridge-Marble Hill (CD 8 Approximation)","shape_leng":"20471.1176868","boroname":"Bronx","ntatype":"0","nta2020":"BX0801","borocode":"2","countyfips":"005","ntaabbrev":"KngbrdgHts","cdta2020":"BX08","atlas_id":"BX0801","scalars":{"population":36201.0,"housing_units":13792.0,"jobs":3428.0}}},{"type":"Feature","geometry":{"type":"MultiPolygon","coordinates":[[[[-73.91579,40.87572],[-73.91149,40.87902],[-73.90968,40.87951],[-73.91053,40.88048],[-73.90759,40.88439],[-73.90414,40.88708],[-73.90286,40.88916],[-73.90093,40.8889],[-73.89791,40.89055],[-73.8999,40.88656],[-73.89668,40.88596],[-73.90377,40.87853],[-73.90615,40.87326],[-73.90746,40.87355],[-73.90893,40.87216],[-73.91092,40.87415],[-73.91579,40.87572]]]]},"properties":{"shape_area":"12312473.9348","ntaname":"Kingsbridge-Marble Hill","cdtaname":"BX08 Riverdale-Kingsbridge-Marble Hill (CD 8 Approximation)","shape_leng":"19810.9594858","boroname":"Bronx","ntatype":"0","nta2020":"BX0802","borocode":"2","countyfips":"005","ntaabbrev":"Kngbrdg","cdta2020":"BX08","atlas_id":"BX0802","scalars":{"population":26452.0,"housing_units":10239.0,"jobs":5929.0}}},{"type":"Feature","geometry":{"type":"MultiPolygon","coordinates":[[[[-73.9249,40.87889],[-73.92039,40.88765],[-73.91501,40.90308],[-73.91265,40.90807],[-73.91165,40.91342],[-73.91033,40.91553],[-73.89663,40.91142],[-73.89636,40.9032],[-73.89716,40.89937],[-73.89643,40.89366],[-73.89791,40.89055],[-73.90093,40.8889],[-73.90286,40.88916],[-73.90414,40.88708],[-73.90759,40.88439],[-73.91053,40.88048],[-73.90968,40.87951],[-73.91149,40.87902],[-73.91579,40.87572],[-73.91908,40.87606],[-73.92274,40.87891],[-73.9249,40.87889]]]]},"properties":{"shape_area":"62983246.5253","ntaname":"Riverdale-Spuyten Duyvil","cdtaname":"BX08 Riverdale-Kingsbridge-Marble Hill (CD 8 Approximation)","shape_leng":"37646.588373","boroname":"Bronx","ntatype":"0","nta2020":"BX0803","borocode":"2","countyfips":"005","ntaabbrev":"Rvrdl","cdta2020":"BX08","atlas_id":"BX0803","scalars":{"population":47309.0,"housing_units":20567.0,"jobs":13298.0}}},{"type":"Feature","geometry":{"type":"MultiPolygon","coordinates":[[[[-73.88464,40.82381],[-73.88352,40.82926],[-73.8839,40.8298],[-73.88005,40.8347],[-73.87925,40.83442],[-73.87673,40.83621],[-73.87393,40.83599],[-73.87283,40.83975],[-73.86921,40.8396],[-73.86448,40.84109],[-73.86273,40.83307],[-73.86367,40.8327],[-73.86264,40.82817],[-73.86067,40.82842],[-73.8597,40.82628],[-73.87357,40.82442],[-73.87247,40.82015],[-73.87981,40.81916],[-73.88098,40.81824],[-73.88245,40.81927],[-73.88464,40.82381]]]]},"properties":{"shape_area":"32208010.9214","ntaname":"Soundview-Bruckner-Bronx River","cdtaname":"BX09 Soundview-Parkchester (CD 9 Approximation)","shape_leng":"26836.620138","boroname":"Bronx","ntatype":"0","nta2020":"BX0901","borocode":"2","countyfips":"005","ntaabbrev":"Sdvw_BxRvr","cdta2020":"BX09","atlas_id":"BX0901","scalars":{"population":68566.0,"housing_units":26173.0,"jobs":6640.0}}},{"type":"Feature","geometry":{"type":"MultiPolygon","coordinates":[[[[-73.87146,40.82472],[-73.85636,40.82675],[-73.85362,40.81609],[-73.85164,40.81636],[-73.85093,40.81434],[-73.84705,40.81483],[-73.84664,40.81303],[-73.84611,40.8131],[-73.84647,40.81231],[-73.84577,40.81158],[-73.84689,40.81052],[-73.84821,40.81246],[-73.8506,40.81393],[-73.85301,40.81458],[-73.85262,40.81406],[-73.85337,40.81359],[-73.85538,40.81429],[-73.85347,40.81348],[-73.8512,40.81355],[-73.84921,40.81238],[-73.84997,40.80858],[-73.84876,40.80834],[-73.84952,40.80806],[-73.84842,40.80737],[-73.84753,40.80533],[-73.84865,40.8047],[-73.84998,40.80506],[-73.8502,40.80451],[-73.85561,40.80447],[-73.85663,40.80483],[-73.85561,40.8047],[-73.85572,40.80512],[-73.85724,40.80531],[-73.85683,40.80491],[-73.85889,40.80589],[-73.85831,40.80607],[-73.85889,40.80669],[-73.85897,40.80597],[-73.85937,40.80668],[-73.85938,40.80757],[-73.85867,40.80683],[-73.85839,40.80826],[-73.85895,40.81027],[-73.86013,40.80961],[-73.85933,40.809],[-73.85939,40.80816],[-73.86014,40.80939],[-73.86229,40.80995],[-73.86111,40.81115],[-73.86436,40.81301],[-73.86462,40.81422],[-73.86891,40.81512],[-73.87146,40.82472]]]]},"properties":{"shape_area":"30323641.8918","ntaname":"Soundview-Clason Point","cdtaname":"BX09 Soundview-Parkchester (CD 9 Approximation)","shape_leng":"40475.074276","boroname":"Bronx","ntatype":"0","nta2020":"BX0902","borocode":"2","countyfips":"005","ntaabbrev":"Sdvw_ClsPt","cdta2020":"BX09","atlas_id":"BX0902","scalars":{"population":36401.0,"housing_units":13549.0,"jobs":4702.0}}},{"type":"Feature","geometry":{"type":"MultiPolygon","coordinates":[[[[-73.84229,40.8287],[-73.83702,40.82905],[-73.836,40.8236],[-73.83595,40.81889],[-73.83604,40.81778],[-73.8365,40.81871],[-73.83696,40.81634],[-73.83974,40.81641],[-73.84015,40.81706],[-73.83868,40.81959],[-73.83888,40.82214],[-73.84229,40.8287]]],[[[-73.86367,40.8327],[-73.86085,40.83361],[-73.84849,40.83452],[-73.84728,40.82931],[-73.84505,40.8288],[-73.84532,40.82843],[-73.84292,40.82862],[-73.84002,40.82219],[-73.84,40.81993],[-73.84199,40.81877],[-73.84528,40.81178],[-73.84632,40.81169],[-73.84611,40.8131],[-73.84664,40.81303],[-73.84705,40.81483],[-73.85093,40.81434],[-73.85164,40.81636],[-73.85362,40.81609],[-73.85636,40.82675],[-73.8597,40.82628],[-73.86067,40.82842],[-73.86264,40.82817],[-73.86367,40.8327]]]]},"properties":{"shape_area":"32897687.288","ntaname":"Castle Hill-Unionport","cdtaname":"BX09 Soundview-Parkchester (CD 9 Approximation)","shape_leng":"42978.0972924","boroname":"Bronx","ntatype":"0","nta2020":"BX0903","borocode":"2","countyfips":"005","ntaabbrev":"CstlHl","cdta2020":"BX09","atlas_id":"BX0903","scalars":{"population":39440.0,"housing_units":13412.0,"jobs":3793.0}}},{"type":"Feature","geometry":{"type":"MultiPolygon","coordinates":[[[[-73.86448,40.84109],[-73.85334,40.84247],[-73.85168,40.8342],[-73.86085,40.83361],[-73.86272,40.83292],[-73.86448,40.84109]]]]},"properties":{"shape_area":"9184335.46215","ntaname":"Parkchester","cdtaname":"BX09 Soundview-Parkchester (CD 9 Approximation)","shape_leng":"12411.8210178","boroname":"Bronx","ntatype":"0","nta2020":"BX0904","borocode":"2","countyfips":"005","ntaabbrev":"Pkchstr","cdta2020":"BX09","atlas_id":"BX0904","scalars":{"population":30824.0,"housing_units":13335.0,"jobs":4024.0}}},{"type":"Feature","geometry":{"type":"MultiPolygon","coordinates":[[[[-73.88098,40.81824],[-73.87981,40.81916],[-73.87247,40.82015],[-73.87357,40.82442],[-73.87146,40.82472],[-73.86891,40.81512],[-73.86522,40.81453],[-73.86436,40.81301],[-73.86111,40.81115],[-73.86229,40.80995],[-73.86766,40.81058],[-73.87078,40.81449],[-73.87806,40.81618],[-73.88098,40.81824]]]]},"properties":{"shape_area":"7794401.41787","ntaname":"Soundview Park","cdtaname":"BX09 Soundview-Parkchester (CD 9 Approximation)","shape_leng":"18349.7752108","boroname":"Bronx","ntatype":"9","nta2020":"BX0991","borocode":"2","countyfips":"005","ntaabbrev":"SdvwPk","cdta2020":"BX09","atlas_id":"BX0991","scalars":{"population":0.0,"housing_units":0.0,"jobs":178.0}}},{"type":"Feature","geometry":{"type":"MultiPolygon","coordinates":[[[[-73.85334,40.84247],[-73.84806,40.84307],[-73.84623,40.84449],[-73.84788,40.84599],[-73.84578,40.84797],[-73.84489,40.8502],[-73.84491,40.84543],[-73.84146,40.84096],[-73.84202,40.84066],[-73.83937,40.84088],[-73.83972,40.83957],[-73.8403,40.83952],[-73.83941,40.8346],[-73.83992,40.83332],[-73.84276,40.83082],[-73.84292,40.82862],[-73.84532,40.82843],[-73.84505,40.8288],[-73.84728,40.82931],[-73.84849,40.83452],[-73.85168,40.8342],[-73.85334,40.84247]]]]},"properties":{"shape_area":"15382175.4515","ntaname":"Westchester Square","cdtaname":"BX10 Co-op City-Throgs Neck (CD 10 Approximation)","shape_leng":"25927.2069896","boroname":"Bronx","ntatype":"0","nta2020":"BX1001","borocode":"2","countyfips":"005","ntaabbrev":"WstchstrSq","cdta2020":"BX10","atlas_id":"BX1001","scalars":{"population":16137.0,"housing_units":5627.0,"jobs":10152.0}}},{"type":"Feature","geometry":{"type":"MultiPolygon","coordinates":[[[[-73.84233,40.82907],[-73.84189,40.83071],[-73.83888,40.8336],[-73.83957,40.84055],[-73.83762,40.84028],[-73.83683,40.84346],[-73.83108,40.84374],[-73.82611,40.84534],[-73.8254,40.83566],[-73.82601,40.83402],[-73.82516,40.83461],[-73.82463,40.83386],[-73.81553,40.83598],[-73.81608,40.83571],[-73.81557,40.83553],[-73.81608,40.83536],[-73.81604,40.83417],[-73.81476,40.83082],[-73.8139,40.83091],[-73.81451,40.83061],[-73.81386,40.83056],[-73.8143,40.83035],[-73.81275,40.82825],[-73.80993,40.82821],[-73.81105,40.82798],[-73.81004,40.82778],[-73.81264,40.82784],[-73.81387,40.82678],[-73.81372,40.82627],[-73.81292,40.82638],[-73.81399,40.82607],[-73.81342,40.82593],[-73.8138,40.8253],[-73.81211,40.82555],[-73.81328,40.82516],[-73.81389,40.82409],[-73.80767,40.8259],[-73.80595,40.82288],[-73.80573,40.82018],[-73.80452,40.81893],[-73.80337,40.81825],[-73.80205,40.81855],[-73.79759,40.81651],[-73.79738,40.81576],[-73.79903,40.81554],[-73.80175,40.81287],[-73.8014,40.81236],[-73.80176,40.81286],[-73.80361,40.81252],[-73.80436,40.81361],[-73.80351,40.81294],[-73.80322,40.81336],[-73.80453,40.81425],[-73.80322,40.81337],[-73.80352,40.81395],[-73.80519,40.8157],[-73.80657,40.81661],[-73.80466,40.81454],[-73.80705,40.81653],[-73.80546,40.81469],[-73.80496,40.81216],[-73.80391,40.81211],[-73.8023,40.81002],[-73.801,40.81071],[-73.80147,40.81014],[-73.79854,40.80959],[-73.79229,40.80685],[-73.79086,40.80734],[-73.79015,40.80508],[-73.79104,40.80426],[-73.79339,40.8042],[-73.79578,40.80616],[-73.79792,40.80671],[-73.80159,40.80899],[-73.80393,40.80853],[-73.81016,40.81299],[-73.814,40.81355],[-73.8145,40.81291],[-73.81448,40.81352],[-73.81648,40.81385],[-73.82056,40.81302],[-73.82024,40.81243],[-73.82107,40.8122],[-73.82032,40.81244],[-73.82114,40.81247],[-73.82059,40.81302],[-73.82426,40.81211],[-73.82506,40.81183],[-73.82483,40.81143],[-73.82524,40.81176],[-73.82488,40.81127],[-73.82565,40.81159],[-73.82536,40.81103],[-73.82567,40.81158],[-73.8255,40.81103],[-73.82631,40.81128],[-73.82841,40.81488],[-73.82317,40.81668],[-73.82672,40.82182],[-73.82833,40.82104],[-73.82946,40.82238],[-73.82464,40.82476],[-73.83683,40.82844],[-73.83702,40.82905],[-73.84233,40.82907]]]]},"properties":{"shape_area":"66476699.1124","ntaname":"Throgs Neck-Schuylerville","cdtaname":"BX10 Co-op City-Throgs Neck (CD 10 Approximation)","shape_leng":"86866.7760205","boroname":"Bronx","ntatype":"0","nta2020":"BX1002","borocode":"2","countyfips":"005","ntaabbrev":"ThrgsNck","cdta2020":"BX10","atlas_id":"BX1002","scalars":{"population":49408.0,"housing_units":18178.0,"jobs":7178.0}}},{"type":"Feature","geometry":{"type":"MultiPolygon","coordinates":[[[[-73.78951,40.83536],[-73.78846,40.83531],[-73.78833,40.83467],[-73.78931,40.83446],[-73.78951,40.83536]]],[[[-73.81563,40.84818],[-73.8157,40.84816],[-73.81576,40.84818],[-73.8158,40.84816],[-73.81581,40.84815],[-73.81587,40.84809],[-73.8159,40.84801],[-73.8159,40.8479],[-73.8159,40.84782],[-73.81586,40.84778],[-73.81578,40.84773],[-73.81569,40.84771],[-73.81563,40.84771],[-73.8156,40.84769],[-73.8156,40.84766],[-73.81565,40.84764],[-73.81569,40.84765],[-73.81575,40.84766],[-73.8158,40.84768],[-73.81588,40.84768],[-73.81596,40.84766],[-73.81597,40.84765],[-73.81606,40.84759],[-73.8161,40.84751],[-73.81613,40.84739],[-73.81615,40.84725],[-73.81617,40.84702],[-73.81617,40.84684],[-73.81615,40.84665],[-73.81613,40.84653],[-73.81612,40.84649],[-73.81611,40.84645],[-73.81607,40.84642],[-73.81603,40.8464],[-73.81584,40.84633],[-73.81578,40.84631],[-73.81572,40.84629],[-73.81568,40.84634],[-73.81569,40.84634],[-73.81546,40.8466],[-73.81534,40.84669],[-73.81504,40.84687],[-73.81493,40.84694],[-73.81486,40.84698],[-73.81463,40.84714],[-73.81462,40.84717],[-73.81467,40.8472],[-73.81465,40.84722],[-73.81451,40.84711],[-73.81453,40.84709],[-73.81458,40.84712],[-73.81461,40.84713],[-73.81485,40.84696],[-73.81496,40.84689],[-73.81516,40.84677],[-73.81533,40.84667],[-73.81543,40.84659],[-73.8155,40.84651],[-73.81547,40.8465],[-73.81556,40.84641],[-73.81558,40.84642],[-73.81568,40.84631],[-73.81569,40.84631],[-73.8157,40.84629],[-73.81566,40.84629],[-73.81562,40.84629],[-73.81561,40.84629],[-73.81557,40.8463],[-73.81551,40.84632],[-73.81516,40.8465],[-73.81512,40.84652],[-73.81507,40.84654],[-73.81504,40.84655],[-73.815,40.84654],[-73.81497,40.84652],[-73.81492,40.84648],[-73.81485,40.84652],[-73.8147,40.8466],[-73.81459,40.84667],[-73.81457,40.84668],[-73.81451,40.84671],[-73.81448,40.84673],[-73.81443,40.84676],[-73.81441,40.84677],[-73.81436,40.8468],[-73.81433,40.84682],[-73.81428,40.84685],[-73.81424,40.84687],[-73.8142,40.84689],[-73.81416,40.84692],[-73.81412,40.84694],[-73.8141,40.84695],[-73.81405,40.84698],[-73.81402,40.847],[-73.81397,40.84703],[-73.81393,40.84705],[-73.81389,40.84707],[-73.81387,40.84709],[-73.81381,40.84712],[-73.81379,40.84713],[-73.81373,40.84716],[-73.81371,40.84718],[-73.81366,40.84721],[-73.81366,40.84722],[-73.81371,40.84726],[-73.81369,40.84727],[-73.81361,40.8472],[-73.81356,40.84715],[-73.81358,40.84714],[-73.81363,40.84719],[-73.81364,40.84719],[-73.8137,40.84716],[-73.81372,40.84715],[-73.81377,40.84712],[-73.8138,40.8471],[-73.81385,40.84707],[-73.81388,40.84706],[-73.81391,40.84704],[-73.81395,40.84701],[-73.81401,40.84698],[-73.81403,40.84697],[-73.81408,40.84694],[-73.81411,40.84692],[-73.81412,40.84692],[-73.81428,40.84682],[-73.81432,40.8468],[-73.81442,40.84674],[-73.81443,40.84674],[-73.81458,40.84665],[-73.81484,40.84651],[-73.81491,40.84647],[-73.81466,40.84621],[-73.81447,40.84623],[-73.81442,40.84619],[-73.81466,40.84597],[-73.8146,40.84591],[-73.81468,40.84587],[-73.81475,40.84582],[-73.81481,40.84578],[-73.81486,40.84574],[-73.81509,40.8456],[-73.81503,40.8455],[-73.81421,40.84601],[-73.81399,40.84583],[-73.8139,40.84587],[-73.81319,40.84623],[-73.81314,40.84617],[-73.81382,40.8458],[-73.81401,40.84567],[-73.81402,40.84563],[-73.81398,40.84565],[-73.81348,40.84597],[-73.81346,40.84595],[-73.81397,40.84564],[-73.81402,40.84562],[-73.81403,40.84559],[-73.81395,40.84552],[-73.81369,40.84566],[-73.81367,40.84565],[-73.81394,40.84551],[-73.8139,40.84548],[-73.81386,40.84542],[-73.81373,40.84549],[-73.81371,40.84546],[-73.81384,40.8454],[-73.81381,40.84535],[-73.81363,40.84528],[-73.81362,40.84531],[-73.81361,40.84532],[-73.81361,40.84533],[-73.8136,40.84535],[-73.81352,40.84552],[-73.81349,40.84558],[-73.81346,40.84565],[-73.81345,40.84565],[-73.81343,40.84571],[-73.81341,40.84575],[-73.8134,40.84576],[-73.81336,40.84585],[-73.81335,40.84585],[-73.81333,40.84589],[-73.81332,40.8459],[-73.81329,40.84595],[-73.81321,40.84592],[-73.81322,40.84591],[-73.81328,40.84594],[-73.81331,40.8459],[-73.81331,40.84589],[-73.81334,40.84585],[-73.81334,40.84584],[-73.81336,40.84581],[-73.81337,40.8458],[-73.81344,40.84565],[-73.81346,40.8456],[-73.81347,40.84558],[-73.81349,40.84555],[-73.8135,40.84552],[-73.8135,40.84551],[-73.81353,40.84547],[-73.81353,40.84546],[-73.81355,40.84541],[-73.81356,40.8454],[-73.81358,40.84535],[-73.81358,40.84534],[-73.81358,40.84535],[-73.81359,40.84533],[-73.8136,40.84531],[-73.81361,40.8453],[-73.81361,40.84529],[-73.81362,40.84528],[-73.81346,40.84521],[-73.81326,40.84523],[-73.81324,40.84529],[-73.81323,40.84531],[-73.81321,40.84538],[-73.81318,40.84543],[-73.81318,40.84544],[-73.81316,40.84549],[-73.81313,40.84556],[-73.8131,40.84563],[-73.81307,40.84571],[-73.81307,40.84572],[-73.81306,40.84574],[-73.81303,40.8458],[-73.81297,40.84593],[-73.81297,40.84595],[-73.81296,40.84596],[-73.81293,40.84602],[-73.81293,40.84603],[-73.8129,40.84609],[-73.81289,40.8461],[-73.81287,40.84616],[-73.81286,40.84617],[-73.81283,40.84622],[-73.81283,40.84624],[-73.8128,40.8463],[-73.81286,40.84631],[-73.81285,40.84632],[-73.81272,40.84629],[-73.81273,40.84628],[-73.81279,40.84629],[-73.81281,40.84623],[-73.81291,40.84602],[-73.81292,40.84601],[-73.81294,40.84596],[-73.81295,40.84594],[-73.81298,40.84587],[-73.81299,40.84586],[-73.81302,40.84579],[-73.81302,40.84578],[-73.81304,40.84573],[-73.81309,40.84562],[-73.81312,40.84556],[-73.81312,40.84555],[-73.81314,40.8455],[-73.81315,40.84547],[-73.81317,40.84543],[-73.81317,40.84542],[-73.81319,40.84537],[-73.8132,40.84534],[-73.81321,40.84531],[-73.81322,40.8453],[-73.81324,40.84524],[-73.81321,40.84524],[-73.81319,40.84522],[-73.81316,40.8452],[-73.81313,40.84518],[-73.8131,40.84517],[-73.81307,40.84516],[-73.81303,40.84516],[-73.813,40.84516],[-73.81294,40.84515],[-73.81288,40.84513],[-73.81286,40.84517],[-73.81299,40.84521],[-73.81315,40.8452],[-73.81316,40.84521],[-73.81299,40.84522],[-73.81286,40.84519],[-73.81283,40.84525],[-73.81275,40.84547],[-73.81269,40.8456],[-73.81264,40.84575],[-73.81261,40.84582],[-73.81259,40.84587],[-73.81259,40.84588],[-73.81252,40.84606],[-73.81249,40.84614],[-73.81247,40.84619],[-73.81247,40.8462],[-73.81245,40.84625],[-73.81237,40.84648],[-73.81234,40.84654],[-73.81241,40.84656],[-73.81241,40.84657],[-73.81228,40.84654],[-73.81228,40.84653],[-73.81233,40.84654],[-73.81239,40.84636],[-73.8124,40.84633],[-73.8124,40.84632],[-73.81243,40.84626],[-73.81244,40.84621],[-73.81245,40.84619],[-73.81246,40.84618],[-73.81247,40.84615],[-73.81248,40.84612],[-73.8125,40.84607],[-73.8125,40.84606],[-73.81252,40.84601],[-73.81252,40.846],[-73.81254,40.84594],[-73.81255,40.84593],[-73.81257,40.84588],[-73.81257,40.84587],[-73.81259,40.84582],[-73.81259,40.84581],[-73.81262,40.84574],[-73.81262,40.84573],[-73.81265,40.84567],[-73.81265,40.84566],[-73.81268,40.8456],[-73.81268,40.84559],[-73.8127,40.84554],[-73.81271,40.84553],[-73.81273,40.84547],[-73.81273,40.84546],[-73.81276,40.84539],[-73.81279,40.84532],[-73.81279,40.84531],[-73.81281,40.84525],[-73.81282,40.84524],[-73.81284,40.84518],[-73.81261,40.84513],[-73.81261,40.84511],[-73.81285,40.84516],[-73.81286,40.84513],[-73.81279,40.84511],[-73.81272,40.84508],[-73.81265,40.84505],[-73.81264,40.84504],[-73.81263,40.84503],[-73.81263,40.84501],[-73.81263,40.845],[-73.81254,40.84498],[-73.81244,40.84524],[-73.81255,40.84526],[-73.81254,40.84528],[-73.81246,40.84526],[-73.81219,40.84595],[-73.81217,40.84595],[-73.81196,40.84648],[-73.81203,40.8465],[-73.81202,40.84653],[-73.81204,40.84653],[-73.81203,40.84655],[-73.81192,40.84653],[-73.81188,40.84659],[-73.8123,40.84669],[-73.81244,40.84674],[-73.81242,40.84676],[-73.8123,40.84671],[-73.81188,40.84662],[-73.81184,40.84671],[-73.8117,40.84668],[-73.81223,40.8454],[-73.81224,40.84538],[-73.81232,40.84519],[-73.81232,40.84518],[-73.81233,40.84516],[-73.81234,40.84513],[-73.81243,40.84487],[-73.81243,40.84486],[-73.81245,40.84482],[-73.81252,40.84463],[-73.81252,40.84462],[-73.81253,40.84459],[-73.8126,40.84438],[-73.81262,40.84432],[-73.81265,40.84425],[-73.81266,40.84421],[-73.81277,40.84423],[-73.81278,40.84423],[-73.81271,40.84446],[-73.81271,40.84447],[-73.81272,40.84447],[-73.81273,40.84447],[-73.81278,40.84428],[-73.81278,40.84426],[-73.81282,40.84426],[-73.8128,40.84435],[-73.81276,40.84447],[-73.81277,40.84448],[-73.81278,40.84448],[-73.81281,40.84449],[-73.81299,40.84452],[-73.81298,40.84455],[-73.81297,40.84455],[-73.81276,40.8445],[-73.81276,40.84449],[-73.81274,40.84449],[-73.81271,40.84449],[-73.8127,40.84449],[-73.8127,40.8445],[-73.81265,40.84466],[-73.8129,40.84471],[-73.81291,40.84468],[-73.8129,40.84468],[-73.81291,40.84466],[-73.81296,40.84467],[-73.81297,40.84465],[-73.81311,40.84468],[-73.81309,40.84473],[-73.81305,40.84472],[-73.81304,40.84474],[-73.81307,40.84475],[-73.81306,40.84477],[-73.81312,40.84479],[-73.81309,40.84485],[-73.81266,40.84475],[-73.81268,40.84469],[-73.81264,40.84468],[-73.81255,40.84495],[-73.81263,40.84497],[-73.81264,40.84496],[-73.81265,40.84495],[-73.81266,40.84494],[-73.81267,40.84493],[-73.81269,40.84492],[-73.8127,40.84492],[-73.81272,40.84492],[-73.81285,40.84492],[-73.81299,40.84493],[-73.81312,40.84494],[-73.81325,40.84495],[-73.81335,40.84495],[-73.81345,40.84496],[-73.81355,40.84497],[-73.81355,40.84504],[-73.81359,40.84505],[-73.81363,40.84506],[-73.81366,40.84506],[-73.81368,40.84506],[-73.8137,40.84505],[-73.81372,40.84504],[-73.81374,40.84503],[-73.81376,40.84502],[-73.81377,40.84501],[-73.81378,40.84499],[-73.81379,40.84498],[-73.81384,40.84497],[-73.81389,40.84496],[-73.81394,40.84495],[-73.81399,40.84493],[-73.81404,40.84491],[-73.81408,40.84488],[-73.81412,40.84485],[-73.81414,40.84482],[-73.81417,40.84478],[-73.81418,40.84474],[-73.81412,40.84476],[-73.81386,40.84482],[-73.81387,40.84484],[-73.81375,40.84487],[-73.81374,40.84484],[-73.8137,40.84485],[-73.81369,40.84483],[-73.8139,40.84479],[-73.81389,40.84477],[-73.81395,40.84476],[-73.81396,40.84478],[-73.81404,40.84476],[-73.81419,40.84473],[-73.81418,40.84468],[-73.81417,40.84464],[-73.81415,40.8446],[-73.81412,40.84456],[-73.81408,40.84453],[-73.81404,40.8445],[-73.81399,40.84448],[-73.81394,40.84446],[-73.81388,40.84445],[-73.81383,40.84446],[-73.81382,40.84446],[-73.81373,40.84446],[-73.81366,40.84444],[-73.8136,40.84441],[-73.81357,40.84439],[-73.81355,40.84435],[-73.81351,40.8443],[-73.81347,40.84426],[-73.81344,40.84421],[-73.81343,40.84415],[-73.81342,40.84409],[-73.8134,40.84404],[-73.81338,40.84399],[-73.81336,40.84394],[-73.81336,40.84389],[-73.81336,40.84384],[-73.81338,40.84379],[-73.8134,40.84375],[-73.81343,40.8437],[-73.81346,40.84366],[-73.81347,40.84365],[-73.81348,40.84365],[-73.81349,40.84365],[-73.8135,40.84365],[-73.81351,40.84365],[-73.81356,40.84365],[-73.81361,40.84365],[-73.81366,40.84364],[-73.81371,40.84363],[-73.81376,40.84363],[-73.81382,40.84363],[-73.81387,40.84362],[-73.81392,40.8436],[-73.81397,40.84358],[-73.81402,40.84358],[-73.81408,40.84358],[-73.81413,40.84357],[-73.81417,40.84356],[-73.81422,40.84354],[-73.81429,40.84351],[-73.81437,40.84348],[-73.81444,40.84347],[-73.81453,40.84345],[-73.81461,40.84345],[-73.81469,40.84345],[-73.81477,40.84346],[-73.81485,40.84347],[-73.81493,40.84349],[-73.815,40.8435],[-73.81511,40.8437],[-73.8152,40.84405],[-73.81521,40.84406],[-73.81522,40.84408],[-73.81523,40.84409],[-73.81524,40.8441],[-73.81526,40.84411],[-73.81535,40.84415],[-73.81544,40.8442],[-73.81552,40.84424],[-73.81554,40.84425],[-73.81555,40.84426],[-73.81556,40.84427],[-73.81557,40.84428],[-73.81557,40.8443],[-73.81558,40.84431],[-73.81558,40.84432],[-73.81558,40.84434],[-73.81558,40.84435],[-73.81558,40.84437],[-73.81559,40.84438],[-73.8156,40.8444],[-73.81562,40.84441],[-73.81563,40.84442],[-73.81565,40.84442],[-73.81567,40.84443],[-73.81569,40.84443],[-73.81571,40.84443],[-73.81616,40.84443],[-73.81623,40.84442],[-73.81629,40.84441],[-73.81629,40.8444],[-73.8163,40.8444],[-73.81631,40.8444],[-73.81632,40.84439],[-73.81632,40.84438],[-73.81632,40.84437],[-73.81632,40.84436],[-73.81632,40.84435],[-73.8163,40.84435],[-73.81628,40.84434],[-73.81627,40.84432],[-73.81626,40.84431],[-73.81625,40.84429],[-73.81625,40.84428],[-73.81625,40.84426],[-73.81625,40.84425],[-73.81625,40.84421],[-73.81626,40.84418],[-73.81628,40.84416],[-73.8163,40.84413],[-73.81632,40.84411],[-73.81636,40.84409],[-73.81639,40.84407],[-73.81641,40.84407],[-73.81644,40.84406],[-73.81646,40.84406],[-73.81648,40.84407],[-73.8165,40.84407],[-73.81651,40.84408],[-73.81652,40.84409],[-73.81653,40.8441],[-73.81654,40.84411],[-73.81654,40.84412],[-73.81654,40.84413],[-73.81655,40.84413],[-73.81656,40.84413],[-73.81657,40.84413],[-73.81658,40.84413],[-73.81658,40.84412],[-73.81658,40.84411],[-73.81659,40.84411],[-73.81659,40.8441],[-73.8166,40.8441],[-73.8166,40.84409],[-73.81661,40.84409],[-73.81663,40.84411],[-73.81666,40.84412],[-73.81668,40.84413],[-73.81671,40.84414],[-73.81674,40.84414],[-73.81677,40.84414],[-73.8168,40.84413],[-73.81683,40.84413],[-73.81685,40.84411],[-73.81687,40.8441],[-73.81689,40.84409],[-73.81692,40.84409],[-73.81694,40.84408],[-73.81697,40.84408],[-73.81699,40.84409],[-73.81702,40.8441],[-73.81704,40.84411],[-73.81706,40.84412],[-73.81708,40.84413],[-73.81709,40.84415],[-73.8171,40.84417],[-73.8171,40.84419],[-73.81709,40.8442],[-73.81708,40.84422],[-73.81707,40.84423],[-73.81707,40.84424],[-73.81707,40.84425],[-73.81708,40.84425],[-73.81708,40.84426],[-73.81709,40.84426],[-73.81709,40.84427],[-73.8171,40.84427],[-73.81711,40.84427],[-73.81712,40.84427],[-73.81715,40.84428],[-73.81719,40.84428],[-73.81722,40.84428],[-73.81732,40.84431],[-73.81741,40.84433],[-73.8175,40.84437],[-73.81783,40.84437],[-73.81824,40.84436],[-73.81824,40.84434],[-73.81824,40.84433],[-73.81824,40.84432],[-73.81823,40.8443],[-73.81823,40.84429],[-73.81822,40.84428],[-73.81821,40.84427],[-73.8182,40.84427],[-73.81819,40.84426],[-73.81819,40.84425],[-73.81818,40.84424],[-73.81818,40.84423],[-73.81818,40.84422],[-73.81819,40.84421],[-73.81819,40.8442],[-73.8182,40.84418],[-73.8182,40.84416],[-73.8182,40.84413],[-73.81819,40.84411],[-73.81817,40.84411],[-73.81815,40.84411],[-73.81812,40.84411],[-73.8181,40.84412],[-73.81808,40.84413],[-73.81807,40.84414],[-73.81805,40.84415],[-73.81802,40.84419],[-73.81798,40.84422],[-73.81793,40.84425],[-73.81786,40.84426],[-73.81781,40.84427],[-73.81775,40.84427],[-73.81769,40.84427],[-73.81763,40.84426],[-73.8176,40.84425],[-73.81756,40.84425],[-73.81751,40.84423],[-73.81747,40.8442],[-73.81743,40.84418],[-73.81739,40.84415],[-73.81736,40.84412],[-73.81734,40.84408],[-73.81732,40.84404],[-73.81728,40.844],[-73.81724,40.84395],[-73.81719,40.84392],[-73.81717,40.84391],[-73.81715,40.84391],[-73.81713,40.84391],[-73.81711,40.84391],[-73.81669,40.84397],[-73.81668,40.84397],[-73.81666,40.84396],[-73.81663,40.84394],[-73.81661,40.84392],[-73.81661,40.84387],[-73.81661,40.84386],[-73.81661,40.84383],[-73.81658,40.84381],[-73.81656,40.8438],[-73.81652,40.84376],[-73.81649,40.84372],[-73.81644,40.84367],[-73.81644,40.84364],[-73.81642,40.84359],[-73.81639,40.84356],[-73.81637,40.84352],[-73.81636,40.8435],[-73.81635,40.84348],[-73.81635,40.84343],[-73.81636,40.84338],[-73.81635,40.84333],[-73.81631,40.84326],[-73.81627,40.84319],[-73.81623,40.84313],[-73.8162,40.84307],[-73.81615,40.84301],[-73.8161,40.84298],[-73.81603,40.84295],[-73.81597,40.84292],[-73.81594,40.84289],[-73.81591,40.84287],[-73.81588,40.84283],[-73.81587,40.84279],[-73.81572,40.84254],[-73.81517,40.84258],[-73.81517,40.84255],[-73.8157,40.84252],[-73.81562,40.84246],[-73.81551,40.84242],[-73.81544,40.84241],[-73.81542,40.84239],[-73.81541,40.84235],[-73.81541,40.84233],[-73.81543,40.84229],[-73.81547,40.84226],[-73.81551,40.84222],[-73.81552,40.8422],[-73.81555,40.84216],[-73.81556,40.84211],[-73.81556,40.84206],[-73.81556,40.84202],[-73.81558,40.84197],[-73.81559,40.8419],[-73.81558,40.84184],[-73.81557,40.84175],[-73.81553,40.84165],[-73.81547,40.84159],[-73.81543,40.84156],[-73.81538,40.84152],[-73.81533,40.84149],[-73.8153,40.84144],[-73.81529,40.84139],[-73.81529,40.84134],[-73.81528,40.84129],[-73.81526,40.84126],[-73.81523,40.84123],[-73.8148,40.84138],[-73.8148,40.8414],[-73.81476,40.84141],[-73.81473,40.84138],[-73.81522,40.8412],[-73.81522,40.84117],[-73.81522,40.84113],[-73.81523,40.8411],[-73.81525,40.84106],[-73.81523,40.84101],[-73.81522,40.84097],[-73.81521,40.84091],[-73.81518,40.84087],[-73.81515,40.84082],[-73.81513,40.84078],[-73.81511,40.84074],[-73.8151,40.84072],[-73.81509,40.8407],[-73.81507,40.84066],[-73.81507,40.84062],[-73.81507,40.84059],[-73.81505,40.84054],[-73.81498,40.84055],[-73.81498,40.84056],[-73.81492,40.84057],[-73.81491,40.84056],[-73.8149,40.84056],[-73.8149,40.84054],[-73.81491,40.84054],[-73.81491,40.84053],[-73.81497,40.84052],[-73.81497,40.84053],[-73.81505,40.84052],[-73.81501,40.84029],[-73.81497,40.84008],[-73.81481,40.8398],[-73.81437,40.83987],[-73.81436,40.83985],[-73.8148,40.83979],[-73.81479,40.83977],[-73.81478,40.83976],[-73.81477,40.83976],[-73.81476,40.83975],[-73.81475,40.83975],[-73.81473,40.83976],[-73.81472,40.83976],[-73.81471,40.83976],[-73.8147,40.83976],[-73.8147,40.83975],[-73.8147,40.83973],[-73.81471,40.83971],[-73.81472,40.8397],[-73.81473,40.83968],[-73.81473,40.83965],[-73.81473,40.83961],[-73.81472,40.83959],[-73.81448,40.83963],[-73.81447,40.83962],[-73.81438,40.83964],[-73.81439,40.83964],[-73.81432,40.83965],[-73.81431,40.83962],[-73.81438,40.83961],[-73.81439,40.83962],[-73.81447,40.83961],[-73.81472,40.83957],[-73.8147,40.83945],[-73.81478,40.83908],[-73.8155,40.8388],[-73.81551,40.83877],[-73.81554,40.83874],[-73.81556,40.83873],[-73.81558,40.83873],[-73.81559,40.83874],[-73.81562,40.83874],[-73.81565,40.83874],[-73.81569,40.83869],[-73.81576,40.83865],[-73.81582,40.83863],[-73.81588,40.83863],[-73.81592,40.83861],[-73.81595,40.83858],[-73.81602,40.83853],[-73.81611,40.83844],[-73.81617,40.83838],[-73.81622,40.83829],[-73.81628,40.83823],[-73.81631,40.83815],[-73.81634,40.83807],[-73.81634,40.83803],[-73.81631,40.838],[-73.81629,40.83797],[-73.81629,40.83793],[-73.81631,40.8379],[-73.81632,40.83789],[-73.81635,40.83787],[-73.81641,40.83782],[-73.81645,40.83777],[-73.81648,40.8377],[-73.81648,40.83766],[-73.81645,40.83761],[-73.81644,40.83749],[-73.81643,40.83737],[-73.81642,40.83725],[-73.81642,40.83715],[-73.8164,40.83705],[-73.81639,40.83694],[-73.81636,40.83683],[-73.81634,40.83676],[-73.8163,40.8367],[-73.81623,40.83665],[-73.8162,40.83663],[-73.81616,40.83659],[-73.81617,40.83656],[-73.8162,40.83651],[-73.8162,40.83645],[-73.81618,40.83634],[-73.81614,40.83622],[-73.81609,40.83612],[-73.81606,40.83603],[-73.81641,40.83593],[-73.8172,40.83574],[-73.81805,40.83554],[-73.8189,40.83534],[-73.81978,40.83513],[-73.82063,40.83492],[-73.82151,40.83473],[-73.82223,40.83456],[-73.82237,40.83452],[-73.82258,40.83448],[-73.82266,40.83447],[-73.82309,40.83442],[-73.82319,40.8344],[-73.82327,40.83439],[-73.82368,40.83432],[-73.82379,40.8343],[-73.82463,40.83386],[-73.82489,40.83423],[-73.82516,40.83461],[-73.82529,40.83451],[-73.82542,40.8344],[-73.82556,40.8343],[-73.82571,40.8342],[-73.82586,40.83411],[-73.82601,40.83402],[-73.82607,40.83412],[-73.82616,40.83427],[-73.82622,40.83435],[-73.82604,40.83451],[-73.82588,40.83467],[-73.82573,40.83485],[-73.8256,40.83503],[-73.82549,40.83522],[-73.82545,40.83536],[-73.82542,40.83551],[-73.8254,40.83566],[-73.82541,40.83581],[-73.82544,40.83596],[-73.82549,40.8361],[-73.82556,40.83624],[-73.82565,40.83644],[-73.82574,40.83665],[-73.8258,40.83685],[-73.82585,40.83706],[-73.82589,40.83812],[-73.82591,40.83874],[-73.82596,40.83998],[-73.82597,40.84033],[-73.82599,40.84068],[-73.82603,40.84102],[-73.82608,40.84137],[-73.82624,40.84299],[-73.82581,40.84288],[-73.82568,40.84285],[-73.82558,40.84282],[-73.82518,40.8427],[-73.82514,40.84334],[-73.82508,40.8443],[-73.82508,40.8447],[-73.82496,40.84611],[-73.82444,40.84638],[-73.82396,40.84664],[-73.82301,40.84716],[-73.82204,40.84769],[-73.8211,40.8482],[-73.82048,40.8485],[-73.82014,40.84802],[-73.81915,40.84817],[-73.8182,40.84831],[-73.81726,40.84843],[-73.8163,40.84857],[-73.81514,40.84908],[-73.81524,40.849],[-73.81529,40.84896],[-73.81534,40.84885],[-73.81536,40.84878],[-73.81536,40.84877],[-73.81532,40.8487],[-73.81532,40.84865],[-73.81532,40.84858],[-73.81545,40.84851],[-73.81552,40.84843],[-73.81553,40.8483],[-73.81563,40.84818]]],[[[-73.83683,40.84346],[-73.83556,40.85196],[-73.83464,40.85382],[-73.83228,40.85518],[-73.8286,40.85572],[-73.8272,40.85329],[-73.828,40.84863],[-73.82611,40.84534],[-73.83108,40.84374],[-73.83683,40.84346]]],[[[-73.78922,40.85874],[-73.78919,40.85873],[-73.78915,40.85874],[-73.78916,40.85871],[-73.7891,40.85867],[-73.78907,40.85867],[-73.78906,40.85864],[-73.78906,40.85861],[-73.78904,40.85859],[-73.78903,40.85858],[-73.78903,40.85855],[-73.78898,40.85851],[-73.78894,40.85848],[-73.78892,40.85844],[-73.78888,40.85843],[-73.78881,40.85844],[-73.78877,40.8584],[-73.78875,40.85834],[-73.78877,40.85831],[-73.78879,40.85802],[-73.7888,40.85789],[-73.78881,40.85782],[-73.78881,40.85773],[-73.78879,40.85765],[-73.78882,40.85765],[-73.78881,40.85759],[-73.7888,40.85759],[-73.78877,40.85743],[-73.78878,40.85742],[-73.78826,40.85751],[-73.78826,40.8575],[-73.78818,40.85751],[-73.78818,40.85753],[-73.78804,40.85756],[-73.78803,40.85751],[-73.78817,40.85749],[-73.78817,40.8575],[-73.78826,40.85749],[-73.78825,40.85748],[-73.78878,40.8574],[-73.78876,40.85732],[-73.78875,40.85727],[-73.78873,40.85722],[-73.78872,40.85717],[-73.7887,40.85711],[-73.78871,40.85705],[-73.78872,40.85699],[-73.78875,40.85695],[-73.78876,40.85691],[-73.78877,40.85689],[-73.78879,40.85686],[-73.78881,40.8568],[-73.7888,40.85675],[-73.78878,40.85671],[-73.78881,40.85667],[-73.78884,40.85664],[-73.78887,40.85662],[-73.78889,40.8566],[-73.7889,40.85657],[-73.78888,40.85653],[-73.78886,40.85647],[-73.78882,40.8564],[-73.78878,40.85636],[-73.78877,40.85635],[-73.78876,40.85632],[-73.78873,40.85631],[-73.78873,40.8563],[-73.78869,40.8563],[-73.78865,40.8563],[-73.78862,40.85628],[-73.7886,40.85625],[-73.7886,40.85621],[-73.78858,40.85616],[-73.78854,40.85616],[-73.78851,40.8561],[-73.78852,40.85607],[-73.78847,40.85591],[-73.78847,40.85587],[-73.78844,40.85578],[-73.78841,40.85578],[-73.78836,40.85563],[-73.78843,40.85533],[-73.78842,40.85519],[-73.78853,40.85515],[-73.78855,40.85515],[-73.78854,40.8551],[-73.7885,40.85505],[-73.78845,40.85506],[-73.78843,40.85504],[-73.78839,40.85504],[-73.78836,40.85505],[-73.78834,40.85503],[-73.78833,40.85499],[-73.78832,40.85493],[-73.78831,40.85489],[-73.78831,40.85485],[-73.78829,40.85482],[-73.78829,40.8548],[-73.78832,40.85479],[-73.78835,40.85477],[-73.7884,40.85475],[-73.78842,40.85473],[-73.78843,40.85467],[-73.78842,40.85462],[-73.78842,40.85457],[-73.78843,40.85455],[-73.78844,40.85453],[-73.78846,40.85448],[-73.78848,40.85445],[-73.78848,40.85443],[-73.78848,40.8544],[-73.78843,40.85434],[-73.78841,40.85431],[-73.7884,40.85427],[-73.78835,40.85415],[-73.78787,40.85427],[-73.78787,40.85428],[-73.78765,40.85434],[-73.78765,40.85433],[-73.78756,40.85436],[-73.78756,40.85438],[-73.78736,40.85442],[-73.78735,40.85439],[-73.78755,40.85434],[-73.78755,40.85435],[-73.78764,40.85432],[-73.78835,40.85413],[-73.78832,40.8541],[-73.78827,40.85411],[-73.7882,40.85413],[-73.78817,40.85409],[-73.78778,40.85417],[-73.78769,40.85419],[-73.78766,40.85419],[-73.78763,40.85418],[-73.78756,40.85418],[-73.78743,40.8542],[-73.78731,40.85421],[-73.78727,40.85421],[-73.78722,40.85419],[-73.7872,40.85418],[-73.78717,40.85415],[-73.78715,40.8541],[-73.78713,40.85404],[-73.78691,40.85408],[-73.78691,40.85406],[-73.78713,40.85402],[-73.78715,40.85398],[-73.78721,40.85395],[-73.78729,40.85393],[-73.78732,40.85392],[-73.78742,40.85389],[-73.78762,40.85383],[-73.78781,40.85378],[-73.78788,40.85375],[-73.78793,40.85374],[-73.78797,40.85371],[-73.78799,40.85369],[-73.78801,40.85366],[-73.78801,40.85362],[-73.78801,40.85357],[-73.788,40.85352],[-73.78796,40.85347],[-73.78761,40.85311],[-73.78716,40.85276],[-73.78713,40.85278],[-73.78712,40.85277],[-73.78708,40.8528],[-73.78706,40.85278],[-73.78711,40.85276],[-73.7871,40.85275],[-73.78714,40.85273],[-73.78694,40.85258],[-73.78692,40.85257],[-73.78688,40.85255],[-73.78685,40.85255],[-73.78678,40.85256],[-73.78676,40.85253],[-73.78677,40.85252],[-73.78678,40.8525],[-73.78678,40.85248],[-73.78677,40.85245],[-73.78659,40.85231],[-73.78642,40.85214],[-73.78638,40.85211],[-73.78632,40.85208],[-73.78625,40.85202],[-73.78588,40.85179],[-73.78566,40.8518],[-73.78545,40.85166],[-73.7854,40.85165],[-73.78529,40.85162],[-73.78522,40.85163],[-73.7851,40.85165],[-73.78504,40.85168],[-73.78496,40.85172],[-73.7849,40.85173],[-73.78481,40.85175],[-73.78468,40.85175],[-73.78433,40.85178],[-73.78427,40.85179],[-73.78428,40.8518],[-73.78413,40.85183],[-73.78412,40.85181],[-73.78426,40.85177],[-73.78427,40.85178],[-73.78431,40.85177],[-73.78403,40.85161],[-73.78398,40.85153],[-73.78387,40.85156],[-73.78386,40.85153],[-73.78397,40.85151],[-73.78396,40.85149],[-73.78381,40.85152],[-73.78358,40.85157],[-73.78356,40.85157],[-73.78354,40.85154],[-73.78348,40.85156],[-73.78341,40.85158],[-73.78338,40.85159],[-73.78338,40.85158],[-73.78341,40.85156],[-73.78353,40.85152],[-73.78344,40.8514],[-73.7835,40.85137],[-73.7836,40.85132],[-73.7838,40.85125],[-73.78399,40.85119],[-73.78414,40.85115],[-73.78435,40.8511],[-73.78448,40.85107],[-73.7846,40.8511],[-73.78452,40.85089],[-73.78445,40.8509],[-73.78443,40.85086],[-73.7845,40.85085],[-73.78449,40.85082],[-73.78447,40.85079],[-73.78445,40.85077],[-73.78442,40.85076],[-73.78439,40.85076],[-73.78435,40.85077],[-73.78434,40.85077],[-73.78431,40.85077],[-73.78427,40.85077],[-73.78423,40.85074],[-73.78416,40.8507],[-73.78412,40.85066],[-73.78408,40.85063],[-73.78404,40.85064],[-73.78405,40.85065],[-73.78402,40.85066],[-73.78385,40.85071],[-73.78384,40.85069],[-73.78395,40.85065],[-73.78396,40.85066],[-73.78401,40.85065],[-73.784,40.85064],[-73.78403,40.85063],[-73.78404,40.85064],[-73.78407,40.85063],[-73.78402,40.85058],[-73.78401,40.85053],[-73.784,40.85051],[-73.78401,40.85048],[-73.78401,40.85047],[-73.78404,40.85045],[-73.78413,40.85039],[-73.7842,40.85033],[-73.78424,40.85029],[-73.78426,40.85025],[-73.78425,40.85022],[-73.78421,40.85013],[-73.7842,40.85009],[-73.7842,40.85006],[-73.78415,40.85],[-73.7841,40.84995],[-73.78407,40.8499],[-73.78358,40.84927],[-73.78353,40.84922],[-73.7835,40.8492],[-73.78345,40.84918],[-73.78339,40.84919],[-73.78334,40.8492],[-73.78329,40.84921],[-73.78324,40.84922],[-73.78322,40.84922],[-73.78318,40.84922],[-73.78315,40.84921],[-73.78312,40.84918],[-73.78304,40.84907],[-73.78245,40.84934],[-73.78222,40.84917],[-73.78209,40.84925],[-73.78207,40.84923],[-73.78219,40.84914],[-73.78216,40.84912],[-73.78203,40.84919],[-73.78202,40.84919],[-73.78196,40.84922],[-73.78197,40.84923],[-73.78179,40.84932],[-73.78178,40.84931],[-73.78174,40.84933],[-73.78176,40.84934],[-73.78157,40.84943],[-73.78154,40.8494],[-73.78172,40.84931],[-73.78173,40.84932],[-73.78177,40.8493],[-73.78176,40.84929],[-73.78194,40.84919],[-73.78195,40.84921],[-73.78201,40.84918],[-73.78214,40.8491],[-73.78194,40.84893],[-73.78187,40.84894],[-73.78185,40.84895],[-73.78183,40.84896],[-73.7817,40.84885],[-73.78162,40.8489],[-73.78161,40.84889],[-73.78169,40.84884],[-73.78161,40.84877],[-73.78153,40.84886],[-73.78151,40.84884],[-73.78159,40.84875],[-73.78157,40.84873],[-73.78154,40.84873],[-73.78146,40.84881],[-73.78143,40.8488],[-73.78151,40.84872],[-73.78149,40.84872],[-73.78149,40.84858],[-73.78179,40.84851],[-73.78204,40.84844],[-73.782,40.84834],[-73.78202,40.84834],[-73.78206,40.84845],[-73.78179,40.84853],[-73.7818,40.84855],[-73.78207,40.84847],[-73.78208,40.84842],[-73.7821,40.8484],[-73.7822,40.84837],[-73.78251,40.84829],[-73.78256,40.84828],[-73.78262,40.84824],[-73.78262,40.84821],[-73.78267,40.84814],[-73.78189,40.84833],[-73.78176,40.84835],[-73.78155,40.8484],[-73.78153,40.84834],[-73.78138,40.84838],[-73.78139,40.84842],[-73.78134,40.84843],[-73.78112,40.8485],[-73.78111,40.84852],[-73.78109,40.84852],[-73.78108,40.84851],[-73.78108,40.84849],[-73.78109,40.84848],[-73.7813,40.84842],[-73.78132,40.84842],[-73.78132,40.84839],[-73.78107,40.84845],[-73.78102,40.84846],[-73.78099,40.84846],[-73.78098,40.84846],[-73.78101,40.84842],[-73.78109,40.8484],[-73.78114,40.84838],[-73.78131,40.84835],[-73.7813,40.84832],[-73.78115,40.84832],[-73.78113,40.84832],[-73.7811,40.84832],[-73.7811,40.84831],[-73.78111,40.84829],[-73.78113,40.84829],[-73.78115,40.8483],[-73.78115,40.84829],[-73.78129,40.8483],[-73.78135,40.84829],[-73.78137,40.84833],[-73.78173,40.84823],[-73.78183,40.84825],[-73.78264,40.84807],[-73.7825,40.84791],[-73.78158,40.84804],[-73.78148,40.84788],[-73.7815,40.84768],[-73.78143,40.84746],[-73.78155,40.84734],[-73.7819,40.84723],[-73.78208,40.84713],[-73.7821,40.84699],[-73.78213,40.84691],[-73.78223,40.84685],[-73.78219,40.84672],[-73.78216,40.84664],[-73.78113,40.84683],[-73.78114,40.84685],[-73.78107,40.84687],[-73.78106,40.84685],[-73.78064,40.84692],[-73.78068,40.84706],[-73.78046,40.8471],[-73.7804,40.84693],[-73.78106,40.8468],[-73.78115,40.84625],[-73.78119,40.84625],[-73.78111,40.84675],[-73.78169,40.84664],[-73.78172,40.84641],[-73.78174,40.84641],[-73.78171,40.84666],[-73.7811,40.84677],[-73.78109,40.8468],[-73.78216,40.84661],[-73.78214,40.84658],[-73.78233,40.84655],[-73.78229,40.84646],[-73.78251,40.84641],[-73.78236,40.84598],[-73.78258,40.84594],[-73.78252,40.84576],[-73.7825,40.84566],[-73.78309,40.84552],[-73.7831,40.84551],[-73.78315,40.84531],[-73.78311,40.84531],[-73.78307,40.84551],[-73.78258,40.8456],[-73.78258,40.84561],[-73.78254,40.84562],[-73.78254,40.84564],[-73.78242,40.84566],[-73.78242,40.84568],[-73.78182,40.84578],[-73.78182,40.84576],[-73.78238,40.84567],[-73.78238,40.84565],[-73.78251,40.84562],[-73.7825,40.8456],[-73.78305,40.8455],[-73.78308,40.84533],[-73.78306,40.84533],[-73.78309,40.84517],[-73.78306,40.84509],[-73.78191,40.84536],[-73.78184,40.84549],[-73.78182,40.84548],[-73.78189,40.84533],[-73.78307,40.84506],[-73.78313,40.84518],[-73.78311,40.84529],[-73.78315,40.8453],[-73.78322,40.84506],[-73.7831,40.84499],[-73.78298,40.84468],[-73.78337,40.84444],[-73.78336,40.8444],[-73.78334,40.84436],[-73.78332,40.84435],[-73.78328,40.84434],[-73.78324,40.84435],[-73.78323,40.84435],[-73.78315,40.84436],[-73.7831,40.84438],[-73.78306,40.84437],[-73.78305,40.84433],[-73.78301,40.84417],[-73.78327,40.84407],[-73.78309,40.84387],[-73.7835,40.84373],[-73.78348,40.84368],[-73.78299,40.84379],[-73.78289,40.84389],[-73.78291,40.84394],[-73.78057,40.84447],[-73.78055,40.84447],[-73.78058,40.8445],[-73.78053,40.84453],[-73.77993,40.84388],[-73.77998,40.84386],[-73.78053,40.84445],[-73.78056,40.84445],[-73.78037,40.84398],[-73.7804,40.84397],[-73.78058,40.84443],[-73.78106,40.84433],[-73.78088,40.84386],[-73.78091,40.84386],[-73.78109,40.84432],[-73.78155,40.84422],[-73.78135,40.84371],[-73.78138,40.8437],[-73.78158,40.84421],[-73.78201,40.84411],[-73.7818,40.84358],[-73.78183,40.84358],[-73.78204,40.8441],[-73.78244,40.84401],[-73.78222,40.84345],[-73.78225,40.84344],[-73.78247,40.844],[-73.78282,40.84392],[-73.78257,40.84329],[-73.78261,40.84329],[-73.78278,40.84375],[-73.78309,40.84369],[-73.78287,40.84312],[-73.7829,40.84312],[-73.78313,40.8437],[-73.78281,40.84378],[-73.78284,40.84389],[-73.78287,40.84389],[-73.78294,40.84379],[-73.78298,40.84377],[-73.78347,40.84365],[-73.78319,40.84287],[-73.78305,40.8429],[-73.78325,40.84347],[-73.78321,40.84348],[-73.78301,40.8429],[-73.78291,40.84292],[-73.78289,40.84287],[-73.78314,40.84282],[-73.78312,40.84277],[-73.78292,40.84281],[-73.7829,40.84278],[-73.78312,40.84274],[-73.78302,40.84261],[-73.78289,40.84249],[-73.78273,40.84252],[-73.78282,40.84276],[-73.78278,40.84277],[-73.78271,40.84253],[-73.7823,40.84261],[-73.78244,40.84304],[-73.78241,40.84305],[-73.78227,40.84261],[-73.7818,40.8427],[-73.78197,40.84322],[-73.78193,40.84323],[-73.78177,40.8427],[-73.78125,40.8428],[-73.78143,40.84337],[-73.78139,40.84338],[-73.78122,40.8428],[-73.78067,40.84291],[-73.78086,40.8435],[-73.78083,40.84351],[-73.78064,40.84291],[-73.7803,40.84297],[-73.78029,40.84378],[-73.78023,40.84378],[-73.78023,40.84288],[-73.78029,40.84288],[-73.78029,40.84295],[-73.78286,40.84248],[-73.78272,40.84245],[-73.78231,40.84252],[-73.7823,40.84249],[-73.78243,40.84247],[-73.78241,40.84245],[-73.7806,40.84279],[-73.78059,40.84275],[-73.78237,40.84243],[-73.78234,40.84234],[-73.78216,40.84237],[-73.78215,40.84236],[-73.78233,40.84232],[-73.78231,40.84222],[-73.78222,40.84224],[-73.78222,40.84227],[-73.78216,40.84228],[-73.78216,40.84226],[-73.78163,40.84235],[-73.78162,40.84233],[-73.78225,40.84221],[-73.78225,40.84222],[-73.78231,40.84221],[-73.78232,40.84217],[-73.78233,40.84214],[-73.78233,40.8421],[-73.78237,40.84207],[-73.78237,40.842],[-73.78233,40.84192],[-73.78229,40.84193],[-73.78231,40.84198],[-73.78228,40.84199],[-73.78227,40.84195],[-73.78145,40.84217],[-73.78144,40.84214],[-73.78232,40.8419],[-73.78227,40.84179],[-73.78208,40.84183],[-73.78208,40.84184],[-73.78206,40.84184],[-73.78204,40.84184],[-73.78203,40.84184],[-73.78226,40.84178],[-73.78224,40.84174],[-73.78202,40.84179],[-73.78201,40.84179],[-73.78204,40.84178],[-73.78204,40.84177],[-73.78205,40.84177],[-73.78224,40.84173],[-73.78222,40.8417],[-73.78217,40.84169],[-73.78207,40.84169],[-73.78202,40.8417],[-73.78188,40.84173],[-73.78187,40.84169],[-73.78141,40.84177],[-73.78142,40.84181],[-73.78137,40.84181],[-73.78135,40.84178],[-73.7813,40.84179],[-73.78132,40.84186],[-73.78127,40.84187],[-73.78134,40.842],[-73.78131,40.842],[-73.78125,40.84188],[-73.78113,40.84191],[-73.7812,40.84204],[-73.78117,40.84205],[-73.7811,40.84192],[-73.78098,40.84195],[-73.78105,40.84208],[-73.78102,40.84209],[-73.78096,40.84196],[-73.78085,40.84199],[-73.78092,40.84212],[-73.78089,40.84213],[-73.78081,40.842],[-73.7807,40.84203],[-73.78076,40.84218],[-73.78072,40.84219],[-73.78066,40.84204],[-73.78061,40.84206],[-73.78058,40.84207],[-73.78053,40.84208],[-73.78059,40.84221],[-73.78056,40.84221],[-73.7805,40.84209],[-73.78044,40.84211],[-73.78046,40.84215],[-73.78039,40.84216],[-73.78038,40.84212],[-73.78037,40.84211],[-73.78035,40.84211],[-73.78043,40.84249],[-73.7803,40.84251],[-73.7802,40.84205],[-73.78033,40.84203],[-73.78034,40.8421],[-73.78038,40.84209],[-73.78038,40.84208],[-73.78126,40.84184],[-73.78124,40.84177],[-73.78185,40.84165],[-73.78184,40.84153],[-73.78184,40.84147],[-73.78184,40.8414],[-73.78182,40.84134],[-73.7818,40.84128],[-73.78176,40.84122],[-73.78172,40.84119],[-73.78169,40.84117],[-73.78166,40.84112],[-73.78084,40.84128],[-73.78093,40.84155],[-73.78089,40.84155],[-73.7808,40.84126],[-73.78165,40.8411],[-73.78161,40.84101],[-73.7814,40.84105],[-73.78139,40.84104],[-73.78161,40.841],[-73.7816,40.84095],[-73.78138,40.84099],[-73.78137,40.84098],[-73.78159,40.84094],[-73.78157,40.84084],[-73.78154,40.84078],[-73.78151,40.84077],[-73.78148,40.84076],[-73.78145,40.84075],[-73.78143,40.84074],[-73.78142,40.84071],[-73.78142,40.84069],[-73.78144,40.84068],[-73.78147,40.84066],[-73.78148,40.84064],[-73.78149,40.84062],[-73.78149,40.8406],[-73.78148,40.84057],[-73.78146,40.84055],[-73.78145,40.84053],[-73.78145,40.84051],[-73.78146,40.84049],[-73.78149,40.84047],[-73.78151,40.84045],[-73.78152,40.84044],[-73.78154,40.84042],[-73.78154,40.84039],[-73.78153,40.84034],[-73.78152,40.84029],[-73.78149,40.84021],[-73.78125,40.84026],[-73.78125,40.84024],[-73.78149,40.8402],[-73.78147,40.84018],[-73.78145,40.84014],[-73.78136,40.83973],[-73.78118,40.83976],[-73.78118,40.83975],[-73.78136,40.83971],[-73.78134,40.83948],[-73.78114,40.83951],[-73.78114,40.83949],[-73.78134,40.83947],[-73.78133,40.83929],[-73.78134,40.83924],[-73.78157,40.83854],[-73.7816,40.83848],[-73.78172,40.83822],[-73.782,40.83802],[-73.78188,40.83765],[-73.78238,40.83732],[-73.78273,40.83749],[-73.78275,40.83747],[-73.78281,40.83742],[-73.78291,40.83732],[-73.78289,40.83716],[-73.7828,40.83692],[-73.7827,40.83684],[-73.78268,40.83648],[-73.78282,40.83634],[-73.78303,40.83635],[-73.78338,40.83691],[-73.78366,40.83681],[-73.7841,40.83673],[-73.78422,40.83675],[-73.78431,40.83681],[-73.78448,40.83702],[-73.78492,40.83684],[-73.78488,40.83679],[-73.78498,40.83675],[-73.78508,40.83688],[-73.78498,40.83693],[-73.78494,40.83688],[-73.7845,40.83706],[-73.78485,40.83747],[-73.78513,40.83745],[-73.78564,40.83706],[-73.78583,40.83721],[-73.78579,40.83723],[-73.78565,40.83713],[-73.78517,40.83747],[-73.78528,40.83776],[-73.78558,40.83793],[-73.7855,40.83848],[-73.78555,40.83873],[-73.78553,40.8388],[-73.78556,40.83887],[-73.78568,40.8391],[-73.78574,40.83923],[-73.78593,40.83943],[-73.78608,40.83954],[-73.78615,40.83959],[-73.78627,40.83959],[-73.78653,40.83972],[-73.7869,40.83971],[-73.7873,40.83967],[-73.78733,40.8397],[-73.78741,40.83968],[-73.78741,40.83969],[-73.78734,40.83971],[-73.78739,40.83977],[-73.78747,40.83995],[-73.78749,40.83999],[-73.78749,40.84005],[-73.78748,40.84005],[-73.78745,40.84007],[-73.78747,40.84012],[-73.78764,40.84053],[-73.7874,40.84058],[-73.78736,40.84059],[-73.78739,40.84065],[-73.78749,40.84084],[-73.78772,40.8408],[-73.78771,40.84078],[-73.78792,40.84074],[-73.78793,40.84076],[-73.78818,40.84071],[-73.78816,40.84066],[-73.78814,40.84066],[-73.78809,40.8405],[-73.78816,40.84049],[-73.78821,40.84065],[-73.78819,40.84066],[-73.78821,40.8407],[-73.78824,40.8407],[-73.78825,40.84075],[-73.78797,40.8408],[-73.78796,40.84078],[-73.78778,40.84082],[-73.78778,40.84084],[-73.78752,40.84088],[-73.78758,40.84093],[-73.78779,40.84089],[-73.78786,40.84108],[-73.78761,40.84114],[-73.78761,40.8412],[-73.7878,40.84144],[-73.78784,40.84147],[-73.7879,40.84148],[-73.78795,40.84148],[-73.78804,40.84146],[-73.78812,40.84146],[-73.7882,40.84148],[-73.78824,40.8415],[-73.78825,40.84153],[-73.78837,40.8415],[-73.78837,40.84152],[-73.78826,40.84154],[-73.78826,40.84157],[-73.78826,40.84159],[-73.78825,40.84162],[-73.78823,40.84166],[-73.7882,40.84169],[-73.78816,40.84171],[-73.78812,40.84173],[-73.78805,40.84176],[-73.78802,40.84178],[-73.78805,40.84185],[-73.78829,40.84179],[-73.7883,40.8418],[-73.78806,40.84187],[-73.78823,40.8422],[-73.78838,40.84238],[-73.78844,40.8424],[-73.78851,40.84239],[-73.78852,40.84241],[-73.78884,40.84235],[-73.78884,40.84236],[-73.78853,40.84243],[-73.78872,40.84266],[-73.78876,40.84266],[-73.78879,40.84272],[-73.78876,40.84275],[-73.78884,40.843],[-73.78889,40.84307],[-73.78906,40.84324],[-73.78962,40.84311],[-73.78966,40.84323],[-73.78979,40.84321],[-73.78978,40.84317],[-73.78984,40.84317],[-73.78985,40.84323],[-73.78992,40.84322],[-73.78992,40.84318],[-73.78993,40.84318],[-73.78992,40.84314],[-73.78991,40.84314],[-73.78988,40.84305],[-73.78993,40.84304],[-73.78996,40.84314],[-73.78994,40.84314],[-73.78995,40.84318],[-73.78997,40.84317],[-73.79,40.84331],[-73.78995,40.84331],[-73.78993,40.84324],[-73.78986,40.84325],[-73.78989,40.84338],[-73.78973,40.84341],[-73.78975,40.84345],[-73.7899,40.84342],[-73.78991,40.84344],[-73.78976,40.84347],[-73.78977,40.84351],[-73.7898,40.84359],[-73.78974,40.8436],[-73.78934,40.84368],[-73.78932,40.84375],[-73.78933,40.84379],[-73.78936,40.84384],[-73.78942,40.84384],[-73.78946,40.84395],[-73.78935,40.84398],[-73.78934,40.84399],[-73.78935,40.84401],[-73.78947,40.84429],[-73.7896,40.8445],[-73.78991,40.8449],[-73.78993,40.84492],[-73.79002,40.84493],[-73.7902,40.84519],[-73.7905,40.84549],[-73.79067,40.84574],[-73.79085,40.8457],[-73.79099,40.84565],[-73.79102,40.8457],[-73.7907,40.84579],[-73.79096,40.84623],[-73.79091,40.84625],[-73.79094,40.8463],[-73.79095,40.84631],[-73.79097,40.84636],[-73.79106,40.84635],[-73.79149,40.84625],[-73.7915,40.84628],[-73.79113,40.84636],[-73.79114,40.84642],[-73.79112,40.84643],[-73.79118,40.84656],[-73.79126,40.84655],[-73.79131,40.84654],[-73.79133,40.84656],[-73.79141,40.84655],[-73.79143,40.84658],[-73.79132,40.84661],[-73.79138,40.84671],[-73.79142,40.8467],[-73.79148,40.8468],[-73.79179,40.84673],[-73.7918,40.84677],[-73.79143,40.84686],[-73.79137,40.84689],[-73.79138,40.84693],[-73.79138,40.84695],[-73.79149,40.84696],[-73.79144,40.84731],[-73.7917,40.84725],[-73.79169,40.84724],[-73.79177,40.84723],[-73.79192,40.84723],[-73.79192,40.84726],[-73.79175,40.84727],[-73.79172,40.84727],[-73.79172,40.8473],[-73.79143,40.84736],[-73.79142,40.84748],[-73.79152,40.84746],[-73.79154,40.84754],[-73.79131,40.84759],[-73.79127,40.8476],[-73.79128,40.84765],[-73.79128,40.84766],[-73.79133,40.84806],[-73.79161,40.84803],[-73.79162,40.84805],[-73.79134,40.84809],[-73.79136,40.84823],[-73.79131,40.8484],[-73.79123,40.8485],[-73.79124,40.84855],[-73.79106,40.84873],[-73.79111,40.84881],[-73.7911,40.84882],[-73.79104,40.84874],[-73.79102,40.84881],[-73.79092,40.84887],[-73.79101,40.84899],[-73.79098,40.849],[-73.79089,40.84889],[-73.79025,40.84918],[-73.78976,40.84953],[-73.78983,40.84986],[-73.78986,40.84997],[-73.79016,40.84992],[-73.79016,40.84991],[-73.79023,40.84989],[-73.79023,40.84991],[-73.79065,40.84984],[-73.79065,40.84983],[-73.79093,40.84978],[-73.79091,40.84975],[-73.79095,40.84974],[-73.79099,40.84983],[-73.79068,40.84989],[-73.79066,40.84986],[-73.79044,40.84989],[-73.79045,40.84991],[-73.79037,40.84992],[-73.79036,40.84991],[-73.79023,40.84992],[-73.79024,40.84994],[-73.79017,40.84995],[-73.79017,40.84994],[-73.78987,40.84999],[-73.79002,40.85032],[-73.79017,40.85029],[-73.7902,40.85027],[-73.79021,40.85029],[-73.79025,40.85028],[-73.79024,40.85024],[-73.79028,40.85022],[-73.79026,40.85016],[-73.79036,40.85014],[-73.79041,40.85027],[-73.79014,40.85033],[-73.79015,40.85036],[-73.79022,40.85035],[-73.79023,40.85037],[-73.79005,40.8504],[-73.79005,40.85038],[-73.79012,40.85037],[-73.79012,40.85033],[-73.79002,40.85035],[-73.79004,40.85043],[-73.78989,40.85046],[-73.78989,40.85055],[-73.78992,40.85061],[-73.78997,40.8506],[-73.78998,40.85062],[-73.78993,40.85063],[-73.79003,40.85077],[-73.79007,40.85093],[-73.79025,40.8509],[-73.79025,40.85091],[-73.79007,40.85094],[-73.79009,40.85098],[-73.79026,40.85095],[-73.79027,40.85096],[-73.79009,40.85099],[-73.79012,40.85119],[-73.78951,40.8513],[-73.78956,40.85149],[-73.78966,40.85148],[-73.78966,40.85149],[-73.78979,40.85146],[-73.78978,40.85144],[-73.78971,40.85145],[-73.7897,40.85142],[-73.78968,40.85142],[-73.78967,40.85134],[-73.78977,40.85132],[-73.78978,40.85135],[-73.7898,40.85135],[-73.78981,40.85139],[-73.7898,40.85139],[-73.78981,40.85145],[-73.79006,40.85141],[-73.79002,40.85126],[-73.79005,40.85126],[-73.79009,40.85141],[-73.79035,40.85137],[-73.7903,40.85123],[-73.79034,40.85122],[-73.79038,40.85136],[-73.79082,40.85129],[-73.79078,40.85115],[-73.79082,40.85115],[-73.79086,40.85128],[-73.79099,40.85126],[-73.79099,40.85129],[-73.79087,40.85131],[-73.79089,40.8514],[-73.79086,40.85141],[-73.79083,40.85131],[-73.79039,40.85139],[-73.79041,40.85149],[-73.79039,40.85149],[-73.79035,40.85139],[-73.79009,40.85143],[-73.79012,40.85151],[-73.79007,40.85152],[-73.79005,40.85144],[-73.78966,40.8515],[-73.78973,40.85169],[-73.79015,40.85161],[-73.79017,40.85166],[-73.79089,40.85155],[-73.79092,40.85164],[-73.7902,40.85175],[-73.79022,40.85184],[-73.79025,40.85183],[-73.79023,40.85176],[-73.79046,40.85172],[-73.79046,40.85177],[-73.79038,40.85178],[-73.79039,40.8518],[-73.79027,40.85181],[-73.79027,40.85183],[-73.79029,40.85183],[-73.79031,40.8519],[-73.79028,40.8519],[-73.7903,40.85197],[-73.79026,40.85198],[-73.79008,40.85203],[-73.79016,40.85225],[-73.79024,40.85223],[-73.79016,40.85204],[-73.7902,40.85203],[-73.79027,40.85222],[-73.79053,40.85216],[-73.79045,40.85199],[-73.79051,40.85198],[-73.79057,40.85215],[-73.79081,40.8521],[-73.79074,40.85193],[-73.79058,40.85198],[-73.79056,40.85194],[-73.79079,40.85186],[-73.79082,40.8519],[-73.79076,40.85192],[-73.79079,40.85191],[-73.79085,40.85209],[-73.791,40.85205],[-73.79099,40.85204],[-73.79111,40.85201],[-73.79107,40.85187],[-73.79102,40.85188],[-73.79101,40.85186],[-73.79117,40.85182],[-73.79118,40.85184],[-73.7911,40.85186],[-73.79117,40.85202],[-73.79119,40.85202],[-73.79146,40.85195],[-73.7914,40.85178],[-73.79133,40.8518],[-73.79132,40.85178],[-73.79152,40.85173],[-73.79152,40.85175],[-73.79143,40.85178],[-73.7915,40.85193],[-73.79177,40.85187],[-73.79173,40.85176],[-73.79227,40.85161],[-73.79226,40.85159],[-73.79248,40.85152],[-73.79249,40.85155],[-73.79229,40.85161],[-73.7923,40.85162],[-73.79177,40.85177],[-73.7918,40.85186],[-73.79205,40.8518],[-73.79206,40.85183],[-73.79016,40.85227],[-73.79017,40.85228],[-73.79114,40.85206],[-73.79121,40.8522],[-73.79133,40.85217],[-73.79134,40.85218],[-73.79121,40.85222],[-73.79123,40.85226],[-73.79136,40.85223],[-73.79123,40.85226],[-73.79124,40.85228],[-73.79318,40.85181],[-73.79309,40.85158],[-73.79312,40.85158],[-73.79322,40.85183],[-73.79315,40.85184],[-73.79325,40.85192],[-73.79324,40.85193],[-73.79314,40.85187],[-73.79313,40.85185],[-73.79125,40.8523],[-73.79138,40.8526],[-73.79341,40.85211],[-73.79338,40.85203],[-73.79341,40.85202],[-73.79351,40.85226],[-73.79348,40.85227],[-73.79342,40.85214],[-73.79139,40.85263],[-73.79145,40.85277],[-73.79042,40.85302],[-73.7905,40.85319],[-73.79077,40.85312],[-73.79079,40.85316],[-73.79101,40.85312],[-73.79099,40.85304],[-73.79101,40.85303],[-73.79103,40.85311],[-73.79145,40.85301],[-73.79139,40.85284],[-73.79144,40.85282],[-73.7915,40.853],[-73.7917,40.85296],[-73.79163,40.85278],[-73.79166,40.85278],[-73.79173,40.85295],[-73.79196,40.8529],[-73.79189,40.85272],[-73.79192,40.85271],[-73.79199,40.85289],[-73.79222,40.85283],[-73.79215,40.85266],[-73.79218,40.85265],[-73.79225,40.85282],[-73.79249,40.85277],[-73.79242,40.85259],[-73.79244,40.85259],[-73.79251,40.85276],[-73.79283,40.85268],[-73.79276,40.85251],[-73.79282,40.85249],[-73.7929,40.8527],[-73.79284,40.85271],[-73.79081,40.8532],[-73.79086,40.85332],[-73.79111,40.85326],[-73.79127,40.85371],[-73.79252,40.85341],[-73.79239,40.85306],[-73.79241,40.85305],[-73.79256,40.8534],[-73.79298,40.8533],[-73.79285,40.85295],[-73.79288,40.85294],[-73.79304,40.85337],[-73.79301,40.85338],[-73.793,40.85333],[-73.79127,40.85373],[-73.79129,40.85384],[-73.79106,40.85392],[-73.79128,40.85386],[-73.79129,40.85388],[-73.79246,40.8536],[-73.79249,40.85367],[-73.79246,40.85368],[-73.79244,40.85363],[-73.79107,40.85394],[-73.79108,40.85396],[-73.79138,40.8539],[-73.79158,40.85389],[-73.79172,40.85392],[-73.79179,40.85399],[-73.79182,40.85399],[-73.79182,40.85398],[-73.79251,40.8539],[-73.79251,40.85385],[-73.79254,40.85385],[-73.79257,40.85402],[-73.79253,40.85402],[-73.79252,40.85392],[-73.79183,40.854],[-73.79182,40.854],[-73.79179,40.854],[-73.79192,40.85422],[-73.79134,40.85444],[-73.79129,40.85458],[-73.79187,40.85542],[-73.79208,40.85565],[-73.7925,40.85579],[-73.79249,40.85595],[-73.79242,40.856],[-73.79231,40.85607],[-73.79212,40.85601],[-73.79203,40.85614],[-73.79202,40.85618],[-73.79257,40.85621],[-73.79257,40.85626],[-73.79201,40.85623],[-73.79199,40.85637],[-73.79194,40.85641],[-73.79207,40.85641],[-73.79206,40.85644],[-73.7921,40.85645],[-73.79209,40.85648],[-73.79207,40.85648],[-73.79206,40.85651],[-73.79202,40.85651],[-73.79201,40.85654],[-73.79191,40.85652],[-73.7919,40.85655],[-73.79305,40.85673],[-73.79307,40.85668],[-73.79309,40.85669],[-73.79306,40.85682],[-73.79303,40.85681],[-73.79305,40.85675],[-73.79189,40.85657],[-73.79186,40.85667],[-73.79184,40.85666],[-73.79183,40.85667],[-73.79196,40.85672],[-73.79182,40.85668],[-73.79179,40.85672],[-73.79193,40.85677],[-73.79192,40.85678],[-73.79179,40.85673],[-73.79171,40.85685],[-73.79186,40.85679],[-73.79188,40.85682],[-73.79184,40.85684],[-73.79183,40.85683],[-73.79174,40.85687],[-73.79182,40.8569],[-73.79187,40.85698],[-73.7922,40.85715],[-73.79223,40.85711],[-73.79221,40.85711],[-73.79237,40.85691],[-73.79243,40.85693],[-73.79227,40.85713],[-73.79224,40.85712],[-73.79222,40.85715],[-73.79274,40.85739],[-73.79283,40.85744],[-73.7929,40.85719],[-73.79295,40.85699],[-73.79301,40.857],[-73.793,40.85706],[-73.79288,40.85748],[-73.79281,40.85746],[-73.79272,40.85742],[-73.79186,40.857],[-73.79185,40.85701],[-73.79268,40.85742],[-73.79261,40.85751],[-73.79258,40.85749],[-73.79264,40.85742],[-73.79211,40.85717],[-73.79189,40.85744],[-73.79247,40.85772],[-73.79254,40.85762],[-73.79255,40.85763],[-73.79257,40.85764],[-73.7924,40.85785],[-73.79239,40.85784],[-73.79237,40.85783],[-73.79244,40.85774],[-73.79174,40.85739],[-73.79176,40.85737],[-73.79187,40.85743],[-73.79209,40.85716],[-73.79184,40.85703],[-73.79174,40.85718],[-73.7916,40.85738],[-73.79129,40.85726],[-73.79094,40.85755],[-73.79123,40.85769],[-73.79124,40.85767],[-73.79132,40.85771],[-73.79131,40.85772],[-73.79164,40.85788],[-73.79176,40.85776],[-73.79179,40.85778],[-73.7916,40.85796],[-73.79144,40.85815],[-73.79141,40.85814],[-73.79162,40.8579],[-73.79129,40.85774],[-73.79128,40.85775],[-73.79121,40.85771],[-73.79122,40.8577],[-73.79093,40.85757],[-73.79079,40.85775],[-73.79068,40.8578],[-73.79044,40.85792],[-73.79024,40.85815],[-73.79006,40.85846],[-73.79013,40.85852],[-73.79014,40.85852],[-73.79016,40.85854],[-73.79015,40.85855],[-73.7902,40.8586],[-73.79019,40.85861],[-73.79013,40.85856],[-73.79012,40.85857],[-73.79009,40.85854],[-73.7901,40.85853],[-73.79005,40.85848],[-73.78999,40.85852],[-73.78995,40.85852],[-73.78987,40.85855],[-73.7898,40.85858],[-73.78975,40.85859],[-73.78968,40.8586],[-73.78961,40.85863],[-73.78953,40.85864],[-73.7895,40.85867],[-73.78944,40.85867],[-73.78939,40.85868],[-73.78934,40.8587],[-73.78931,40.85872],[-73.78928,40.85874],[-73.78926,40.85877],[-73.78922,40.85874]]],[[[-73.78773,40.85877],[-73.78692,40.86027],[-73.7845,40.86047],[-73.78514,40.85879],[-73.78622,40.85927],[-73.78669,40.85869],[-73.78773,40.85877]]]]},"properties":{"shape_area":"35309835.2602","ntaname":"Pelham Bay-Country Club-City Island","cdtaname":"BX10 Co-op City-Throgs Neck (CD 10 Approximation)","shape_leng":"121142.083612","boroname":"Bronx","ntatype":"0","nta2020":"BX1003","borocode":"2","countyfips":"005","ntaabbrev":"PlhmBy","cdta2020":"BX10","atlas_id":"BX1003","scalars":{"population":28126.0,"housing_units":12118.0}}},{"type":"Feature","geometry":{"type":"MultiPolygon","coordinates":[[[[-73.83489,40.87474],[-73.83377,40.87872],[-73.83144,40.88111],[-73.82606,40.88415],[-73.82661,40.88465],[-73.82132,40.88602],[-73.82024,40.88549],[-73.82005,40.88211],[-73.8233,40.8731],[-73.82127,40.86907],[-73.81579,40.86576],[-73.81992,40.86178],[-73.82722,40.85921],[-73.82955,40.86216],[-73.83275,40.86845],[-73.83489,40.87474]]]]},"properties":{"shape_area":"29055692.7809","ntaname":"Co-op City","cdtaname":"BX10 Co-op City-Throgs Neck (CD 10 Approximation)","shape_leng":"25102.6493986","boroname":"Bronx","ntatype":"0","nta2020":"BX1004","borocode":"2","countyfips":"005","ntaabbrev":"CoopCty","cdta2020":"BX10","atlas_id":"BX1004","scalars":{"population":37285.0,"housing_units":16675.0,"jobs":8234.0}}},{"type":"Feature","geometry":{"type":"MultiPolygon","coordinates":[[[[-73.78069,40.85493],[-73.78077,40.85484],[-73.78101,40.85488],[-73.78109,40.85496],[-73.78114,40.85499],[-73.78117,40.85503],[-73.78121,40.85507],[-73.78123,40.85511],[-73.78125,40.85516],[-73.78126,40.8552],[-73.78126,40.85525],[-73.78123,40.8554],[-73.7812,40.85543],[-73.78115,40.85547],[-73.7811,40.85549],[-73.78105,40.85551],[-73.78099,40.85553],[-73.78093,40.85553],[-73.78087,40.85553],[-73.78068,40.85534],[-73.78063,40.85526],[-73.78062,40.85516],[-73.78064,40.8551],[-73.78065,40.85503],[-73.78069,40.85493]]],[[[-73.78386,40.85483],[-73.7833,40.85585],[-73.7826,40.85482],[-73.78386,40.85483]]],[[[-73.77297,40.8522],[-73.77173,40.85248],[-73.77235,40.85385],[-73.77296,40.8538],[-73.77214,40.85441],[-73.77235,40.85967],[-73.77085,40.8601],[-73.76533,40.85504],[-73.76783,40.85444],[-73.76939,40.85254],[-73.76861,40.85079],[-73.7696,40.84759],[-73.76789,40.84529],[-73.76901,40.8451],[-73.77118,40.84694],[-73.77157,40.8475],[-73.77089,40.84975],[-73.77297,40.8522]]]]},"properties":{"shape_area":"4905129.17148","ntaname":"Hart Island","cdtaname":"BX10 Co-op City-Throgs Neck (CD 10 Approximation)","shape_leng":"16969.5834675","boroname":"Bronx","ntatype":"7","nta2020":"BX1071","borocode":"2","countyfips":"005","ntaabbrev":"HrtIsl","cdta2020":"BX10","atlas_id":"BX1071","scalars":{"population":0.0,"housing_units":0.0}}},{"type":"Feature","geometry":{"type":"MultiPolygon","coordinates":[[[[-73.84043,40.81254],[-73.83963,40.81401],[-73.83974,40.81641],[-73.83696,40.81634],[-73.8364,40.81889],[-73.83604,40.81778],[-73.836,40.8236],[-73.83683,40.82844],[-73.82464,40.82476],[-73.82946,40.82238],[-73.82833,40.82104],[-73.82672,40.82182],[-73.82317,40.81668],[-73.82841,40.81488],[-73.82631,40.81128],[-73.82916,40.81127],[-73.8315,40.80972],[-73.83221,40.80794],[-73.83162,40.80494],[-73.83744,40.8062],[-73.84043,40.81254]]]]},"properties":{"shape_area":"21745194.1412","ntaname":"Ferry Point Park-St. Raymond Cemetery","cdtaname":"BX10 Co-op City-Throgs Neck (CD 10 Approximation)","shape_leng":"26872.2155","boroname":"Bronx","ntatype":"9","nta2020":"BX1091","borocode":"2","countyfips":"005","ntaabbrev":"FrryPtPk","cdta2020":"BX10","atlas_id":"BX1091","scalars":{"population":0.0,"housing_units":0.0,"jobs":152.0}}},{"type":"Feature","geometry":{"type":"MultiPolygon","coordinates":[[[[-73.8736,40.8398],[-73.871,40.84311],[-73.86804,40.84481],[-73.86893,40.84688],[-73.86835,40.84708],[-73.86786,40.84886],[-73.86921,40.84924],[-73.86825,40.85096],[-73.86989,40.85597],[-73.86819,40.85806],[-73.86179,40.85798],[-73.86212,40.85081],[-73.86304,40.85061],[-73.86251,40.84836],[-73.86039,40.84824],[-73.85738,40.84372],[-73.85334,40.84247],[-73.86347,40.84131],[-73.86921,40.8396],[-73.8736,40.8398]]]]},"properties":{"shape_area":"15588390.2281","ntaname":"Pelham Parkway-Van Nest","cdtaname":"BX11 Pelham Parkway-Morris Park (CD 11 Approximation)","shape_leng":"22993.8198299","boroname":"Bronx","ntatype":"0","nta2020":"BX1101","borocode":"2","countyfips":"005","ntaabbrev":"PlhmPkwy","cdta2020":"BX11","atlas_id":"BX1101","scalars":{"population":30701.0,"housing_units":11679.0,"jobs":10004.0}}},{"type":"Feature","geometry":{"type":"MultiPolygon","coordinates":[[[[-73.86304,40.85061],[-73.86212,40.85081],[-73.86179,40.85798],[-73.84646,40.85864],[-73.83682,40.85728],[-73.83668,40.85665],[-73.83524,40.85649],[-73.8405,40.85419],[-73.84494,40.84822],[-73.84489,40.8502],[-73.84578,40.84797],[-73.84788,40.84599],[-73.84623,40.84449],[-73.84806,40.84307],[-73.85334,40.84247],[-73.85738,40.84372],[-73.86039,40.84824],[-73.86251,40.84836],[-73.86304,40.85061]]]]},"properties":{"shape_area":"27833108.6261","ntaname":"Morris Park","cdtaname":"BX11 Pelham Parkway-Morris Park (CD 11 Approximation)","shape_leng":"24671.3982904","boroname":"Bronx","ntatype":"0","nta2020":"BX1102","borocode":"2","countyfips":"005","ntaabbrev":"MrrsPk","cdta2020":"BX11","atlas_id":"BX1102","scalars":{"population":22807.0,"housing_units":9075.0,"jobs":14744.0}}},{"type":"Feature","geometry":{"type":"MultiPolygon","coordinates":[[[[-73.85961,40.86551],[-73.85867,40.86549],[-73.85849,40.87128],[-73.85661,40.87125],[-73.85651,40.87422],[-73.8486,40.87167],[-73.8316,40.86264],[-73.82955,40.86216],[-73.82841,40.86095],[-73.82987,40.85974],[-73.83682,40.85728],[-73.8474,40.85868],[-73.85664,40.85812],[-73.85771,40.86228],[-73.85961,40.86551]]]]},"properties":{"shape_area":"30064180.7401","ntaname":"Pelham Gardens","cdtaname":"BX11 Pelham Parkway-Morris Park (CD 11 Approximation)","shape_leng":"24342.8950429","boroname":"Bronx","ntatype":"0","nta2020":"BX1103","borocode":"2","countyfips":"005","ntaabbrev":"PlhmGrdns","cdta2020":"BX11","atlas_id":"BX1103","scalars":{"population":30315.0,"housing_units":9718.0,"jobs":5194.0}}},{"type":"Feature","geometry":{"type":"MultiPolygon","coordinates":[[[[-73.87108,40.85734],[-73.87054,40.86967],[-73.86433,40.86966],[-73.86427,40.87139],[-73.85849,40.87128],[-73.85867,40.86549],[-73.85961,40.86551],[-73.85771,40.86228],[-73.85664,40.85812],[-73.86819,40.85806],[-73.87108,40.85734]]]]},"properties":{"shape_area":"15753915.3935","ntaname":"Allerton","cdtaname":"BX11 Pelham Parkway-Morris Park (CD 11 Approximation)","shape_leng":"17837.9372831","boroname":"Bronx","ntatype":"0","nta2020":"BX1104","borocode":"2","countyfips":"005","ntaabbrev":"Allrtn","cdta2020":"BX11","atlas_id":"BX1104","scalars":{"population":36771.0,"housing_units":15375.0,"jobs":4821.0}}},{"type":"Feature","geometry":{"type":"MultiPolygon","coordinates":[[[[-73.84494,40.84822],[-73.8405,40.85419],[-73.83524,40.85649],[-73.83668,40.85665],[-73.83682,40.85728],[-73.82987,40.85974],[-73.82855,40.86075],[-73.83285,40.85609],[-73.83129,40.85543],[-73.83425,40.85424],[-73.83534,40.85255],[-73.83762,40.84028],[-73.83937,40.84088],[-73.84202,40.84066],[-73.84146,40.84096],[-73.84491,40.84543],[-73.84494,40.84822]]]]},"properties":{"shape_area":"12181383.0297","ntaname":"Hutchinson Metro Center","cdtaname":"BX11 Pelham Parkway-Morris Park (CD 11 Approximation)","shape_leng":"20672.7080791","boroname":"Bronx","ntatype":"6","nta2020":"BX1161","borocode":"2","countyfips":"005","ntaabbrev":"HtchMtrCtr","cdta2020":"BX11","atlas_id":"BX1161","scalars":{"population":544.0,"housing_units":0.0,"jobs":7104.0}}},{"type":"Feature","geometry":{"type":"MultiPolygon","coordinates":[[[[-73.87094,40.87851],[-73.87002,40.88234],[-73.86356,40.89538],[-73.86136,40.89466],[-73.86274,40.89184],[-73.84744,40.88698],[-73.85248,40.87946],[-73.85092,40.87789],[-73.85255,40.87709],[-73.85069,40.87549],[-73.85364,40.8733],[-73.85651,40.87422],[-73.85661,40.87125],[-73.86427,40.87139],[-73.86433,40.86966],[-73.87054,40.86967],[-73.87032,40.87562],[-73.86936,40.87811],[-73.87094,40.87851]]]]},"properties":{"shape_area":"36242286.2747","ntaname":"Williamsbridge-Olinville","cdtaname":"BX12 Wakefield-Williamsbridge-Eastchester (CD 12 Approximation)","shape_leng":"29370.8198317","boroname":"Bronx","ntatype":"0","nta2020":"BX1201","borocode":"2","countyfips":"005","ntaabbrev":"Wllmsbrdg","cdta2020":"BX12","atlas_id":"BX1201","scalars":{"population":62282.0,"housing_units":22531.0,"jobs":5217.0}}},{"type":"Feature","geometry":{"type":"MultiPolygon","coordinates":[[[[-73.85364,40.8733],[-73.85069,40.87549],[-73.85255,40.87709],[-73.85092,40.87789],[-73.85248,40.87946],[-73.84591,40.88974],[-73.85069,40.8913],[-73.83804,40.89414],[-73.82252,40.88943],[-73.82337,40.8899],[-73.82285,40.89121],[-73.79301,40.88336],[-73.79323,40.88282],[-73.79417,40.88299],[-73.8052,40.886],[-73.8079,40.88578],[-73.81365,40.88673],[-73.82082,40.88534],[-73.82206,40.88611],[-73.82661,40.88465],[-73.82606,40.88415],[-73.83246,40.88021],[-73.83377,40.87872],[-73.83484,40.87579],[-73.83434,40.87203],[-73.82955,40.86216],[-73.8316,40.86264],[-73.8486,40.87167],[-73.85364,40.8733]]]]},"properties":{"shape_area":"56395939.5014","ntaname":"Eastchester-Edenwald-Baychester","cdtaname":"BX12 Wakefield-Williamsbridge-Eastchester (CD 12 Approximation)","shape_leng":"54240.3767882","boroname":"Bronx","ntatype":"0","nta2020":"BX1202","borocode":"2","countyfips":"005","ntaabbrev":"Estchstr","cdta2020":"BX12","atlas_id":"BX1202","scalars":{"population":57325.0,"housing_units":18335.0,"jobs":6673.0}}},{"type":"Feature","geometry":{"type":"MultiPolygon","coordinates":[[[[-73.87712,40.89547],[-73.87522,40.89815],[-73.86996,40.90083],[-73.8679,40.90294],[-73.85947,40.90052],[-73.85886,40.90171],[-73.85958,40.90244],[-73.85816,40.90231],[-73.85711,40.90365],[-73.85718,40.90529],[-73.85601,40.90531],[-73.85681,40.90616],[-73.85424,40.90703],[-73.85374,40.90779],[-73.85471,40.90801],[-73.85459,40.90894],[-73.85296,40.91035],[-73.85227,40.90985],[-73.85145,40.91045],[-73.85348,40.90753],[-73.85092,40.90662],[-73.85017,40.90751],[-73.84482,40.90553],[-73.84489,40.90419],[-73.84139,40.90417],[-73.84074,40.90154],[-73.83922,40.89942],[-73.83965,40.89733],[-73.83839,40.89407],[-73.85069,40.8913],[-73.84591,40.88974],[-73.84744,40.88698],[-73.86274,40.89184],[-73.86136,40.89466],[-73.86402,40.89552],[-73.87049,40.89664],[-73.87712,40.89547]]]]},"properties":{"shape_area":"39646811.0794","ntaname":"Wakefield-Woodlawn","cdtaname":"BX12 Wakefield-Williamsbridge-Eastchester (CD 12 Approximation)","shape_leng":"39101.7261167","boroname":"Bronx","ntatype":"0","nta2020":"BX1203","borocode":"2","countyfips":"005","ntaabbrev":"Wkfld_Wdln","cdta2020":"BX12","atlas_id":"BX1203","scalars":{"population":49639.0,"housing_units":18496.0,"jobs":9096.0}}},{"type":"Feature","geometry":{"type":"MultiPolygon","coordinates":[[[[-73.88042,40.89291],[-73.88004,40.89522],[-73.87049,40.89664],[-73.86356,40.89538],[-73.867,40.88907],[-73.86921,40.88332],[-73.87084,40.88045],[-73.87192,40.88024],[-73.87495,40.87995],[-73.8747,40.88155],[-73.87813,40.88215],[-73.87783,40.88677],[-73.88042,40.89291]]]]},"properties":{"shape_area":"17886378.8288","ntaname":"Woodlawn Cemetery","cdtaname":"BX12 Wakefield-Williamsbridge-Eastchester (CD 12 Approximation)","shape_leng":"18168.5900134","boroname":"Bronx","ntatype":"7","nta2020":"BX1271","borocode":"2","countyfips":"005","ntaabbrev":"WdlnCem","cdta2020":"BX12","atlas_id":"BX1271","scalars":{"population":0.0,"housing_units":0.0,"jobs":75.0}}},{"type":"Feature","geometry":{"type":"MultiPolygon","coordinates":[[[[-73.8999,40.88656],[-73.89643,40.89366],[-73.89716,40.89937],[-73.89636,40.9032],[-73.89663,40.91142],[-73.8679,40.90294],[-73.86996,40.90083],[-73.87522,40.89815],[-73.87712,40.89547],[-73.88004,40.89522],[-73.88033,40.89243],[-73.878,40.88734],[-73.88124,40.88271],[-73.88683,40.88434],[-73.8999,40.88656]]]]},"properties":{"shape_area":"50658597.5679","ntaname":"Van Cortlandt Park","cdtaname":"BX26 Van Cortlandt Park (JIA 26 Equivalent)","shape_leng":"32864.1146664","boroname":"Bronx","ntatype":"9","nta2020":"BX2691","borocode":"2","countyfips":"005","ntaabbrev":"VnCrtldtPk","cdta2020":"BX26","atlas_id":"BX2691","scalars":{"population":0.0,"housing_units":0.0,"jobs":122.0}}},{"type":"Feature","geometry":{"type":"MultiPolygon","coordinates":[[[[-73.88398,40.86468],[-73.88268,40.86609],[-73.88309,40.8666],[-73.87619,40.87048],[-73.87255,40.87518],[-73.87094,40.87851],[-73.86936,40.87811],[-73.87032,40.87562],[-73.87108,40.85734],[-73.86842,40.85778],[-73.8699,40.85576],[-73.86825,40.85096],[-73.86987,40.84662],[-73.87459,40.84152],[-73.87818,40.84262],[-73.87734,40.84399],[-73.88312,40.84822],[-73.88073,40.85668],[-73.88051,40.86061],[-73.88398,40.86468]]]]},"properties":{"shape_area":"33461143.1911","ntaname":"Bronx Park","cdtaname":"BX27 Bronx Park (JIA 27 Approximation)","shape_leng":"32846.0120033","boroname":"Bronx","ntatype":"9","nta2020":"BX2791","borocode":"2","countyfips":"005","ntaabbrev":"BxPk","cdta2020":"BX27","atlas_id":"BX2791","scalars":{"population":15.0,"housing_units":5.0,"jobs":438.0}}},{"type":"Feature","geometry":{"type":"MultiPolygon","coordinates":[[[[-73.80695,40.84146],[-73.80681,40.84249],[-73.80393,40.84259],[-73.80222,40.84163],[-73.80264,40.84108],[-73.80695,40.84146]]],[[[-73.77326,40.86063],[-73.7734,40.86074],[-73.77334,40.86085],[-73.77322,40.86079],[-73.77326,40.86063]]],[[[-73.77514,40.86118],[-73.77517,40.86118],[-73.77519,40.86118],[-73.77521,40.86119],[-73.77523,40.86119],[-73.77525,40.8612],[-73.77527,40.86121],[-73.77528,40.86122],[-73.77529,40.86123],[-73.7753,40.86124],[-73.77531,40.86126],[-73.77531,40.86127],[-73.7753,40.86129],[-73.77531,40.86131],[-73.77531,40.86133],[-73.77531,40.86134],[-73.7753,40.86136],[-73.7753,40.86137],[-73.77529,40.86138],[-73.77528,40.86141],[-73.77528,40.86143],[-73.77527,40.86145],[-73.77525,40.86145],[-73.77523,40.86147],[-73.77522,40.86148],[-73.7752,40.86149],[-73.77519,40.86151],[-73.77518,40.86153],[-73.77516,40.86155],[-73.77516,40.86156],[-73.77515,40.86158],[-73.77514,40.86159],[-73.77493,40.86155],[-73.77493,40.86153],[-73.77493,40.86151],[-73.77493,40.86148],[-73.77493,40.86147],[-73.77493,40.86146],[-73.77493,40.86145],[-73.77492,40.86145],[-73.77492,40.86144],[-73.77492,40.86143],[-73.77493,40.86142],[-73.77493,40.86141],[-73.77494,40.8614],[-73.77494,40.86139],[-73.77496,40.86138],[-73.77497,40.86137],[-73.77499,40.86137],[-73.775,40.86135],[-73.77501,40.86135],[-73.77502,40.86135],[-73.77504,40.86134],[-73.77505,40.86133],[-73.77506,40.86133],[-73.77507,40.86131],[-73.77508,40.8613],[-73.7751,40.86128],[-73.7751,40.86126],[-73.77511,40.86124],[-73.77511,40.86122],[-73.77512,40.8612],[-73.77512,40.86119],[-73.77514,40.86118]]],[[[-73.7746,40.86207],[-73.77458,40.86205],[-73.77458,40.86203],[-73.77457,40.86201],[-73.77457,40.862],[-73.77457,40.86198],[-73.77457,40.86196],[-73.77459,40.86193],[-73.7746,40.86191],[-73.77461,40.86189],[-73.77462,40.86186],[-73.77462,40.86184],[-73.77463,40.86182],[-73.77466,40.8618],[-73.77467,40.8618],[-73.77469,40.86179],[-73.77471,40.86179],[-73.77474,40.86179],[-73.77476,40.86178],[-73.77477,40.86178],[-73.77479,40.86179],[-73.77481,40.86179],[-73.77482,40.86179],[-73.77484,40.8618],[-73.77485,40.86181],[-73.77486,40.86182],[-73.77487,40.86183],[-73.77487,40.86184],[-73.77487,40.86186],[-73.77487,40.86188],[-73.77488,40.8619],[-73.77488,40.86191],[-73.77488,40.86192],[-73.77487,40.86195],[-73.77486,40.86197],[-73.77486,40.86198],[-73.77484,40.862],[-73.77481,40.86201],[-73.77479,40.86203],[-73.77477,40.86204],[-73.77475,40.86205],[-73.77473,40.86206],[-73.77471,40.86206],[-73.77468,40.86206],[-73.77466,40.86206],[-73.77464,40.86206],[-73.77463,40.86206],[-73.7746,40.86207]]],[[[-73.78313,40.86286],[-73.78311,40.86284],[-73.78309,40.86284],[-73.78307,40.86284],[-73.78306,40.86284],[-73.78304,40.86283],[-73.78302,40.86281],[-73.78301,40.8628],[-73.78301,40.86278],[-73.783,40.86278],[-73.78297,40.86278],[-73.78296,40.86278],[-73.78296,40.8628],[-73.78294,40.8628],[-73.78293,40.86279],[-73.78292,40.86275],[-73.78292,40.86273],[-73.78292,40.86271],[-73.78291,40.86269],[-73.7829,40.86267],[-73.78289,40.86264],[-73.78289,40.86262],[-73.7829,40.8626],[-73.7829,40.86258],[-73.78291,40.86255],[-73.7829,40.86254],[-73.7829,40.86252],[-73.7829,40.8625],[-73.78291,40.86248],[-73.78291,40.86246],[-73.7829,40.86244],[-73.78288,40.86243],[-73.78288,40.86242],[-73.78288,40.86241],[-73.7829,40.86239],[-73.7829,40.86237],[-73.7829,40.86235],[-73.78289,40.86232],[-73.78291,40.86232],[-73.78294,40.86232],[-73.78297,40.86232],[-73.78298,40.86231],[-73.783,40.8623],[-73.78303,40.8623],[-73.78305,40.86228],[-73.78305,40.86225],[-73.78305,40.86222],[-73.78302,40.86219],[-73.78304,40.86217],[-73.78308,40.86217],[-73.78309,40.86215],[-73.78309,40.86212],[-73.78311,40.86211],[-73.78315,40.86207],[-73.78316,40.86209],[-73.78318,40.86211],[-73.7832,40.86214],[-73.7832,40.86216],[-73.78319,40.86218],[-73.78319,40.86221],[-73.7832,40.86223],[-73.78321,40.86224],[-73.78321,40.86228],[-73.78322,40.8623],[-73.78323,40.86232],[-73.78324,40.86233],[-73.78323,40.86235],[-73.78322,40.86236],[-73.78322,40.86239],[-73.78322,40.86241],[-73.78323,40.86243],[-73.78323,40.86244],[-73.78323,40.86246],[-73.78321,40.86248],[-73.78319,40.86249],[-73.78317,40.8625],[-73.78317,40.86252],[-73.78317,40.86254],[-73.78316,40.86257],[-73.78316,40.86258],[-73.78313,40.8626],[-73.78312,40.86262],[-73.78314,40.86263],[-73.78316,40.86263],[-73.78319,40.86263],[-73.78322,40.86263],[-73.78323,40.86264],[-73.78324,40.86266],[-73.78326,40.8627],[-73.78326,40.86272],[-73.78323,40.86273],[-73.78321,40.86275],[-73.78324,40.86275],[-73.78325,40.86275],[-73.78326,40.86274],[-73.78327,40.86275],[-73.78328,40.86277],[-73.78328,40.86278],[-73.78327,40.8628],[-73.78325,40.8628],[-73.78324,40.8628],[-73.78322,40.86281],[-73.78321,40.86282],[-73.78319,40.86284],[-73.78317,40.86286],[-73.78313,40.86286]]],[[[-73.78469,40.86254],[-73.78429,40.86321],[-73.78354,40.8631],[-73.78469,40.86254]]],[[[-73.76964,40.86554],[-73.76994,40.86552],[-73.76978,40.86569],[-73.76945,40.86576],[-73.76964,40.86554]]],[[[-73.76692,40.86705],[-73.76723,40.86693],[-73.76712,40.86724],[-73.76668,40.86732],[-73.76692,40.86705]]],[[[-73.77172,40.87162],[-73.77224,40.87156],[-73.77263,40.87188],[-73.77157,40.87186],[-73.77116,40.8718],[-73.77085,40.87163],[-73.77172,40.87162]]],[[[-73.77514,40.87455],[-73.77451,40.8745],[-73.77494,40.87392],[-73.77514,40.87455]]],[[[-73.78266,40.87479],[-73.78193,40.8754],[-73.78213,40.87453],[-73.78266,40.87479]]],[[[-73.7819,40.87642],[-73.78183,40.87641],[-73.7818,40.87643],[-73.78176,40.8764],[-73.78167,40.87642],[-73.78166,40.87638],[-73.78172,40.87622],[-73.78172,40.87619],[-73.78177,40.87622],[-73.7818,40.87624],[-73.78179,40.87628],[-73.78187,40.87629],[-73.78192,40.87628],[-73.78197,40.87624],[-73.78202,40.87623],[-73.78207,40.87624],[-73.78211,40.87628],[-73.78211,40.87632],[-73.78216,40.87635],[-73.78217,40.8764],[-73.7822,40.87643],[-73.78211,40.87652],[-73.78199,40.87647],[-73.7819,40.87642]]],[[[-73.78129,40.87594],[-73.78142,40.87577],[-73.78146,40.87586],[-73.78147,40.87597],[-73.78151,40.87605],[-73.78149,40.8761],[-73.7814,40.87615],[-73.78136,40.8762],[-73.78138,40.87626],[-73.78143,40.8764],[-73.7814,40.87654],[-73.78134,40.87658],[-73.78121,40.87659],[-73.78121,40.87644],[-73.78121,40.87628],[-73.78123,40.87622],[-73.78124,40.87612],[-73.78131,40.87603],[-73.78129,40.87594]]],[[[-73.784,40.87686],[-73.78349,40.87748],[-73.78375,40.87654],[-73.784,40.87686]]],[[[-73.78525,40.87991],[-73.78521,40.8799],[-73.78518,40.87993],[-73.78514,40.87991],[-73.7851,40.87987],[-73.78505,40.87986],[-73.78501,40.87983],[-73.78501,40.87979],[-73.78504,40.87976],[-73.78508,40.87974],[-73.78514,40.87974],[-73.78516,40.87976],[-73.78523,40.87979],[-73.78528,40.87977],[-73.78535,40.87979],[-73.78544,40.87978],[-73.78546,40.87976],[-73.78551,40.87979],[-73.78557,40.87979],[-73.78566,40.87982],[-73.78568,40.87985],[-73.78543,40.88004],[-73.78536,40.88002],[-73.7853,40.87994],[-73.78525,40.87993],[-73.78525,40.87991]]],[[[-73.78535,40.88052],[-73.78367,40.88002],[-73.78407,40.87971],[-73.78535,40.88052]]],[[[-73.83285,40.85609],[-73.82841,40.86095],[-73.82722,40.85921],[-73.82128,40.86114],[-73.81895,40.86247],[-73.81579,40.86576],[-73.82127,40.86907],[-73.8233,40.8731],[-73.82005,40.88211],[-73.82024,40.88549],[-73.81448,40.88672],[-73.8079,40.88578],[-73.8052,40.886],[-73.79323,40.88282],[-73.79492,40.88054],[-73.79555,40.88069],[-73.79503,40.87975],[-73.79744,40.87514],[-73.79981,40.87416],[-73.80081,40.87149],[-73.80267,40.87015],[-73.80298,40.86874],[-73.80594,40.86893],[-73.80569,40.86955],[-73.8067,40.87042],[-73.80924,40.87122],[-73.80841,40.87093],[-73.80873,40.87043],[-73.80754,40.87038],[-73.80871,40.86909],[-73.80785,40.86973],[-73.80673,40.86953],[-73.80695,40.86886],[-73.80487,40.86823],[-73.80474,40.86666],[-73.80291,40.86698],[-73.80272,40.86566],[-73.80177,40.86588],[-73.79774,40.87235],[-73.79479,40.8732],[-73.79317,40.87706],[-73.7944,40.87764],[-73.79289,40.87958],[-73.78914,40.88126],[-73.78912,40.88008],[-73.79006,40.87959],[-73.78952,40.879],[-73.78611,40.87906],[-73.78422,40.87828],[-73.78468,40.87606],[-73.78691,40.87399],[-73.78714,40.87276],[-73.78625,40.87238],[-73.78508,40.87359],[-73.78522,40.87163],[-73.78402,40.87377],[-73.78341,40.87372],[-73.78395,40.8729],[-73.78307,40.87215],[-73.78329,40.8707],[-73.7856,40.86834],[-73.78585,40.86929],[-73.7883,40.86922],[-73.79153,40.86732],[-73.79223,40.86526],[-73.79146,40.86227],[-73.79189,40.86107],[-73.7936,40.86052],[-73.79412,40.8597],[-73.79487,40.85808],[-73.79435,40.85653],[-73.79685,40.85626],[-73.79799,40.85485],[-73.79872,40.85491],[-73.79905,40.85405],[-73.79781,40.85195],[-73.79819,40.85059],[-73.79932,40.84991],[-73.80029,40.84814],[-73.80147,40.84877],[-73.80418,40.85334],[-73.80453,40.85485],[-73.80352,40.85556],[-73.80473,40.86148],[-73.80595,40.86181],[-73.80582,40.86003],[-73.80741,40.86011],[-73.80818,40.85949],[-73.81085,40.86233],[-73.81326,40.86321],[-73.81396,40.8641],[-73.81641,40.86118],[-73.81382,40.86055],[-73.81273,40.85888],[-73.81231,40.85416],[-73.81641,40.85408],[-73.81712,40.85127],[-73.81571,40.85082],[-73.81629,40.85019],[-73.81514,40.84908],[-73.82014,40.84802],[-73.82048,40.8485],[-73.82496,40.84611],[-73.82518,40.8427],[-73.82624,40.84299],[-73.82617,40.84557],[-73.828,40.84863],[-73.82713,40.85187],[-73.82801,40.85472],[-73.8286,40.85572],[-73.83129,40.85543],[-73.83285,40.85609]]]]},"properties":{"shape_area":"99280531.0305","ntaname":"Pelham Bay Park","cdtaname":"BX28 Pelham Bay Park (JIA 28 Approximation)","shape_leng":"111082.661525","boroname":"Bronx","ntatype":"9","nta2020":"BX2891","borocode":"2","countyfips":"005","ntaabbrev":"PlhmByPk","cdta2020":"BX28","atlas_id":"BX2891","scalars":{"population":52.0,"housing_units":23.0}}},{"type":"Feature","geometry":{"type":"MultiPolygon","coordinates":[[[[-74.00301,40.69478],[-74.0024,40.69571],[-74.00027,40.69497],[-74.00096,40.69407],[-74.00301,40.69478]]],[[[-74.00105,40.69791],[-74.00049,40.69876],[-73.99838,40.69806],[-73.99887,40.69716],[-74.00105,40.69791]]],[[[-74.00002,40.69947],[-73.99947,40.70032],[-73.9975,40.69964],[-73.99802,40.69876],[-74.00002,40.69947]]],[[[-73.99814,40.70152],[-73.99619,40.70338],[-73.99514,40.70297],[-73.9967,40.70088],[-73.99814,40.70152]]],[[[-73.99505,40.70313],[-73.99545,40.70328],[-73.99529,40.70355],[-73.99498,40.70338],[-73.9948,40.70329],[-73.99502,40.70315],[-73.99505,40.70313]]],[[[-73.99477,40.70395],[-73.99488,40.70379],[-73.99491,40.7038],[-73.99493,40.70377],[-73.99503,40.70381],[-73.99488,40.70401],[-73.99484,40.70399],[-73.99477,40.70395]]],[[[-74.01934,40.70607],[-74.01819,40.70782],[-74.01886,40.70805],[-74.01777,40.71283],[-74.0178,40.71235],[-74.01662,40.71216],[-74.01632,40.71341],[-74.01758,40.7136],[-74.01772,40.71306],[-74.01671,40.71862],[-74.01321,40.71832],[-74.01303,40.71913],[-74.01229,40.71904],[-74.01372,40.71368],[-74.00835,40.71136],[-74.00429,40.71291],[-74.00442,40.71219],[-73.99913,40.70798],[-74.00119,40.70686],[-74.00141,40.70618],[-74.00059,40.70541],[-74.00145,40.70487],[-74.00257,40.70552],[-74.00197,40.70474],[-74.00243,40.70468],[-74.00332,40.70563],[-74.00383,40.7053],[-74.00263,40.70422],[-74.00406,40.70515],[-74.0066,40.70369],[-74.00549,40.70243],[-74.00679,40.70357],[-74.00929,40.70193],[-74.0087,40.70114],[-74.00759,40.70133],[-74.00835,40.70067],[-74.00958,40.70184],[-74.01118,40.70145],[-74.0108,40.70021],[-74.01115,40.7009],[-74.01209,40.70068],[-74.01196,40.70004],[-74.01311,40.70051],[-74.01304,40.69977],[-74.01327,40.7005],[-74.01367,40.70013],[-74.01356,40.70094],[-74.01434,40.70113],[-74.01371,40.70107],[-74.01429,40.70455],[-74.01638,40.70484],[-74.01794,40.70397],[-74.01866,40.70443],[-74.01748,40.70467],[-74.01889,40.70473],[-74.01934,40.70607]]]]},"properties":{"shape_area":"19226758.9064","ntaname":"Financial District-Battery Park City","cdtaname":"MN01 Financial District-Tribeca (CD 1 Equivalent)","shape_leng":"44672.4863141","boroname":"Manhattan","ntatype":"0","nta2020":"MN0101","borocode":"1","countyfips":"061","ntaabbrev":"FiDi","cdta2020":"MN01","atlas_id":"MN0101","scalars":{"population":48262.0,"housing_units":28376.0}}},{"type":"Feature","geometry":{"type":"MultiPolygon","coordinates":[[[[-74.01638,40.72038],[-74.013,40.72033],[-74.0129,40.72087],[-74.01562,40.72154],[-74.01254,40.7215],[-74.01196,40.72433],[-74.01123,40.72427],[-74.01081,40.72579],[-73.99931,40.71755],[-74.00079,40.71529],[-74.00045,40.71437],[-74.00157,40.71368],[-74.00093,40.71326],[-74.00051,40.71098],[-74.00142,40.70981],[-74.00442,40.71219],[-74.00429,40.71291],[-74.00835,40.71136],[-74.01372,40.71368],[-74.01229,40.71904],[-74.01303,40.71913],[-74.01341,40.72002],[-74.01638,40.72038]]]]},"properties":{"shape_area":"13578197.7714","ntaname":"Tribeca-Civic Center","cdtaname":"MN01 Financial District-Tribeca (CD 1 Equivalent)","shape_leng":"21219.504238","boroname":"Manhattan","ntatype":"0","nta2020":"MN0102","borocode":"1","countyfips":"061","ntaabbrev":"TriBeCa","cdta2020":"MN01","atlas_id":"MN0102","scalars":{"population":23993.0,"housing_units":11647.0,"jobs":121959.0}}},{"type":"Feature","geometry":{"type":"MultiPolygon","coordinates":[[[[-74.01093,40.68449],[-74.01193,40.68389],[-74.01218,40.6841],[-74.00879,40.68615],[-74.0087,40.68619],[-74.0086,40.68625],[-74.00835,40.6864],[-74.00816,40.68617],[-74.00843,40.68602],[-74.00851,40.68596],[-74.0086,40.68591],[-74.01093,40.68449]]],[[[-74.00783,40.68739],[-74.00742,40.68821],[-74.005,40.68761],[-74.00563,40.68678],[-74.00783,40.68739]]],[[[-74.00678,40.68883],[-74.00636,40.68967],[-74.00382,40.68893],[-74.00459,40.68822],[-74.00678,40.68883]]],[[[-74.00576,40.69024],[-74.00534,40.69109],[-74.00298,40.69043],[-74.00341,40.68961],[-74.00576,40.69024]]],[[[-74.04773,40.68992],[-74.04689,40.69006],[-74.04717,40.69099],[-74.04615,40.69112],[-74.04351,40.68969],[-74.04255,40.68996],[-74.04439,40.68852],[-74.04773,40.68992]]],[[[-74.00199,40.69233],[-74.0018,40.69227],[-74.00181,40.69224],[-74.00201,40.6923],[-74.00205,40.69221],[-74.00216,40.69224],[-74.00206,40.69244],[-74.00195,40.69241],[-74.00199,40.69233]]],[[[-74.00479,40.69176],[-74.00441,40.69253],[-74.00197,40.69184],[-74.0007,40.69061],[-74.00479,40.69176]]],[[[-74.02663,40.68553],[-74.01965,40.69317],[-74.01539,40.6933],[-74.01343,40.69211],[-74.01181,40.69248],[-74.01334,40.69201],[-74.01183,40.69106],[-74.01317,40.68815],[-74.01705,40.68688],[-74.01514,40.68644],[-74.01667,40.68631],[-74.01712,40.68684],[-74.02054,40.68527],[-74.0194,40.68509],[-74.02095,40.68438],[-74.02029,40.68478],[-74.02061,40.68524],[-74.02259,40.68436],[-74.02213,40.68377],[-74.02306,40.68292],[-74.02237,40.68378],[-74.02276,40.68428],[-74.02547,40.68415],[-74.02663,40.68553]]],[[[-74.00401,40.69321],[-74.00345,40.69405],[-74.00127,40.6933],[-74.00174,40.69241],[-74.00401,40.69321]]],[[[-74.04367,40.69802],[-74.03995,40.70089],[-74.03771,40.69934],[-74.03823,40.69837],[-74.03934,40.69812],[-74.04124,40.69954],[-74.04175,40.69915],[-74.03991,40.6977],[-74.04166,40.69645],[-74.04367,40.69802]]],[[[-74.01789,40.70363],[-74.01663,40.7048],[-74.01429,40.70455],[-74.01371,40.70107],[-74.01434,40.70113],[-74.01422,40.70011],[-74.01464,40.70082],[-74.0151,40.70033],[-74.01467,40.70083],[-74.01789,40.70363]]]]},"properties":{"shape_area":"11993281.8692","ntaname":"The Battery-Governors Island-Ellis Island-Liberty Island","cdtaname":"MN01 Financial District-Tribeca (CD 1 Equivalent)","shape_leng":"49616.7910027","boroname":"Manhattan","ntatype":"9","nta2020":"MN0191","borocode":"1","countyfips":"061","ntaabbrev":"Btry_GvIsl","cdta2020":"MN01","atlas_id":"MN0191","scalars":{"population":0.0,"housing_units":38.0}}},{"type":"Feature","geometry":{"type":"MultiPolygon","coordinates":[[[[-74.0152,40.72636],[-74.01512,40.72679],[-74.01154,40.72645],[-74.01138,40.72823],[-74.01064,40.72817],[-74.01055,40.7291],[-74.00282,40.72836],[-73.9926,40.72414],[-73.99606,40.71623],[-73.99931,40.71755],[-74.01081,40.72579],[-74.01123,40.72427],[-74.01196,40.72433],[-74.01165,40.72587],[-74.0152,40.72636]]]]},"properties":{"shape_area":"12916761.4511","ntaname":"SoHo-Little Italy-Hudson Square","cdtaname":"MN02 Greenwich Village-SoHo (CD 2 Equivalent)","shape_leng":"18577.1114381","boroname":"Manhattan","ntatype":"0","nta2020":"MN0201","borocode":"1","countyfips":"061","ntaabbrev":"SoHo","cdta2020":"MN02","atlas_id":"MN0201","scalars":{"population":23294.0,"housing_units":14527.0,"jobs":89160.0}}},{"type":"Feature","geometry":{"type":"MultiPolygon","coordinates":[[[[-74.00282,40.72836],[-73.99684,40.73736],[-73.9899,40.73443],[-73.99123,40.72773],[-73.9926,40.72414],[-74.00282,40.72836]]]]},"properties":{"shape_area":"10600456.4919","ntaname":"Greenwich Village","cdtaname":"MN02 Greenwich Village-SoHo (CD 2 Equivalent)","shape_leng":"12974.0060903","boroname":"Manhattan","ntatype":"0","nta2020":"MN0202","borocode":"1","countyfips":"061","ntaabbrev":"GrnwchVlg","cdta2020":"MN02","atlas_id":"MN0202","scalars":{"population":32580.0,"housing_units":19558.0,"jobs":58397.0}}},{"type":"Feature","geometry":{"type":"MultiPolygon","coordinates":[[[[-74.01439,40.72846],[-74.01409,40.73066],[-74.01116,40.73045],[-74.01094,40.73301],[-74.014,40.73333],[-74.01073,40.73344],[-74.01083,40.73401],[-74.01202,40.73406],[-74.01081,40.73428],[-74.01048,40.73806],[-74.01114,40.73839],[-74.01045,40.73836],[-74.01039,40.73917],[-74.01158,40.73926],[-74.01146,40.74058],[-74.01266,40.7407],[-74.00949,40.74074],[-74.00962,40.74136],[-74.0114,40.74182],[-74.01084,40.7426],[-74.0087,40.74236],[-73.99684,40.73736],[-74.00282,40.72836],[-74.01055,40.7291],[-74.01064,40.72817],[-74.01439,40.72846]],[[-74.0102,40.74233],[-74.01017,40.74167],[-74.00936,40.74142],[-74.00924,40.74207],[-74.0102,40.74233]]]]},"properties":{"shape_area":"14416861.7497","ntaname":"West Village","cdtaname":"MN02 Greenwich Village-SoHo (CD 2 Equivalent)","shape_leng":"23882.3960537","boroname":"Manhattan","ntatype":"0","nta2020":"MN0203","borocode":"1","countyfips":"061","ntaabbrev":"WstVlg","cdta2020":"MN02","atlas_id":"MN0203","scalars":{"population":31984.0,"housing_units":23424.0,"jobs":36807.0}}},{"type":"Feature","geometry":{"type":"MultiPolygon","coordinates":[[[[-74.00157,40.71368],[-74.00045,40.71437],[-74.00079,40.71529],[-73.99931,40.71755],[-73.99606,40.71623],[-73.99481,40.71846],[-73.98915,40.71671],[-73.99022,40.7144],[-73.98534,40.71446],[-73.9845,40.70951],[-73.98845,40.70913],[-73.9888,40.70997],[-73.99913,40.70798],[-74.00142,40.70981],[-74.00051,40.71098],[-74.00093,40.71326],[-74.00157,40.71368]]]]},"properties":{"shape_area":"11541558.6972","ntaname":"Chinatown-Two Bridges","cdtaname":"MN03 Lower East Side-Chinatown (CD 3 Equivalent)","shape_leng":"16461.541911","boroname":"Manhattan","ntatype":"0","nta2020":"MN0301","borocode":"1","countyfips":"061","ntaabbrev":"Chntwn","cdta2020":"MN03","atlas_id":"MN0301","scalars":{"population":41533.0,"housing_units":19716.0,"jobs":17837.0}}},{"type":"Feature","geometry":{"type":"MultiPolygon","coordinates":[[[[-73.98246,40.70554],[-73.98242,40.70582],[-73.98102,40.7059],[-73.98102,40.7058],[-73.9823,40.70574],[-73.98233,40.70555],[-73.98237,40.70554],[-73.98246,40.70554]]],[[[-73.99481,40.71846],[-73.9926,40.72414],[-73.97357,40.7186],[-73.97706,40.7112],[-73.97808,40.71053],[-73.9845,40.70951],[-73.98534,40.71446],[-73.99022,40.7144],[-73.98915,40.71671],[-73.99481,40.71846]]]]},"properties":{"shape_area":"16473190.47","ntaname":"Lower East Side","cdtaname":"MN03 Lower East Side-Chinatown (CD 3 Equivalent)","shape_leng":"22960.7636789","boroname":"Manhattan","ntatype":"0","nta2020":"MN0302","borocode":"1","countyfips":"061","ntaabbrev":"LES","cdta2020":"MN03","atlas_id":"MN0302","scalars":{"population":45118.0,"housing_units":22910.0}}},{"type":"Feature","geometry":{"type":"MultiPolygon","coordinates":[[[[-73.96715,40.71832],[-73.96656,40.71802],[-73.9666,40.71797],[-73.96718,40.71828],[-73.96719,40.71827],[-73.96731,40.71831],[-73.96723,40.71841],[-73.96718,40.71848],[-73.96707,40.71844],[-73.96709,40.71841],[-73.96715,40.71832]]],[[[-73.96644,40.71924],[-73.9665,40.71919],[-73.96647,40.71917],[-73.96645,40.71918],[-73.96644,40.71914],[-73.96637,40.7191],[-73.96632,40.7191],[-73.96636,40.71905],[-73.96574,40.71871],[-73.96576,40.71869],[-73.96635,40.71902],[-73.96638,40.71898],[-73.96664,40.71913],[-73.96655,40.71922],[-73.96651,40.7192],[-73.96647,40.71924],[-73.96648,40.71936],[-73.96651,40.71936],[-73.96652,40.71937],[-73.96653,40.71938],[-73.96654,40.7194],[-73.96654,40.71941],[-73.96653,40.71942],[-73.96651,40.71943],[-73.96649,40.71944],[-73.96646,40.71943],[-73.96644,40.71942],[-73.96643,40.7194],[-73.96644,40.71938],[-73.96645,40.71937],[-73.96647,40.71936],[-73.96644,40.71924]]],[[[-73.96503,40.72038],[-73.96512,40.72032],[-73.96568,40.72068],[-73.9656,40.72074],[-73.96503,40.72038]]],[[[-73.96483,40.7208],[-73.96436,40.72048],[-73.9644,40.72044],[-73.96486,40.72078],[-73.96493,40.72072],[-73.96503,40.72079],[-73.96493,40.72088],[-73.96485,40.72095],[-73.96475,40.72088],[-73.96483,40.7208]]],[[[-73.96403,40.72088],[-73.96407,40.7208],[-73.96438,40.72099],[-73.96431,40.72106],[-73.96403,40.72088]]],[[[-73.96424,40.72061],[-73.96427,40.72058],[-73.96495,40.72142],[-73.96484,40.72146],[-73.9642,40.72065],[-73.96424,40.72061]]],[[[-73.9926,40.72414],[-73.99123,40.72773],[-73.9899,40.73443],[-73.97163,40.72663],[-73.97357,40.7186],[-73.9926,40.72414]]]]},"properties":{"shape_area":"18984762.0252","ntaname":"East Village","cdtaname":"MN03 Lower East Side-Chinatown (CD 3 Equivalent)","shape_leng":"22375.9305726","boroname":"Manhattan","ntatype":"0","nta2020":"MN0303","borocode":"1","countyfips":"061","ntaabbrev":"EstVlg","cdta2020":"MN03","atlas_id":"MN0303","scalars":{"population":70450.0,"housing_units":36943.0}}},{"type":"Feature","geometry":{"type":"MultiPolygon","coordinates":[[[[-74.01215,40.74356],[-74.0089,40.74392],[-74.00873,40.74488],[-74.00956,40.74529],[-74.01184,40.74513],[-74.01168,40.74598],[-74.00942,40.74598],[-74.01153,40.74697],[-74.00924,40.74676],[-74.00914,40.74736],[-74.01141,40.74763],[-74.00906,40.74779],[-74.00895,40.74841],[-74.01122,40.74868],[-74.00995,40.74893],[-74.0091,40.75037],[-74.01068,40.75102],[-74.009,40.75065],[-74.00853,40.75188],[-74.00934,40.75236],[-74.00843,40.75216],[-74.00997,40.75293],[-74.00835,40.75235],[-74.00774,40.75434],[-74.0048,40.75781],[-74.00701,40.7592],[-74.00653,40.75987],[-74.0045,40.75908],[-74.00381,40.75951],[-74.00432,40.75991],[-74.00367,40.75971],[-74.00234,40.76154],[-74.00443,40.76268],[-74.0022,40.76173],[-74.00179,40.76229],[-73.99547,40.75963],[-73.9973,40.75711],[-73.99163,40.75471],[-73.9971,40.74721],[-73.99142,40.7448],[-73.99684,40.73736],[-74.00915,40.7425],[-74.00957,40.74326],[-74.01215,40.74356]]]]},"properties":{"shape_area":"29671753.5327","ntaname":"Chelsea-Hudson Yards","cdtaname":"MN04 Chelsea-Hell's Kitchen (CD 4 Approximation)","shape_leng":"40095.2376454","boroname":"Manhattan","ntatype":"0","nta2020":"MN0401","borocode":"1","countyfips":"061","ntaabbrev":"Chls_HdsYd","cdta2020":"MN04","atlas_id":"MN0401","scalars":{"population":62761.0,"housing_units":41818.0,"jobs":137914.0}}},{"type":"Feature","geometry":{"type":"MultiPolygon","coordinates":[[[[-74.00376,40.76358],[-74.00139,40.76285],[-74.00097,40.76342],[-74.0031,40.76475],[-73.99962,40.76356],[-73.99915,40.76421],[-74.00229,40.76556],[-73.99888,40.76457],[-73.99828,40.76557],[-74.00157,40.76698],[-73.99807,40.76587],[-73.99738,40.76682],[-74.00065,40.76825],[-73.99716,40.76713],[-73.99646,40.7681],[-73.99974,40.76951],[-73.99707,40.76873],[-73.99657,40.76942],[-73.99903,40.77046],[-73.99876,40.77083],[-73.99631,40.7698],[-73.99542,40.77103],[-73.9959,40.77145],[-73.99492,40.77149],[-73.99687,40.77282],[-73.99477,40.77193],[-73.99445,40.77238],[-73.99612,40.77328],[-73.99416,40.77249],[-73.99341,40.77288],[-73.99378,40.7722],[-73.98236,40.76739],[-73.99163,40.75471],[-73.9973,40.75711],[-73.99547,40.75963],[-74.00376,40.76358]]]]},"properties":{"shape_area":"18382316.6335","ntaname":"Hell's Kitchen","cdtaname":"MN04 Chelsea-Hell's Kitchen (CD 4 Approximation)","shape_leng":"35573.8350331","boroname":"Manhattan","ntatype":"0","nta2020":"MN0402","borocode":"1","countyfips":"061","ntaabbrev":"HllsKtchn","cdta2020":"MN04","atlas_id":"MN0402","scalars":{"population":55169.0,"housing_units":37880.0,"jobs":65091.0}}},{"type":"Feature","geometry":{"type":"MultiPolygon","coordinates":[[[[-73.9971,40.74721],[-73.99346,40.75219],[-73.98777,40.74979],[-73.98729,40.75045],[-73.98085,40.74775],[-73.98987,40.73541],[-73.9899,40.73443],[-73.99684,40.73736],[-73.99142,40.7448],[-73.9971,40.74721]]]]},"properties":{"shape_area":"14878998.7908","ntaname":"Midtown South-Flatiron-Union Square","cdtaname":"MN05 Midtown-Flatiron-Union Square (CD 5 Approximation)","shape_leng":"18799.2520872","boroname":"Manhattan","ntatype":"0","nta2020":"MN0501","borocode":"1","countyfips":"061","ntaabbrev":"MdtwnSth","cdta2020":"MN05","atlas_id":"MN0501","scalars":{"population":28209.0,"housing_units":18223.0,"jobs":269755.0}}},{"type":"Feature","geometry":{"type":"MultiPolygon","coordinates":[[[[-73.99346,40.75219],[-73.98211,40.76774],[-73.9698,40.76291],[-73.97581,40.75468],[-73.97652,40.75497],[-73.97835,40.75241],[-73.97768,40.75212],[-73.98085,40.74775],[-73.98729,40.75045],[-73.98777,40.74979],[-73.99346,40.75219]]]]},"properties":{"shape_area":"24552509.5397","ntaname":"Midtown-Times Square","cdtaname":"MN05 Midtown-Flatiron-Union Square (CD 5 Approximation)","shape_leng":"21258.4019045","boroname":"Manhattan","ntatype":"0","nta2020":"MN0502","borocode":"1","countyfips":"061","ntaabbrev":"Mdtwn_TmSq","cdta2020":"MN05","atlas_id":"MN0502","scalars":{"population":21093.0,"housing_units":18838.0,"jobs":613384.0}}},{"type":"Feature","geometry":{"type":"MultiPolygon","coordinates":[[[[-73.96237,40.72421],[-73.96201,40.72399],[-73.96207,40.72388],[-73.96247,40.72413],[-73.96247,40.72417],[-73.96244,40.7242],[-73.96239,40.72419],[-73.96237,40.72421]]],[[[-73.98256,40.73135],[-73.97854,40.73689],[-73.97444,40.73532],[-73.97341,40.73128],[-73.97148,40.72925],[-73.97163,40.72663],[-73.98256,40.73135]]]]},"properties":{"shape_area":"5575562.38731","ntaname":"Stuyvesant Town-Peter Cooper Village","cdtaname":"MN06 East Midtown-Murray Hill (CD 6 Approximation)","shape_leng":"11962.9269609","boroname":"Manhattan","ntatype":"0","nta2020":"MN0601","borocode":"1","countyfips":"061","ntaabbrev":"StyTwn","cdta2020":"MN06","atlas_id":"MN0601","scalars":{"population":22327.0,"housing_units":11340.0}}},{"type":"Feature","geometry":{"type":"MultiPolygon","coordinates":[[[[-73.98995,40.73497],[-73.98407,40.74332],[-73.98086,40.74197],[-73.98267,40.7395],[-73.97805,40.73755],[-73.98256,40.73135],[-73.9899,40.73443],[-73.98995,40.73497]]]]},"properties":{"shape_area":"7526022.78361","ntaname":"Gramercy","cdtaname":"MN06 East Midtown-Murray Hill (CD 6 Approximation)","shape_leng":"12095.3773915","boroname":"Manhattan","ntatype":"0","nta2020":"MN0602","borocode":"1","countyfips":"061","ntaabbrev":"Grmrcy","cdta2020":"MN06","atlas_id":"MN0602","scalars":{"population":27291.0,"housing_units":17381.0,"jobs":46133.0}}},{"type":"Feature","geometry":{"type":"MultiPolygon","coordinates":[[[[-73.96128,40.73016],[-73.96128,40.73006],[-73.96134,40.73006],[-73.9614,40.73006],[-73.9614,40.73011],[-73.96169,40.73008],[-73.96191,40.72996],[-73.96189,40.72995],[-73.96196,40.72986],[-73.96202,40.72989],[-73.96198,40.72994],[-73.96221,40.72992],[-73.96242,40.7298],[-73.96249,40.72971],[-73.96255,40.72974],[-73.96248,40.72984],[-73.96245,40.72983],[-73.96227,40.72993],[-73.96225,40.72999],[-73.96219,40.72998],[-73.9622,40.72995],[-73.96194,40.72999],[-73.96171,40.73012],[-73.96135,40.73015],[-73.96128,40.73016]]],[[[-73.96197,40.73158],[-73.96197,40.73155],[-73.96171,40.73157],[-73.9617,40.73153],[-73.96167,40.73148],[-73.96199,40.73147],[-73.962,40.73149],[-73.9629,40.73145],[-73.9629,40.73143],[-73.9632,40.73142],[-73.9632,40.73135],[-73.96328,40.73134],[-73.96328,40.73137],[-73.96356,40.73134],[-73.96355,40.73126],[-73.96366,40.73125],[-73.9637,40.73144],[-73.96358,40.73146],[-73.96357,40.73137],[-73.96328,40.7314],[-73.96329,40.7315],[-73.96291,40.73152],[-73.96292,40.73153],[-73.96197,40.73158]]],[[[-73.96052,40.74411],[-73.96057,40.74403],[-73.96067,40.74405],[-73.96065,40.74413],[-73.96052,40.74411]]],[[[-73.98407,40.74332],[-73.97768,40.75212],[-73.97444,40.75076],[-73.9735,40.75206],[-73.97126,40.75112],[-73.96891,40.75011],[-73.96999,40.74887],[-73.96791,40.74797],[-73.97189,40.74272],[-73.97266,40.73922],[-73.97249,40.7358],[-73.97447,40.73628],[-73.97447,40.73567],[-73.97306,40.73518],[-73.97293,40.73561],[-73.97295,40.73507],[-73.97834,40.73672],[-73.97805,40.73755],[-73.98267,40.7395],[-73.98086,40.74197],[-73.98407,40.74332]]]]},"properties":{"shape_area":"15771152.0705","ntaname":"Murray Hill-Kips Bay","cdtaname":"MN06 East Midtown-Murray Hill (CD 6 Approximation)","shape_leng":"26035.9635891","boroname":"Manhattan","ntatype":"0","nta2020":"MN0603","borocode":"1","countyfips":"061","ntaabbrev":"MryHl_KpBy","cdta2020":"MN06","atlas_id":"MN0603","scalars":{"population":58079.0,"housing_units":36594.0}}},{"type":"Feature","geometry":{"type":"MultiPolygon","coordinates":[[[[-73.97835,40.75241],[-73.97652,40.75497],[-73.97581,40.75468],[-73.9698,40.76291],[-73.95849,40.75855],[-73.96471,40.75172],[-73.96723,40.75269],[-73.96891,40.75011],[-73.9735,40.75206],[-73.97444,40.75076],[-73.97835,40.75241]]]]},"properties":{"shape_area":"13138094.9645","ntaname":"East Midtown-Turtle Bay","cdtaname":"MN06 East Midtown-Murray Hill (CD 6 Approximation)","shape_leng":"16668.7861558","boroname":"Manhattan","ntatype":"0","nta2020":"MN0604","borocode":"1","countyfips":"061","ntaabbrev":"EstMdtwn","cdta2020":"MN06","atlas_id":"MN0604","scalars":{"population":41355.0,"housing_units":31153.0,"jobs":138238.0}}},{"type":"Feature","geometry":{"type":"MultiPolygon","coordinates":[[[[-73.96421,40.7466],[-73.96427,40.74654],[-73.96434,40.74655],[-73.96438,40.7465],[-73.96445,40.74641],[-73.96458,40.74645],[-73.96459,40.74652],[-73.96455,40.74656],[-73.96448,40.74664],[-73.96437,40.7467],[-73.96434,40.74673],[-73.96427,40.74675],[-73.96422,40.74684],[-73.96416,40.74687],[-73.96413,40.74685],[-73.96413,40.74681],[-73.96421,40.74667],[-73.96421,40.7466]]],[[[-73.96999,40.74887],[-73.96723,40.75269],[-73.96486,40.75201],[-73.96791,40.74797],[-73.96999,40.74887]]]]},"properties":{"shape_area":"1091249.94041","ntaname":"United Nations","cdtaname":"MN06 East Midtown-Murray Hill (CD 6 Approximation)","shape_leng":"5307.39139215","boroname":"Manhattan","ntatype":"6","nta2020":"MN0661","borocode":"1","countyfips":"061","ntaabbrev":"UN","cdta2020":"MN06","atlas_id":"MN0661","scalars":{"population":0.0,"housing_units":0.0}}},{"type":"Feature","geometry":{"type":"MultiPolygon","coordinates":[[[[-73.99624,40.77379],[-73.99394,40.77318],[-73.98887,40.77969],[-73.99142,40.77976],[-73.98889,40.77988],[-73.98813,40.7814],[-73.98568,40.78031],[-73.98507,40.78178],[-73.975,40.77753],[-73.98168,40.76839],[-73.98149,40.76788],[-73.98236,40.76739],[-73.99378,40.7722],[-73.99333,40.77283],[-73.99624,40.77379]]]]},"properties":{"shape_area":"15797449.5649","ntaname":"Upper West Side-Lincoln Square","cdtaname":"MN07 Upper West Side (CD 7 Approximation)","shape_leng":"19952.4206278","boroname":"Manhattan","ntatype":"0","nta2020":"MN0701","borocode":"1","countyfips":"061","ntaabbrev":"UWS_LclnSq","cdta2020":"MN07","atlas_id":"MN0701","scalars":{"population":65253.0,"housing_units":44322.0,"jobs":41501.0}}},{"type":"Feature","geometry":{"type":"MultiPolygon","coordinates":[[[[-73.98813,40.7814],[-73.98547,40.78536],[-73.98617,40.78607],[-73.98712,40.78521],[-73.98613,40.78624],[-73.98543,40.78541],[-73.98508,40.78592],[-73.98577,40.7862],[-73.98466,40.78653],[-73.98595,40.78649],[-73.98462,40.78659],[-73.9764,40.79827],[-73.96942,40.79536],[-73.96987,40.79474],[-73.96418,40.79236],[-73.975,40.77753],[-73.98507,40.78178],[-73.98568,40.78031],[-73.98813,40.7814]]]]},"properties":{"shape_area":"25410668.9385","ntaname":"Upper West Side (Central)","cdtaname":"MN07 Upper West Side (CD 7 Approximation)","shape_leng":"24906.0097087","boroname":"Manhattan","ntatype":"0","nta2020":"MN0702","borocode":"1","countyfips":"061","ntaabbrev":"UWS_C","cdta2020":"MN07","atlas_id":"MN0702","scalars":{"population":102851.0,"housing_units":58603.0,"jobs":30477.0}}},{"type":"Feature","geometry":{"type":"MultiPolygon","coordinates":[[[[-73.9764,40.79827],[-73.97111,40.80579],[-73.95817,40.80058],[-73.96418,40.79236],[-73.96987,40.79474],[-73.96942,40.79536],[-73.9764,40.79827]]]]},"properties":{"shape_area":"13200450.2886","ntaname":"Upper West Side-Manhattan Valley","cdtaname":"MN07 Upper West Side (CD 7 Approximation)","shape_leng":"14867.8730441","boroname":"Manhattan","ntatype":"0","nta2020":"MN0703","borocode":"1","countyfips":"061","ntaabbrev":"UWS_MnVly","cdta2020":"MN07","atlas_id":"MN0703","scalars":{"population":53542.0,"housing_units":25915.0,"jobs":14115.0}}},{"type":"Feature","geometry":{"type":"MultiPolygon","coordinates":[[[[-73.95764,40.74841],[-73.95749,40.74834],[-73.95752,40.7483],[-73.95767,40.74837],[-73.95773,40.74829],[-73.95784,40.74834],[-73.95769,40.74854],[-73.95758,40.74849],[-73.95764,40.74841]]],[[[-73.93557,40.77192],[-73.93566,40.77176],[-73.93552,40.77172],[-73.93557,40.77163],[-73.93585,40.77172],[-73.93581,40.7718],[-73.9357,40.77177],[-73.93561,40.77193],[-73.93557,40.77192]]],[[[-73.96154,40.74972],[-73.95902,40.7536],[-73.94472,40.76979],[-73.94213,40.77203],[-73.94008,40.77293],[-73.94028,40.77067],[-73.94112,40.76941],[-73.94286,40.7683],[-73.95312,40.75652],[-73.95791,40.75211],[-73.96154,40.74972]]],[[[-73.96658,40.76155],[-73.95729,40.77428],[-73.94749,40.77012],[-73.95442,40.76218],[-73.95893,40.75834],[-73.96658,40.76155]]]]},"properties":{"shape_area":"21500957.9496","ntaname":"Upper East Side-Lenox Hill-Roosevelt Island","cdtaname":"MN08 Upper East Side-Roosevelt Island (CD 8 Equivalent)","shape_leng":"38425.3806097","boroname":"Manhattan","ntatype":"0","nta2020":"MN0801","borocode":"1","countyfips":"061","ntaabbrev":"UES_LnxHl","cdta2020":"MN08","atlas_id":"MN0801","scalars":{"population":81894.0,"housing_units":52929.0}}},{"type":"Feature","geometry":{"type":"MultiPolygon","coordinates":[[[[-73.97301,40.76428],[-73.95578,40.78791],[-73.94933,40.78519],[-73.96658,40.76155],[-73.97301,40.76428]]]]},"properties":{"shape_area":"20065364.2826","ntaname":"Upper East Side-Carnegie Hill","cdtaname":"MN08 Upper East Side-Roosevelt Island (CD 8 Equivalent)","shape_leng":"23778.4102558","boroname":"Manhattan","ntatype":"0","nta2020":"MN0802","borocode":"1","countyfips":"061","ntaabbrev":"UES_CrngHl","cdta2020":"MN08","atlas_id":"MN0802","scalars":{"population":54910.0,"housing_units":37894.0,"jobs":60770.0}}},{"type":"Feature","geometry":{"type":"MultiPolygon","coordinates":[[[[-73.93958,40.77958],[-73.93874,40.78104],[-73.93808,40.78142],[-73.93805,40.78083],[-73.93765,40.781],[-73.9376,40.78047],[-73.93958,40.77958]]],[[[-73.95729,40.77428],[-73.94933,40.78519],[-73.94376,40.78283],[-73.94344,40.77976],[-73.9424,40.78003],[-73.94211,40.77946],[-73.943,40.77885],[-73.94208,40.77596],[-73.94749,40.77012],[-73.95729,40.77428]]]]},"properties":{"shape_area":"13645033.1396","ntaname":"Upper East Side-Yorkville","cdtaname":"MN08 Upper East Side-Roosevelt Island (CD 8 Equivalent)","shape_leng":"18113.2939923","boroname":"Manhattan","ntatype":"0","nta2020":"MN0803","borocode":"1","countyfips":"061","ntaabbrev":"UES_Yrkvl","cdta2020":"MN08","atlas_id":"MN0803","scalars":{"population":80475.0,"housing_units":48874.0}}},{"type":"Feature","geometry":{"type":"MultiPolygon","coordinates":[[[[-73.97111,40.80579],[-73.96203,40.81809],[-73.95949,40.81701],[-73.95626,40.81339],[-73.95571,40.81414],[-73.95408,40.81228],[-73.9521,40.81144],[-73.95358,40.80948],[-73.95497,40.81006],[-73.95823,40.80554],[-73.95825,40.80311],[-73.95965,40.80116],[-73.97111,40.80579]]]]},"properties":{"shape_area":"15922767.6743","ntaname":"Morningside Heights","cdtaname":"MN09 Morningside Heights-Hamilton Heights (CD 9 Equivalent)","shape_leng":"17757.8076596","boroname":"Manhattan","ntatype":"0","nta2020":"MN0901","borocode":"1","countyfips":"061","ntaabbrev":"MrngsdHts","cdta2020":"MN09","atlas_id":"MN0901","scalars":{"population":38346.0,"housing_units":14523.0,"jobs":42608.0}}},{"type":"Feature","geometry":{"type":"MultiPolygon","coordinates":[[[[-73.94608,40.82126],[-73.9464,40.82057],[-73.94672,40.81989],[-73.94704,40.81921],[-73.94735,40.81853],[-73.94767,40.81786],[-73.94801,40.81712],[-73.94836,40.81637],[-73.94868,40.81569],[-73.94884,40.81536],[-73.94902,40.81503],[-73.94921,40.8147],[-73.94943,40.81438],[-73.94964,40.81409],[-73.94986,40.8138],[-73.95035,40.81316],[-73.95093,40.81258],[-73.95098,40.81252],[-73.95151,40.81201],[-73.9521,40.81144],[-73.95354,40.81205],[-73.95408,40.81228],[-73.9552,40.81355],[-73.95571,40.81414],[-73.95626,40.81339],[-73.95708,40.81429],[-73.95711,40.81433],[-73.95717,40.8144],[-73.95783,40.81516],[-73.9582,40.81558],[-73.95823,40.81561],[-73.95829,40.81569],[-73.95836,40.81576],[-73.95839,40.8158],[-73.95949,40.81701],[-73.96069,40.81751],[-73.96102,40.81765],[-73.96139,40.81782],[-73.96158,40.81791],[-73.96164,40.81794],[-73.96169,40.81797],[-73.96182,40.81802],[-73.9619,40.81805],[-73.96203,40.81809],[-73.96188,40.81826],[-73.96132,40.81889],[-73.96095,40.81931],[-73.96045,40.81988],[-73.96,40.82038],[-73.95981,40.8203],[-73.95939,40.82086],[-73.95933,40.82095],[-73.95928,40.82099],[-73.95913,40.82117],[-73.95921,40.82121],[-73.95926,40.82124],[-73.9593,40.82119],[-73.95943,40.82125],[-73.95915,40.82157],[-73.95903,40.82151],[-73.95923,40.82128],[-73.95918,40.82125],[-73.95909,40.82121],[-73.95882,40.82152],[-73.95894,40.82157],[-73.95885,40.82167],[-73.95875,40.82181],[-73.95896,40.82237],[-73.959,40.82241],[-73.95911,40.82245],[-73.95923,40.82229],[-73.95991,40.82257],[-73.9596,40.82299],[-73.95893,40.82271],[-73.95905,40.82254],[-73.95892,40.82249],[-73.95887,40.82245],[-73.95884,40.82241],[-73.95865,40.82192],[-73.95865,40.8219],[-73.95853,40.82184],[-73.9582,40.82228],[-73.95817,40.82246],[-73.95813,40.82253],[-73.95807,40.82261],[-73.95794,40.82277],[-73.95823,40.82289],[-73.95821,40.82292],[-73.95814,40.82302],[-73.95916,40.82345],[-73.95918,40.82346],[-73.95944,40.82356],[-73.95946,40.82357],[-73.95948,40.82358],[-73.9595,40.82359],[-73.95951,40.8236],[-73.95953,40.82362],[-73.95954,40.82363],[-73.95954,40.82364],[-73.95955,40.82365],[-73.95953,40.82369],[-73.95956,40.82369],[-73.95914,40.82432],[-73.95741,40.82327],[-73.95722,40.82323],[-73.95715,40.82321],[-73.95708,40.8232],[-73.95683,40.82317],[-73.95651,40.82312],[-73.95634,40.82309],[-73.95577,40.8229],[-73.95573,40.82289],[-73.9557,40.82288],[-73.95377,40.82206],[-73.95367,40.82202],[-73.95357,40.82198],[-73.95291,40.8217],[-73.95083,40.82083],[-73.95038,40.82145],[-73.94992,40.82207],[-73.94854,40.82149],[-73.94808,40.82211],[-73.94724,40.82175],[-73.94608,40.82126]]]]},"properties":{"shape_area":"10734805.1646","ntaname":"Manhattanville-West Harlem","cdtaname":"MN09 Morningside Heights-Hamilton Heights (CD 9 Equivalent)","shape_leng":"17357.2460682","boroname":"Manhattan","ntatype":"0","nta2020":"MN0902","borocode":"1","countyfips":"061","ntaabbrev":"Mnhttnvl","cdta2020":"MN09","atlas_id":"MN0902","scalars":{"population":23847.0,"housing_units":9062.0,"jobs":5670.0}}},{"type":"Feature","geometry":{"type":"MultiPolygon","coordinates":[[[[-73.95914,40.82432],[-73.95632,40.82794],[-73.95504,40.82741],[-73.95454,40.82786],[-73.95021,40.8343],[-73.93864,40.82974],[-73.9415,40.82517],[-73.94516,40.82088],[-73.94808,40.82211],[-73.94854,40.82149],[-73.94992,40.82207],[-73.95083,40.82083],[-73.95914,40.82432]]]]},"properties":{"shape_area":"15983586.1467","ntaname":"Hamilton Heights-Sugar Hill","cdtaname":"MN09 Morningside Heights-Hamilton Heights (CD 9 Equivalent)","shape_leng":"17103.2131521","boroname":"Manhattan","ntatype":"0","nta2020":"MN0903","borocode":"1","countyfips":"061","ntaabbrev":"HmltnHts","cdta2020":"MN09","atlas_id":"MN0903","scalars":{"population":53595.0,"housing_units":21200.0,"jobs":6709.0}}},{"type":"Feature","geometry":{"type":"MultiPolygon","coordinates":[[[[-73.95965,40.80116],[-73.95825,40.80311],[-73.95823,40.80554],[-73.95497,40.81006],[-73.95358,40.80948],[-73.9521,40.81144],[-73.94177,40.80709],[-73.94275,40.80574],[-73.94436,40.80641],[-73.9462,40.80391],[-73.9446,40.80323],[-73.94923,40.79687],[-73.95965,40.80116]]]]},"properties":{"shape_area":"14426413.3","ntaname":"Harlem (South)","cdtaname":"MN10 Harlem (CD 10 Equivalent)","shape_leng":"16663.3393423","boroname":"Manhattan","ntatype":"0","nta2020":"MN1001","borocode":"1","countyfips":"061","ntaabbrev":"Hrlm_S","cdta2020":"MN10","atlas_id":"MN1001","scalars":{"population":50774.0,"housing_units":22783.0,"jobs":13466.0}}},{"type":"Feature","geometry":{"type":"MultiPolygon","coordinates":[[[[-73.9521,40.81144],[-73.94921,40.8147],[-73.94608,40.82126],[-73.94516,40.82088],[-73.93925,40.8283],[-73.93864,40.82974],[-73.94014,40.83037],[-73.93895,40.83242],[-73.93445,40.83598],[-73.93517,40.83287],[-73.93383,40.81949],[-73.93448,40.8197],[-73.93407,40.81783],[-73.93487,40.81653],[-73.94177,40.80709],[-73.9521,40.81144]]]]},"properties":{"shape_area":"23792907.8314","ntaname":"Harlem (North)","cdtaname":"MN10 Harlem (CD 10 Equivalent)","shape_leng":"32470.1550555","boroname":"Manhattan","ntatype":"0","nta2020":"MN1002","borocode":"1","countyfips":"061","ntaabbrev":"Hrlm_N","cdta2020":"MN10","atlas_id":"MN1002","scalars":{"population":83057.0,"housing_units":38894.0,"jobs":12278.0}}},{"type":"Feature","geometry":{"type":"MultiPolygon","coordinates":[[[[-73.95578,40.78791],[-73.94831,40.79813],[-73.94188,40.79541],[-73.94327,40.79349],[-73.93865,40.79156],[-73.93774,40.79282],[-73.93505,40.79169],[-73.93708,40.78937],[-73.93622,40.7888],[-73.93715,40.78917],[-73.93983,40.78525],[-73.94365,40.78266],[-73.95578,40.78791]]]]},"properties":{"shape_area":"16653939.6731","ntaname":"East Harlem (South)","cdtaname":"MN11 East Harlem (CD 11 Equivalent)","shape_leng":"21636.7245234","boroname":"Manhattan","ntatype":"0","nta2020":"MN1101","borocode":"1","countyfips":"061","ntaabbrev":"EstHrlm_S","cdta2020":"MN11","atlas_id":"MN1101","scalars":{"population":59773.0,"housing_units":28715.0,"jobs":36114.0}}},{"type":"Feature","geometry":{"type":"MultiPolygon","coordinates":[[[[-73.92719,40.79735],[-73.92735,40.79732],[-73.92735,40.79729],[-73.92767,40.79722],[-73.92771,40.7973],[-73.92738,40.79738],[-73.92737,40.79735],[-73.9272,40.79739],[-73.92719,40.79735]]],[[[-73.92672,40.80041],[-73.92654,40.80033],[-73.92655,40.80032],[-73.92674,40.8004],[-73.92674,40.80041],[-73.92673,40.80041],[-73.92672,40.80041]]],[[[-73.92667,40.80018],[-73.9267,40.80015],[-73.92725,40.80039],[-73.92711,40.80056],[-73.92707,40.80054],[-73.92717,40.80041],[-73.92667,40.80018]]],[[[-73.92689,40.80084],[-73.92651,40.80066],[-73.92655,40.8006],[-73.92685,40.80074],[-73.92683,40.80077],[-73.92687,40.80078],[-73.927,40.80064],[-73.92705,40.80065],[-73.92689,40.80084]]],[[[-73.94831,40.79813],[-73.9446,40.80323],[-73.9462,40.80391],[-73.94436,40.80641],[-73.94275,40.80574],[-73.93487,40.81653],[-73.93407,40.81783],[-73.93448,40.8197],[-73.93383,40.81949],[-73.93434,40.80956],[-73.92903,40.80108],[-73.92904,40.79676],[-73.92983,40.79495],[-73.93505,40.79169],[-73.93774,40.79282],[-73.93865,40.79156],[-73.94327,40.79349],[-73.94188,40.79541],[-73.94831,40.79813]]]]},"properties":{"shape_area":"26119317.1689","ntaname":"East Harlem (North)","cdtaname":"MN11 East Harlem (CD 11 Equivalent)","shape_leng":"37229.5260912","boroname":"Manhattan","ntatype":"0","nta2020":"MN1102","borocode":"1","countyfips":"061","ntaabbrev":"EstHrlm_N","cdta2020":"MN11","atlas_id":"MN1102","scalars":{"population":64720.0,"housing_units":30051.0}}},{"type":"Feature","geometry":{"type":"MultiPolygon","coordinates":[[[[-73.9164,40.79768],[-73.91545,40.79706],[-73.91444,40.79567],[-73.9138,40.79451],[-73.91378,40.79384],[-73.91459,40.79278],[-73.91514,40.79201],[-73.91536,40.79184],[-73.91552,40.79178],[-73.91631,40.79112],[-73.91617,40.79101],[-73.91687,40.79036],[-73.91708,40.79046],[-73.91711,40.79047],[-73.91784,40.79017],[-73.91812,40.79004],[-73.91843,40.7898],[-73.91856,40.7897],[-73.91859,40.78947],[-73.91851,40.78943],[-73.92189,40.7857],[-73.922,40.78576],[-73.92219,40.78551],[-73.92244,40.78478],[-73.92285,40.78356],[-73.92306,40.78334],[-73.92401,40.78266],[-73.92406,40.78259],[-73.92412,40.78252],[-73.92424,40.7825],[-73.92425,40.78249],[-73.92431,40.78246],[-73.92448,40.78232],[-73.92467,40.78224],[-73.92488,40.78222],[-73.92506,40.78222],[-73.92514,40.78224],[-73.92515,40.78225],[-73.92524,40.78227],[-73.92539,40.78227],[-73.92572,40.78218],[-73.92714,40.78119],[-73.92732,40.78109],[-73.92754,40.78105],[-73.9276,40.78104],[-73.9277,40.78101],[-73.92779,40.78099],[-73.9281,40.78092],[-73.92849,40.78101],[-73.92917,40.78141],[-73.93031,40.78208],[-73.93064,40.78226],[-73.93105,40.7824],[-73.93267,40.78269],[-73.93502,40.78301],[-73.93541,40.78339],[-73.93581,40.78371],[-73.93598,40.78394],[-73.93607,40.78422],[-73.93605,40.78451],[-73.936,40.78468],[-73.93592,40.78481],[-73.93579,40.78525],[-73.93576,40.78545],[-73.93571,40.78568],[-73.93313,40.78871],[-73.9327,40.78918],[-73.9324,40.78972],[-73.93224,40.78969],[-73.93211,40.78983],[-73.93148,40.79048],[-73.93084,40.79099],[-73.93073,40.79096],[-73.92978,40.79134],[-73.92972,40.79137],[-73.92967,40.79136],[-73.92872,40.79094],[-73.92859,40.79097],[-73.92807,40.79082],[-73.92737,40.79081],[-73.92692,40.79079],[-73.92681,40.79076],[-73.92667,40.79073],[-73.92642,40.79069],[-73.92625,40.79069],[-73.9261,40.79073],[-73.92606,40.79083],[-73.92607,40.79094],[-73.92609,40.791],[-73.92609,40.79109],[-73.92604,40.79118],[-73.92605,40.79127],[-73.92609,40.79135],[-73.92611,40.79141],[-73.92615,40.79155],[-73.92616,40.79162],[-73.92616,40.79172],[-73.92627,40.79176],[-73.92644,40.7918],[-73.92655,40.79183],[-73.92657,40.79186],[-73.92651,40.7919],[-73.92628,40.79188],[-73.92615,40.79185],[-73.92593,40.79188],[-73.92576,40.79186],[-73.92564,40.79182],[-73.92559,40.79182],[-73.92558,40.79185],[-73.92561,40.7919],[-73.92617,40.7919],[-73.92643,40.79196],[-73.92663,40.79195],[-73.92667,40.79194],[-73.92674,40.79193],[-73.9267,40.79183],[-73.92664,40.79179],[-73.92658,40.79179],[-73.92651,40.79177],[-73.92637,40.79166],[-73.92633,40.7915],[-73.92634,40.79125],[-73.92643,40.79111],[-73.92649,40.79102],[-73.92657,40.79098],[-73.9267,40.79097],[-73.92674,40.79097],[-73.92683,40.79099],[-73.92694,40.791],[-73.92702,40.791],[-73.92711,40.79102],[-73.92717,40.791],[-73.92724,40.791],[-73.92732,40.79101],[-73.92738,40.791],[-73.92744,40.79096],[-73.92751,40.79096],[-73.92756,40.79096],[-73.92757,40.79096],[-73.92765,40.79096],[-73.92778,40.79094],[-73.92787,40.79095],[-73.92789,40.79098],[-73.9279,40.79101],[-73.92791,40.79104],[-73.92789,40.79109],[-73.92766,40.79135],[-73.92758,40.79146],[-73.92732,40.79174],[-73.92728,40.79177],[-73.92723,40.79179],[-73.92714,40.79193],[-73.9278,40.792],[-73.928,40.79213],[-73.92827,40.79233],[-73.92834,40.79286],[-73.92834,40.79292],[-73.92834,40.79298],[-73.92834,40.79304],[-73.92832,40.7931],[-73.9283,40.79316],[-73.92827,40.79321],[-73.92735,40.79446],[-73.92726,40.79473],[-73.92724,40.79478],[-73.9271,40.7951],[-73.92705,40.79518],[-73.92701,40.79526],[-73.92698,40.79533],[-73.92695,40.79542],[-73.92694,40.7955],[-73.92693,40.79558],[-73.92692,40.79566],[-73.9269,40.79598],[-73.92689,40.79622],[-73.92689,40.79623],[-73.92689,40.79625],[-73.92695,40.79671],[-73.92704,40.79699],[-73.92712,40.7972],[-73.92719,40.79735],[-73.9272,40.79739],[-73.92722,40.79742],[-73.92728,40.79741],[-73.92744,40.79771],[-73.92748,40.79812],[-73.92726,40.79892],[-73.927,40.79962],[-73.92692,40.79984],[-73.9269,40.79989],[-73.92688,40.79994],[-73.92685,40.79999],[-73.92681,40.80004],[-73.9267,40.80015],[-73.92667,40.80018],[-73.92655,40.80032],[-73.92654,40.80033],[-73.9265,40.80037],[-73.92668,40.80045],[-73.92655,40.8006],[-73.92651,40.80066],[-73.92588,40.80155],[-73.92582,40.80164],[-73.92578,40.80173],[-73.9257,40.80181],[-73.92549,40.80196],[-73.92529,40.802],[-73.92528,40.802],[-73.92436,40.80199],[-73.92263,40.80187],[-73.92216,40.80163],[-73.92191,40.8015],[-73.92134,40.80085],[-73.92114,40.80048],[-73.92103,40.80027],[-73.92084,40.80001],[-73.92058,40.79967],[-73.92035,40.79942],[-73.92031,40.79938],[-73.91924,40.79888],[-73.91915,40.79884],[-73.91907,40.7988],[-73.91899,40.79877],[-73.91891,40.79874],[-73.91798,40.79838],[-73.9179,40.79836],[-73.91663,40.79786],[-73.9164,40.79768]]]]},"properties":{"shape_area":"23466535.4945","ntaname":"Randall's Island","cdtaname":"MN11 East Harlem (CD 11 Equivalent)","shape_leng":"28220.9641658","boroname":"Manhattan","ntatype":"9","nta2020":"MN1191","borocode":"1","countyfips":"061","ntaabbrev":"RndllsIsl","cdta2020":"MN11","atlas_id":"MN1191","scalars":{"population":1845.0,"housing_units":0.0,"jobs":3333.0}}},{"type":"Feature","geometry":{"type":"MultiPolygon","coordinates":[[[[-73.95021,40.8343],[-73.94856,40.83956],[-73.94612,40.84389],[-73.94696,40.85047],[-73.94319,40.84975],[-73.94389,40.8482],[-73.93804,40.84756],[-73.9364,40.84954],[-73.93139,40.84743],[-73.93557,40.84171],[-73.93512,40.83917],[-73.93638,40.83785],[-73.93798,40.83437],[-73.94027,40.8318],[-73.94035,40.83046],[-73.95021,40.8343]]]]},"properties":{"shape_area":"21027674.3698","ntaname":"Washington Heights (South)","cdtaname":"MN12 Washington Heights-Inwood (CD 12 Equivalent)","shape_leng":"22198.2608859","boroname":"Manhattan","ntatype":"0","nta2020":"MN1201","borocode":"1","countyfips":"061","ntaabbrev":"WshHts_S","cdta2020":"MN12","atlas_id":"MN1201","scalars":{"population":82547.0,"housing_units":30790.0,"jobs":24683.0}}},{"type":"Feature","geometry":{"type":"MultiPolygon","coordinates":[[[[-73.94696,40.85047],[-73.94348,40.85228],[-73.94187,40.85387],[-73.93252,40.86741],[-73.9322,40.86984],[-73.92727,40.86553],[-73.92476,40.86163],[-73.92529,40.86012],[-73.92712,40.85811],[-73.92691,40.85751],[-73.92524,40.85809],[-73.92466,40.85672],[-73.9277,40.85249],[-73.92703,40.8522],[-73.92748,40.85069],[-73.92971,40.84812],[-73.93062,40.84848],[-73.93139,40.84743],[-73.9364,40.84954],[-73.93804,40.84756],[-73.94389,40.8482],[-73.94319,40.84975],[-73.94696,40.85047]]]]},"properties":{"shape_area":"24773512.0415","ntaname":"Washington Heights (North)","cdtaname":"MN12 Washington Heights-Inwood (CD 12 Equivalent)","shape_leng":"26731.5955312","boroname":"Manhattan","ntatype":"0","nta2020":"MN1202","borocode":"1","countyfips":"061","ntaabbrev":"WshHts_N","cdta2020":"MN12","atlas_id":"MN1202","scalars":{"population":83526.0,"housing_units":31453.0,"jobs":12971.0}}},{"type":"Feature","geometry":{"type":"MultiPolygon","coordinates":[[[[-73.92234,40.85568],[-73.92234,40.85569],[-73.92233,40.8557],[-73.9222,40.85587],[-73.92218,40.8559],[-73.92218,40.85591],[-73.92218,40.85592],[-73.92218,40.85593],[-73.92217,40.85593],[-73.92216,40.85593],[-73.92215,40.85593],[-73.92206,40.85605],[-73.92208,40.85606],[-73.92195,40.85624],[-73.92187,40.85635],[-73.92189,40.85636],[-73.92182,40.85645],[-73.92184,40.85646],[-73.92177,40.85657],[-73.9217,40.85667],[-73.92152,40.8566],[-73.92159,40.8565],[-73.9216,40.8565],[-73.92167,40.85639],[-73.92169,40.8564],[-73.92176,40.8563],[-73.92182,40.85633],[-73.92203,40.85604],[-73.92204,40.85605],[-73.92213,40.85592],[-73.92212,40.85591],[-73.92213,40.85591],[-73.92213,40.8559],[-73.92214,40.85589],[-73.92215,40.85589],[-73.92216,40.85589],[-73.92219,40.85585],[-73.92222,40.8558],[-73.92224,40.85577],[-73.92226,40.85573],[-73.92227,40.8557],[-73.92228,40.85569],[-73.92229,40.85568],[-73.9223,40.85566],[-73.92234,40.85568]]],[[[-73.92873,40.86674],[-73.9262,40.86851],[-73.92153,40.86945],[-73.91925,40.87101],[-73.9197,40.87206],[-73.91843,40.87301],[-73.91401,40.87116],[-73.91152,40.87324],[-73.91054,40.87206],[-73.91092,40.86944],[-73.91146,40.86948],[-73.91103,40.86916],[-73.91255,40.86651],[-73.91392,40.86475],[-73.91493,40.86457],[-73.91441,40.86417],[-73.91592,40.86428],[-73.9152,40.86395],[-73.91552,40.86291],[-73.91729,40.86168],[-73.91952,40.85878],[-73.92159,40.86007],[-73.92187,40.85918],[-73.92091,40.85822],[-73.92238,40.85658],[-73.92234,40.85568],[-73.92288,40.85588],[-73.92289,40.85886],[-73.92727,40.86553],[-73.92873,40.86674]]]]},"properties":{"shape_area":"14436881.4205","ntaname":"Inwood","cdtaname":"MN12 Washington Heights-Inwood (CD 12 Equivalent)","shape_leng":"23742.6967587","boroname":"Manhattan","ntatype":"0","nta2020":"MN1203","borocode":"1","countyfips":"061","ntaabbrev":"Inwd","cdta2020":"MN12","atlas_id":"MN1203","scalars":{"population":42900.0,"housing_units":16561.0}}},{"type":"Feature","geometry":{"type":"MultiPolygon","coordinates":[[[[-73.94037,40.83156],[-73.93512,40.83917],[-73.93557,40.84171],[-73.93062,40.84848],[-73.92971,40.84812],[-73.92708,40.85143],[-73.92703,40.8522],[-73.9277,40.85249],[-73.92463,40.85697],[-73.92524,40.85809],[-73.92691,40.85751],[-73.9271,40.85828],[-73.92529,40.86012],[-73.92474,40.86159],[-73.92289,40.85886],[-73.92288,40.85588],[-73.92228,40.85565],[-73.92977,40.84516],[-73.93445,40.83598],[-73.93839,40.83309],[-73.94014,40.83037],[-73.94037,40.83156]]]]},"properties":{"shape_area":"7751324.62516","ntaname":"Highbridge Park","cdtaname":"MN12 Washington Heights-Inwood (CD 12 Equivalent)","shape_leng":"27608.2158158","boroname":"Manhattan","ntatype":"9","nta2020":"MN1291","borocode":"1","countyfips":"061","ntaabbrev":"HghbrdgPk","cdta2020":"MN12","atlas_id":"MN1291","scalars":{"population":0.0,"housing_units":0.0,"jobs":27.0}}},{"type":"Feature","geometry":{"type":"MultiPolygon","coordinates":[[[[-73.93221,40.8701],[-73.92918,40.87556],[-73.92648,40.87762],[-73.92619,40.87706],[-73.92457,40.87743],[-73.92242,40.8768],[-73.92258,40.8743],[-73.92112,40.87303],[-73.91979,40.87361],[-73.9208,40.87419],[-73.92081,40.87548],[-73.91888,40.87468],[-73.91927,40.87365],[-73.9185,40.87319],[-73.91758,40.87455],[-73.91787,40.8739],[-73.91522,40.87449],[-73.91152,40.87324],[-73.91401,40.87116],[-73.91843,40.87301],[-73.9197,40.87206],[-73.91925,40.87101],[-73.92153,40.86945],[-73.9262,40.86851],[-73.92873,40.86674],[-73.93221,40.8701]]],[[[-73.92359,40.87895],[-73.92361,40.8789],[-73.9236,40.8789],[-73.92362,40.87885],[-73.92364,40.87882],[-73.92368,40.87883],[-73.92367,40.87886],[-73.92368,40.87887],[-73.92366,40.87891],[-73.92365,40.87891],[-73.92363,40.87896],[-73.92359,40.87895]]]]},"properties":{"shape_area":"10007466.6784","ntaname":"Inwood Hill Park","cdtaname":"MN12 Washington Heights-Inwood (CD 12 Equivalent)","shape_leng":"23769.6972557","boroname":"Manhattan","ntatype":"9","nta2020":"MN1292","borocode":"1","countyfips":"061","ntaabbrev":"InwdHlPk","cdta2020":"MN12","atlas_id":"MN1292","scalars":{"population":21.0,"housing_units":0.0,"jobs":19.0}}},{"type":"Feature","geometry":{"type":"MultiPolygon","coordinates":[[[[-73.98168,40.76839],[-73.95817,40.80058],[-73.94923,40.79687],[-73.97301,40.76428],[-73.98168,40.76839]]]]},"properties":{"shape_area":"38312377.705","ntaname":"Central Park","cdtaname":"MN64 Central Park (JIA 64 Equivalent)","shape_leng":"32721.0974785","boroname":"Manhattan","ntatype":"9","nta2020":"MN6491","borocode":"1","countyfips":"061","ntaabbrev":"CntrlPk","cdta2020":"MN64","atlas_id":"MN6491","scalars":{"population":0.0,"housing_units":0.0,"jobs":815.0}}},{"type":"Feature","geometry":{"type":"MultiPolygon","coordinates":[[[[-73.92398,40.77462],[-73.92303,40.77538],[-73.92376,40.77655],[-73.91797,40.78126],[-73.91996,40.78264],[-73.91717,40.78419],[-73.91683,40.78519],[-73.9126,40.78938],[-73.91094,40.78976],[-73.90986,40.79095],[-73.90206,40.78949],[-73.90033,40.78901],[-73.89583,40.78522],[-73.89876,40.78275],[-73.90115,40.78271],[-73.90268,40.78035],[-73.90129,40.78186],[-73.89865,40.782],[-73.8944,40.78424],[-73.89606,40.78316],[-73.89477,40.78225],[-73.89536,40.78166],[-73.8946,40.78225],[-73.89528,40.78154],[-73.89419,40.78247],[-73.89306,40.78185],[-73.89231,40.78247],[-73.89275,40.78297],[-73.89165,40.78219],[-73.89301,40.7818],[-73.89166,40.78084],[-73.89254,40.77955],[-73.89167,40.77949],[-73.8912,40.77856],[-73.89252,40.7774],[-73.89143,40.77638],[-73.89183,40.77488],[-73.89107,40.77721],[-73.89009,40.77778],[-73.88947,40.77554],[-73.89019,40.77365],[-73.88945,40.77353],[-73.88874,40.76892],[-73.88773,40.76691],[-73.89089,40.76586],[-73.89109,40.76634],[-73.89432,40.76615],[-73.91726,40.76985],[-73.92398,40.77462]]]]},"properties":{"shape_area":"58301779.7098","ntaname":"Astoria (North)-Ditmars-Steinway","cdtaname":"QN01 Astoria-Queensbridge (CD 1 Equivalent)","shape_leng":"47392.9789879","boroname":"Queens","ntatype":"0","nta2020":"QN0101","borocode":"4","countyfips":"081","ntaabbrev":"Astr_N","cdta2020":"QN01","atlas_id":"QN0101","scalars":{"population":48555.0,"housing_units":23006.0,"jobs":11819.0}}},{"type":"Feature","geometry":{"type":"MultiPolygon","coordinates":[[[[-73.93786,40.77409],[-73.93638,40.77692],[-73.93474,40.77808],[-73.93179,40.77787],[-73.92988,40.77622],[-73.92828,40.7769],[-73.92398,40.77462],[-73.92781,40.76989],[-73.92647,40.76927],[-73.93037,40.76449],[-73.93618,40.76769],[-73.93425,40.77103],[-73.93747,40.77253],[-73.93786,40.77409]]]]},"properties":{"shape_area":"11091067.3494","ntaname":"Old Astoria-Hallets Point","cdtaname":"QN01 Astoria-Queensbridge (CD 1 Equivalent)","shape_leng":"15102.2622804","boroname":"Queens","ntatype":"0","nta2020":"QN0102","borocode":"4","countyfips":"081","ntaabbrev":"OldAstr","cdta2020":"QN01","atlas_id":"QN0102","scalars":{"population":13273.0,"housing_units":8984.0,"jobs":2667.0}}},{"type":"Feature","geometry":{"type":"MultiPolygon","coordinates":[[[[-73.93215,40.75771],[-73.92965,40.7608],[-73.93055,40.76122],[-73.92943,40.76238],[-73.93134,40.76328],[-73.92647,40.76927],[-73.92781,40.76989],[-73.92398,40.77462],[-73.9177,40.77039],[-73.91808,40.77006],[-73.91194,40.76901],[-73.9145,40.76586],[-73.9137,40.76548],[-73.91499,40.76389],[-73.91579,40.76427],[-73.92416,40.75396],[-73.93215,40.75771]]]]},"properties":{"shape_area":"21084822.1142","ntaname":"Astoria (Central)","cdtaname":"QN01 Astoria-Queensbridge (CD 1 Equivalent)","shape_leng":"21571.9915364","boroname":"Queens","ntatype":"0","nta2020":"QN0103","borocode":"4","countyfips":"081","ntaabbrev":"Astr_C","cdta2020":"QN01","atlas_id":"QN0103","scalars":{"population":47618.0,"housing_units":27750.0,"jobs":13448.0}}},{"type":"Feature","geometry":{"type":"MultiPolygon","coordinates":[[[[-73.92563,40.75214],[-73.91579,40.76427],[-73.91499,40.76389],[-73.9137,40.76548],[-73.9145,40.76586],[-73.91194,40.76901],[-73.90203,40.76742],[-73.90351,40.76585],[-73.90153,40.75963],[-73.89855,40.75992],[-73.89974,40.75745],[-73.89854,40.75417],[-73.91023,40.75298],[-73.91763,40.75386],[-73.92563,40.75214]]]]},"properties":{"shape_area":"26041929.9836","ntaname":"Astoria (East)-Woodside (North)","cdtaname":"QN01 Astoria-Queensbridge (CD 1 Equivalent)","shape_leng":"24360.9286823","boroname":"Queens","ntatype":"0","nta2020":"QN0104","borocode":"4","countyfips":"081","ntaabbrev":"Astr_E","cdta2020":"QN01","atlas_id":"QN0104","scalars":{"population":36805.0,"housing_units":18203.0,"jobs":11233.0}}},{"type":"Feature","geometry":{"type":"MultiPolygon","coordinates":[[[[-73.95084,40.75522],[-73.94131,40.76692],[-73.93524,40.76968],[-73.9349,40.77127],[-73.93425,40.77103],[-73.93447,40.77041],[-73.93618,40.76769],[-73.93037,40.76449],[-73.93134,40.76328],[-73.92943,40.76238],[-73.93055,40.76122],[-73.92965,40.7608],[-73.93215,40.75771],[-73.92416,40.75396],[-73.92563,40.75214],[-73.93383,40.7516],[-73.93686,40.74842],[-73.93812,40.74983],[-73.95084,40.75522]]]]},"properties":{"shape_area":"27721573.6097","ntaname":"Queensbridge-Ravenswood-Dutch Kills","cdtaname":"QN01 Astoria-Queensbridge (CD 1 Equivalent)","shape_leng":"27093.7842312","boroname":"Queens","ntatype":"0","nta2020":"QN0105","borocode":"4","countyfips":"081","ntaabbrev":"Qnsbrdg","cdta2020":"QN01","atlas_id":"QN0105","scalars":{"population":26078.0,"housing_units":14837.0,"jobs":33490.0}}},{"type":"Feature","geometry":{"type":"MultiPolygon","coordinates":[[[[-73.89282,40.79282],[-73.89179,40.79678],[-73.89083,40.79801],[-73.88886,40.79787],[-73.88831,40.79818],[-73.88898,40.79875],[-73.88821,40.79867],[-73.88372,40.79569],[-73.87841,40.79454],[-73.87284,40.79143],[-73.87121,40.79004],[-73.87079,40.78796],[-73.87309,40.78585],[-73.87831,40.78536],[-73.8877,40.78687],[-73.88905,40.78737],[-73.89057,40.79011],[-73.89218,40.79039],[-73.89282,40.79282]]]]},"properties":{"shape_area":"18163733.8401","ntaname":"Rikers Island","cdtaname":"QN01 Astoria-Queensbridge (CD 1 Equivalent)","shape_leng":"18897.4877455","boroname":"Bronx","ntatype":"5","nta2020":"QN0151","borocode":"2","countyfips":"005","ntaabbrev":"RkrsIsl","cdta2020":"QN01","atlas_id":"QN0151","scalars":{"population":6661.0,"housing_units":0.0,"jobs":7671.0}}},{"type":"Feature","geometry":{"type":"MultiPolygon","coordinates":[[[[-73.93609,40.74973],[-73.93383,40.7516],[-73.93228,40.75195],[-73.92563,40.75214],[-73.91763,40.75386],[-73.91023,40.75298],[-73.90984,40.75164],[-73.92054,40.74975],[-73.92161,40.75137],[-73.92463,40.75164],[-73.93152,40.75115],[-73.93539,40.74941],[-73.93609,40.74973]]]]},"properties":{"shape_area":"4500282.01838","ntaname":"Sunnyside Yards (North)","cdtaname":"QN01 Astoria-Queensbridge (CD 1 Equivalent)","shape_leng":"16111.6114779","boroname":"Queens","ntatype":"6","nta2020":"QN0161","borocode":"4","countyfips":"081","ntaabbrev":"SnnysdYd_N","cdta2020":"QN01","atlas_id":"QN0161","scalars":{"population":35.0,"housing_units":4.0,"jobs":5025.0}}},{"type":"Feature","geometry":{"type":"MultiPolygon","coordinates":[[[[-73.90351,40.76585],[-73.90203,40.76742],[-73.89432,40.76615],[-73.8951,40.76436],[-73.89877,40.75992],[-73.90147,40.75963],[-73.90351,40.76585]]]]},"properties":{"shape_area":"4388717.08612","ntaname":"St. Michael's Cemetery","cdtaname":"QN01 Astoria-Queensbridge (CD 1 Equivalent)","shape_leng":"8656.46241913","boroname":"Queens","ntatype":"7","nta2020":"QN0171","borocode":"4","countyfips":"081","ntaabbrev":"StMchlCem","cdta2020":"QN01","atlas_id":"QN0171","scalars":{"population":0.0,"housing_units":0.0,"jobs":595.0}}},{"type":"Feature","geometry":{"type":"MultiPolygon","coordinates":[[[[-73.92828,40.7769],[-73.92487,40.77863],[-73.91996,40.78264],[-73.91797,40.78126],[-73.92376,40.77655],[-73.92303,40.77538],[-73.92398,40.77462],[-73.92828,40.7769]]]]},"properties":{"shape_area":"2674946.31308","ntaname":"Astoria Park","cdtaname":"QN01 Astoria-Queensbridge (CD 1 Equivalent)","shape_leng":"8570.89494423","boroname":"Queens","ntatype":"9","nta2020":"QN0191","borocode":"4","countyfips":"081","ntaabbrev":"AstrPk","cdta2020":"QN01","atlas_id":"QN0191","scalars":{"population":0.0,"housing_units":0.0}}},{"type":"Feature","geometry":{"type":"MultiPolygon","coordinates":[[[[-73.96262,40.73903],[-73.96125,40.74042],[-73.96194,40.74079],[-73.96122,40.74111],[-73.96119,40.74264],[-73.95977,40.7435],[-73.96057,40.74403],[-73.95878,40.74456],[-73.95967,40.74517],[-73.95849,40.74499],[-73.95934,40.74551],[-73.9585,40.74576],[-73.95914,40.746],[-73.95704,40.74892],[-73.95318,40.74773],[-73.95632,40.74908],[-73.95576,40.7496],[-73.9562,40.74969],[-73.95507,40.74963],[-73.9545,40.75123],[-73.95084,40.75522],[-73.93812,40.74983],[-73.93664,40.7482],[-73.94033,40.74541],[-73.94343,40.74423],[-73.9442,40.74288],[-73.93726,40.74518],[-73.93868,40.73821],[-73.94146,40.73925],[-73.93867,40.74253],[-73.94002,40.74321],[-73.93965,40.74273],[-73.94159,40.73986],[-73.94715,40.7379],[-73.95378,40.73982],[-73.95741,40.73956],[-73.96073,40.73808],[-73.96217,40.73827],[-73.96262,40.73903]]]]},"properties":{"shape_area":"27595430.2612","ntaname":"Long Island City-Hunters Point","cdtaname":"QN02 Long Island City-Sunnyside-Woodside (CD 2 Approximation)","shape_leng":"37374.7359056","boroname":"Queens","ntatype":"0","nta2020":"QN0201","borocode":"4","countyfips":"081","ntaabbrev":"LIC","cdta2020":"QN02","atlas_id":"QN0201","scalars":{"population":24301.0,"housing_units":17321.0,"jobs":36856.0}}},{"type":"Feature","geometry":{"type":"MultiPolygon","coordinates":[[[[-73.94595,40.73752],[-73.94146,40.73925],[-73.93868,40.73821],[-73.93726,40.74518],[-73.9377,40.74524],[-73.92677,40.74759],[-73.9208,40.74689],[-73.92034,40.74916],[-73.91541,40.75011],[-73.90971,40.74975],[-73.91015,40.74852],[-73.91164,40.74868],[-73.91188,40.74822],[-73.91245,40.74592],[-73.91125,40.74578],[-73.91199,40.74219],[-73.91383,40.74241],[-73.91443,40.74053],[-73.91574,40.74079],[-73.91718,40.7369],[-73.91652,40.73676],[-73.9169,40.73544],[-73.91749,40.73542],[-73.91835,40.73315],[-73.91881,40.73321],[-73.91902,40.73209],[-73.91731,40.73144],[-73.91836,40.72593],[-73.92217,40.72649],[-73.92645,40.72812],[-73.92849,40.72776],[-73.93645,40.72967],[-73.93911,40.73138],[-73.94162,40.73584],[-73.94595,40.73752]]]]},"properties":{"shape_area":"47701718.3827","ntaname":"Sunnyside","cdtaname":"QN02 Long Island City-Sunnyside-Woodside (CD 2 Approximation)","shape_leng":"34952.1550938","boroname":"Queens","ntatype":"0","nta2020":"QN0202","borocode":"4","countyfips":"081","ntaabbrev":"Snnysd","cdta2020":"QN02","atlas_id":"QN0202","scalars":{"population":49937.0,"housing_units":22765.0,"jobs":42387.0}}},{"type":"Feature","geometry":{"type":"MultiPolygon","coordinates":[[[[-73.91245,40.74592],[-73.91164,40.74868],[-73.91015,40.74852],[-73.9099,40.74909],[-73.90944,40.75076],[-73.91023,40.75298],[-73.89874,40.75415],[-73.89707,40.74994],[-73.89089,40.74069],[-73.89469,40.74023],[-73.88725,40.73884],[-73.88754,40.73676],[-73.89137,40.73606],[-73.88936,40.73584],[-73.88852,40.73453],[-73.89879,40.73518],[-73.90108,40.73391],[-73.90517,40.73586],[-73.90629,40.7324],[-73.91069,40.73347],[-73.90755,40.74166],[-73.91199,40.74219],[-73.91125,40.74578],[-73.91245,40.74592]]]]},"properties":{"shape_area":"32949977.2992","ntaname":"Woodside","cdtaname":"QN02 Long Island City-Sunnyside-Woodside (CD 2 Approximation)","shape_leng":"31737.2242797","boroname":"Queens","ntatype":"0","nta2020":"QN0203","borocode":"4","countyfips":"081","ntaabbrev":"Wdsd","cdta2020":"QN02","atlas_id":"QN0203","scalars":{"population":48799.0,"housing_units":18689.0,"jobs":15530.0}}},{"type":"Feature","geometry":{"type":"MultiPolygon","coordinates":[[[[-73.9442,40.74288],[-73.94343,40.74423],[-73.94033,40.74541],[-73.93539,40.74941],[-73.93152,40.75115],[-73.92255,40.75158],[-73.92101,40.75097],[-73.92054,40.74975],[-73.90984,40.75164],[-73.90946,40.75086],[-73.90971,40.74975],[-73.91445,40.75022],[-73.92034,40.74916],[-73.9208,40.74689],[-73.92677,40.74759],[-73.9377,40.74524],[-73.9442,40.74288]]]]},"properties":{"shape_area":"8783519.49551","ntaname":"Sunnyside Yards (South)","cdtaname":"QN02 Long Island City-Sunnyside-Woodside (CD 2 Approximation)","shape_leng":"22732.905944","boroname":"Queens","ntatype":"6","nta2020":"QN0261","borocode":"4","countyfips":"081","ntaabbrev":"SnnysdYd_S","cdta2020":"QN02","atlas_id":"QN0261","scalars":{"population":0.0,"housing_units":0.0,"jobs":617.0}}},{"type":"Feature","geometry":{"type":"MultiPolygon","coordinates":[[[[-73.91902,40.73209],[-73.91749,40.73542],[-73.9169,40.73544],[-73.91652,40.73676],[-73.91718,40.7369],[-73.91574,40.74079],[-73.91443,40.74053],[-73.91383,40.74241],[-73.90755,40.74166],[-73.91069,40.73347],[-73.90629,40.7324],[-73.90517,40.73586],[-73.90108,40.73391],[-73.90707,40.72747],[-73.91173,40.72996],[-73.91205,40.72854],[-73.91505,40.7286],[-73.91507,40.72797],[-73.91797,40.7285],[-73.91731,40.73144],[-73.91902,40.73209]]]]},"properties":{"shape_area":"14291819.65","ntaname":"Calvary & Mount Zion Cemeteries","cdtaname":"QN02 Long Island City-Sunnyside-Woodside (CD 2 Approximation)","shape_leng":"22214.0785922","boroname":"Queens","ntatype":"7","nta2020":"QN0271","borocode":"4","countyfips":"081","ntaabbrev":"ClvryCem","cdta2020":"QN02","atlas_id":"QN0271","scalars":{"population":0.0,"housing_units":0.0,"jobs":322.0}}},{"type":"Feature","geometry":{"type":"MultiPolygon","coordinates":[[[[-73.89974,40.75745],[-73.89877,40.75992],[-73.8951,40.76436],[-73.89432,40.76615],[-73.89109,40.76634],[-73.89089,40.76586],[-73.88773,40.76691],[-73.8864,40.76122],[-73.87895,40.76198],[-73.87601,40.76144],[-73.87514,40.75663],[-73.87366,40.7568],[-73.86942,40.74916],[-73.89175,40.74681],[-73.89636,40.74877],[-73.89974,40.75745]]]]},"properties":{"shape_area":"39316390.8808","ntaname":"Jackson Heights","cdtaname":"QN03 Jackson Heights-East Elmhurst (CD 3 Approximation)","shape_leng":"27113.8071125","boroname":"Queens","ntatype":"0","nta2020":"QN0301","borocode":"4","countyfips":"081","ntaabbrev":"JcksnHts","cdta2020":"QN03","atlas_id":"QN0301","scalars":{"population":93703.0,"housing_units":39553.0,"jobs":15960.0}}},{"type":"Feature","geometry":{"type":"MultiPolygon","coordinates":[[[[-73.88773,40.76691],[-73.87699,40.77142],[-73.87383,40.77187],[-73.8707,40.77149],[-73.86538,40.76838],[-73.85976,40.76184],[-73.85464,40.75847],[-73.87514,40.75663],[-73.87601,40.76144],[-73.87895,40.76198],[-73.8864,40.76122],[-73.88773,40.76691]]]]},"properties":{"shape_area":"28763854.4811","ntaname":"East Elmhurst","cdtaname":"QN03 Jackson Heights-East Elmhurst (CD 3 Approximation)","shape_leng":"24418.5675844","boroname":"Queens","ntatype":"0","nta2020":"QN0302","borocode":"4","countyfips":"081","ntaabbrev":"EstElmhrst","cdta2020":"QN03","atlas_id":"QN0302","scalars":{"population":25017.0,"housing_units":10757.0,"jobs":7233.0}}},{"type":"Feature","geometry":{"type":"MultiPolygon","coordinates":[[[[-73.87366,40.7568],[-73.85464,40.75847],[-73.8522,40.75266],[-73.86112,40.75002],[-73.86942,40.74916],[-73.87366,40.7568]]]]},"properties":{"shape_area":"13961463.8085","ntaname":"North Corona","cdtaname":"QN03 Jackson Heights-East Elmhurst (CD 3 Approximation)","shape_leng":"15547.7125587","boroname":"Queens","ntatype":"0","nta2020":"QN0303","borocode":"4","countyfips":"081","ntaabbrev":"NrthCrna","cdta2020":"QN03","atlas_id":"QN0303","scalars":{"population":42928.0,"housing_units":10014.0,"jobs":3529.0}}},{"type":"Feature","geometry":{"type":"MultiPolygon","coordinates":[[[[-73.89564,40.74847],[-73.89175,40.74681],[-73.86942,40.74916],[-73.86749,40.7433],[-73.86756,40.74094],[-73.86457,40.73419],[-73.88005,40.72899],[-73.8872,40.72787],[-73.88756,40.7302],[-73.88806,40.73009],[-73.88852,40.73453],[-73.88936,40.73584],[-73.89138,40.73592],[-73.88754,40.73676],[-73.88725,40.73884],[-73.89469,40.74023],[-73.89089,40.74069],[-73.89564,40.74847]]]]},"properties":{"shape_area":"42102083.8215","ntaname":"Elmhurst","cdtaname":"QN04 Elmhurst-Corona (CD 4 Approximation)","shape_leng":"31838.0546906","boroname":"Queens","ntatype":"0","nta2020":"QN0401","borocode":"4","countyfips":"081","ntaabbrev":"Elmhrst","cdta2020":"QN04","atlas_id":"QN0401","scalars":{"population":104009.0,"housing_units":34919.0,"jobs":25120.0}}},{"type":"Feature","geometry":{"type":"MultiPolygon","coordinates":[[[[-73.86942,40.74916],[-73.86112,40.75002],[-73.8522,40.75266],[-73.85086,40.75],[-73.85443,40.74885],[-73.85012,40.74072],[-73.84809,40.74003],[-73.84756,40.73906],[-73.85191,40.73742],[-73.86462,40.73428],[-73.86756,40.74094],[-73.86749,40.7433],[-73.86942,40.74916]]]]},"properties":{"shape_area":"24025747.985","ntaname":"Corona","cdtaname":"QN04 Elmhurst-Corona (CD 4 Approximation)","shape_leng":"22083.4236607","boroname":"Queens","ntatype":"0","nta2020":"QN0402","borocode":"4","countyfips":"081","ntaabbrev":"Crna","cdta2020":"QN04","atlas_id":"QN0402","scalars":{"population":73657.0,"housing_units":21209.0,"jobs":11094.0}}},{"type":"Feature","geometry":{"type":"MultiPolygon","coordinates":[[[[-73.92849,40.72776],[-73.92645,40.72812],[-73.92217,40.72649],[-73.91836,40.72593],[-73.91797,40.7285],[-73.91507,40.72797],[-73.91505,40.7286],[-73.91205,40.72854],[-73.91173,40.72996],[-73.90707,40.72747],[-73.89983,40.73493],[-73.8891,40.73459],[-73.88852,40.73453],[-73.88806,40.73009],[-73.88756,40.7302],[-73.88729,40.72925],[-73.88708,40.72464],[-73.88259,40.72508],[-73.88163,40.72388],[-73.89424,40.71792],[-73.89458,40.71838],[-73.89286,40.71921],[-73.89474,40.72158],[-73.89428,40.72177],[-73.89497,40.72282],[-73.89426,40.72314],[-73.89582,40.7239],[-73.89835,40.72311],[-73.89903,40.72386],[-73.90011,40.72331],[-73.89982,40.72124],[-73.8974,40.72155],[-73.89737,40.72046],[-73.90063,40.71976],[-73.90034,40.71802],[-73.89835,40.7192],[-73.89727,40.71815],[-73.89902,40.71738],[-73.8975,40.71638],[-73.89506,40.71248],[-73.92404,40.71401],[-73.92367,40.71554],[-73.92057,40.71602],[-73.92224,40.71638],[-73.92394,40.71904],[-73.92424,40.72143],[-73.9252,40.72245],[-73.92442,40.72359],[-73.92037,40.72368],[-73.92507,40.72459],[-73.92849,40.72776]]]]},"properties":{"shape_area":"58314662.1745","ntaname":"Maspeth","cdtaname":"QN05 Ridgewood-Maspeth-Middle Village (CD 5 Approximation)","shape_leng":"53783.9659708","boroname":"Queens","ntatype":"0","nta2020":"QN0501","borocode":"4","countyfips":"081","ntaabbrev":"Mspth","cdta2020":"QN05","atlas_id":"QN0501","scalars":{"population":43999.0,"housing_units":16190.0,"jobs":18042.0}}},{"type":"Feature","geometry":{"type":"MultiPolygon","coordinates":[[[[-73.92404,40.71401],[-73.88842,40.71227],[-73.88731,40.71056],[-73.88813,40.71034],[-73.88785,40.70989],[-73.88862,40.70967],[-73.88822,40.7089],[-73.88938,40.70855],[-73.8893,40.7079],[-73.88555,40.70615],[-73.88912,40.7056],[-73.88984,40.70497],[-73.895,40.69971],[-73.89485,40.69859],[-73.89578,40.69851],[-73.89558,40.69713],[-73.89838,40.69614],[-73.9014,40.69159],[-73.9058,40.69413],[-73.90426,40.6957],[-73.91181,40.69995],[-73.91068,40.70105],[-73.9129,40.70236],[-73.91181,40.70343],[-73.92189,40.7094],[-73.92075,40.71053],[-73.92155,40.71104],[-73.92223,40.71286],[-73.92404,40.71401]]]]},"properties":{"shape_area":"42549102.6961","ntaname":"Ridgewood","cdtaname":"QN05 Ridgewood-Maspeth-Middle Village (CD 5 Approximation)","shape_leng":"33457.7886359","boroname":"Queens","ntatype":"0","nta2020":"QN0502","borocode":"4","countyfips":"081","ntaabbrev":"Rdgwd","cdta2020":"QN05","atlas_id":"QN0502","scalars":{"population":73527.0,"housing_units":26777.0,"jobs":11341.0}}},{"type":"Feature","geometry":{"type":"MultiPolygon","coordinates":[[[[-73.90003,40.69344],[-73.89838,40.69614],[-73.89558,40.69713],[-73.89578,40.69851],[-73.89485,40.69859],[-73.895,40.69971],[-73.88912,40.7056],[-73.88553,40.70645],[-73.86911,40.70709],[-73.87018,40.70923],[-73.86501,40.71078],[-73.85965,40.71338],[-73.85976,40.71185],[-73.85729,40.71147],[-73.85668,40.70769],[-73.85594,40.7064],[-73.85472,40.70677],[-73.85471,40.70521],[-73.85252,40.70229],[-73.85529,40.7026],[-73.8553,40.70199],[-73.85827,40.70122],[-73.85893,40.70132],[-73.85808,40.7029],[-73.86281,40.70341],[-73.8764,40.70229],[-73.87622,40.7016],[-73.88174,40.69953],[-73.88281,40.70068],[-73.88771,40.69968],[-73.8879,40.69783],[-73.88649,40.69644],[-73.88865,40.69583],[-73.88818,40.69506],[-73.8919,40.69432],[-73.89245,40.69523],[-73.89559,40.69398],[-73.89358,40.69309],[-73.89326,40.6922],[-73.89474,40.69264],[-73.89696,40.69195],[-73.89769,40.69337],[-73.89691,40.69384],[-73.89736,40.69411],[-73.90003,40.69344]]]]},"properties":{"shape_area":"30006441.0747","ntaname":"Glendale","cdtaname":"QN05 Ridgewood-Maspeth-Middle Village (CD 5 Approximation)","shape_leng":"41557.487625","boroname":"Queens","ntatype":"0","nta2020":"QN0503","borocode":"4","countyfips":"081","ntaabbrev":"Glndl","cdta2020":"QN05","atlas_id":"QN0503","scalars":{"population":36257.0,"housing_units":13328.0,"jobs":8191.0}}},{"type":"Feature","geometry":{"type":"MultiPolygon","coordinates":[[[[-73.89424,40.71792],[-73.88163,40.72388],[-73.88259,40.72508],[-73.88708,40.72464],[-73.8872,40.72787],[-73.88005,40.72899],[-73.87524,40.73072],[-73.87146,40.72933],[-73.86931,40.72447],[-73.86548,40.72028],[-73.87239,40.71783],[-73.87155,40.7126],[-73.86911,40.70709],[-73.88088,40.70645],[-73.87761,40.70717],[-73.88006,40.71265],[-73.88688,40.71222],[-73.88774,40.71364],[-73.88712,40.71376],[-73.88729,40.71503],[-73.89064,40.71881],[-73.89301,40.71615],[-73.89424,40.71792]]]]},"properties":{"shape_area":"34943402.7825","ntaname":"Middle Village","cdtaname":"QN05 Ridgewood-Maspeth-Middle Village (CD 5 Approximation)","shape_leng":"35018.3937272","boroname":"Queens","ntatype":"0","nta2020":"QN0504","borocode":"4","countyfips":"081","ntaabbrev":"MddlVlg","cdta2020":"QN05","atlas_id":"QN0504","scalars":{"population":37098.0,"housing_units":14095.0,"jobs":4144.0}}},{"type":"Feature","geometry":{"type":"MultiPolygon","coordinates":[[[[-73.90063,40.71976],[-73.89737,40.72046],[-73.8974,40.72155],[-73.89982,40.72124],[-73.90011,40.72331],[-73.89903,40.72386],[-73.89835,40.72311],[-73.89582,40.7239],[-73.89426,40.72314],[-73.89497,40.72282],[-73.89428,40.72177],[-73.89474,40.72158],[-73.89286,40.71921],[-73.89458,40.71838],[-73.89301,40.71615],[-73.89064,40.71881],[-73.88729,40.71503],[-73.88712,40.71376],[-73.88774,40.71364],[-73.88688,40.71222],[-73.89506,40.71248],[-73.8975,40.71638],[-73.89902,40.71738],[-73.89727,40.71815],[-73.89835,40.7192],[-73.90034,40.71802],[-73.90063,40.71976]]]]},"properties":{"shape_area":"7646808.61832","ntaname":"Mount Olivet & All Faiths Cemeteries","cdtaname":"QN05 Ridgewood-Maspeth-Middle Village (CD 5 Approximation)","shape_leng":"19128.4475465","boroname":"Queens","ntatype":"7","nta2020":"QN0571","borocode":"4","countyfips":"081","ntaabbrev":"MtOlvtCem","cdta2020":"QN05","atlas_id":"QN0571","scalars":{"population":14.0,"housing_units":14.0,"jobs":7.0}}},{"type":"Feature","geometry":{"type":"MultiPolygon","coordinates":[[[[-73.88938,40.70855],[-73.88822,40.7089],[-73.88862,40.70967],[-73.88731,40.71056],[-73.88842,40.71227],[-73.88006,40.71265],[-73.87761,40.70717],[-73.88088,40.70645],[-73.88553,40.70645],[-73.8893,40.7079],[-73.88938,40.70855]]]]},"properties":{"shape_area":"5511491.45757","ntaname":"Middle Village Cemetery","cdtaname":"QN05 Ridgewood-Maspeth-Middle Village (CD 5 Approximation)","shape_leng":"10370.4604998","boroname":"Queens","ntatype":"7","nta2020":"QN0572","borocode":"4","countyfips":"081","ntaabbrev":"MddlVlgCem","cdta2020":"QN05","atlas_id":"QN0572","scalars":{"population":0.0,"housing_units":0.0,"jobs":6.0}}},{"type":"Feature","geometry":{"type":"MultiPolygon","coordinates":[[[[-73.87239,40.71783],[-73.86548,40.72028],[-73.86004,40.71493],[-73.85965,40.71338],[-73.86501,40.71078],[-73.87018,40.70923],[-73.87155,40.7126],[-73.87239,40.71783]]]]},"properties":{"shape_area":"8754117.37864","ntaname":"St. John Cemetery","cdtaname":"QN05 Ridgewood-Maspeth-Middle Village (CD 5 Approximation)","shape_leng":"11694.1569622","boroname":"Queens","ntatype":"7","nta2020":"QN0573","borocode":"4","countyfips":"081","ntaabbrev":"StJhnCem","cdta2020":"QN05","atlas_id":"QN0573","scalars":{"population":0.0,"housing_units":0.0,"jobs":75.0}}},{"type":"Feature","geometry":{"type":"MultiPolygon","coordinates":[[[[-73.90189,40.69108],[-73.9002,40.6934],[-73.89858,40.6939],[-73.89691,40.69384],[-73.89769,40.69337],[-73.89696,40.69195],[-73.89474,40.69264],[-73.89326,40.6922],[-73.89358,40.69309],[-73.89559,40.69398],[-73.89508,40.69459],[-73.89245,40.69523],[-73.8919,40.69432],[-73.88818,40.69506],[-73.88865,40.69583],[-73.88649,40.69644],[-73.8879,40.69783],[-73.88771,40.69968],[-73.88281,40.70068],[-73.88174,40.69953],[-73.87622,40.7016],[-73.8764,40.70229],[-73.86916,40.70289],[-73.86931,40.69936],[-73.87067,40.69784],[-73.86892,40.69515],[-73.87402,40.69419],[-73.87951,40.69115],[-73.88452,40.68668],[-73.88963,40.68424],[-73.89015,40.685],[-73.89258,40.68349],[-73.89417,40.68528],[-73.89647,40.68234],[-73.90116,40.68788],[-73.90042,40.68818],[-73.90189,40.69108]]]]},"properties":{"shape_area":"31227049.6398","ntaname":"Highland Park-Cypress Hills Cemeteries (North)","cdtaname":"QN05 Ridgewood-Maspeth-Middle Village (CD 5 Approximation)","shape_leng":"33067.8242367","boroname":"Queens","ntatype":"7","nta2020":"QN0574","borocode":"4","countyfips":"081","ntaabbrev":"CyHlsCem_N","cdta2020":"QN05","atlas_id":"QN0574","scalars":{"population":20.0,"housing_units":8.0,"jobs":57.0}}},{"type":"Feature","geometry":{"type":"MultiPolygon","coordinates":[[[[-73.87524,40.73072],[-73.85887,40.73594],[-73.85626,40.73096],[-73.85851,40.73029],[-73.85763,40.72861],[-73.85942,40.72646],[-73.85727,40.72568],[-73.85805,40.72445],[-73.86204,40.72596],[-73.85868,40.72261],[-73.85729,40.71147],[-73.85976,40.71185],[-73.86004,40.71493],[-73.86927,40.72441],[-73.87146,40.72933],[-73.87524,40.73072]]]]},"properties":{"shape_area":"20193352.2383","ntaname":"Rego Park","cdtaname":"QN06 Forest Hills-Rego Park (CD 6 Approximation)","shape_leng":"26496.2223988","boroname":"Queens","ntatype":"0","nta2020":"QN0601","borocode":"4","countyfips":"081","ntaabbrev":"RegoPk","cdta2020":"QN06","atlas_id":"QN0601","scalars":{"population":30274.0,"housing_units":13779.0,"jobs":14295.0}}},{"type":"Feature","geometry":{"type":"MultiPolygon","coordinates":[[[[-73.86204,40.72596],[-73.85805,40.72445],[-73.85727,40.72568],[-73.85942,40.72646],[-73.85763,40.72861],[-73.85851,40.73029],[-73.85626,40.73096],[-73.85877,40.73579],[-73.84756,40.73906],[-73.84606,40.7371],[-73.84419,40.73264],[-73.83985,40.72818],[-73.83488,40.7193],[-73.82983,40.71557],[-73.83146,40.71455],[-73.83098,40.71431],[-73.83771,40.71104],[-73.84491,40.70856],[-73.84933,40.70839],[-73.85594,40.7064],[-73.85668,40.70769],[-73.85868,40.72261],[-73.86204,40.72596]]]]},"properties":{"shape_area":"57954644.3","ntaname":"Forest Hills","cdtaname":"QN06 Forest Hills-Rego Park (CD 6 Approximation)","shape_leng":"36075.5951122","boroname":"Queens","ntatype":"0","nta2020":"QN0602","borocode":"4","countyfips":"081","ntaabbrev":"FrstHls","cdta2020":"QN06","atlas_id":"QN0602","scalars":{"population":92512.0,"housing_units":42993.0,"jobs":37213.0}}},{"type":"Feature","geometry":{"type":"MultiPolygon","coordinates":[[[[-73.83924,40.76563],[-73.83936,40.76541],[-73.83946,40.76545],[-73.83913,40.76599],[-73.83905,40.76596],[-73.83924,40.76563]]],[[[-73.86788,40.78736],[-73.86803,40.78718],[-73.86813,40.78723],[-73.86918,40.78594],[-73.86923,40.78597],[-73.86817,40.78726],[-73.86824,40.78728],[-73.8681,40.78746],[-73.86788,40.78736]]],[[[-73.85951,40.78553],[-73.85899,40.78549],[-73.85816,40.78704],[-73.85681,40.78667],[-73.85594,40.78769],[-73.85284,40.78821],[-73.8548,40.78868],[-73.85447,40.79027],[-73.85266,40.79109],[-73.85378,40.79248],[-73.85373,40.79394],[-73.85263,40.79494],[-73.84906,40.79336],[-73.84871,40.79542],[-73.84624,40.79616],[-73.8446,40.79491],[-73.84355,40.79491],[-73.84331,40.7955],[-73.84285,40.79521],[-73.84328,40.79617],[-73.84281,40.79542],[-73.84226,40.79558],[-73.84287,40.79692],[-73.84142,40.79515],[-73.8413,40.79622],[-73.84014,40.79688],[-73.84042,40.79768],[-73.8379,40.79851],[-73.84026,40.79759],[-73.83997,40.79691],[-73.8384,40.79676],[-73.83706,40.79385],[-73.83659,40.79208],[-73.83752,40.79101],[-73.8375,40.79046],[-73.83681,40.79043],[-73.83748,40.79043],[-73.83728,40.78901],[-73.83715,40.78956],[-73.83564,40.78957],[-73.83343,40.78846],[-73.83144,40.78917],[-73.83215,40.79003],[-73.83164,40.79113],[-73.82914,40.79188],[-73.82852,40.79249],[-73.8293,40.79293],[-73.8284,40.79255],[-73.82779,40.7933],[-73.82881,40.79619],[-73.82945,40.79666],[-73.82994,40.79608],[-73.82977,40.79683],[-73.83052,40.79639],[-73.82996,40.79691],[-73.82744,40.79674],[-73.82703,40.79772],[-73.82247,40.79017],[-73.82499,40.7817],[-73.82896,40.77531],[-73.83159,40.77256],[-73.83627,40.76961],[-73.83926,40.76603],[-73.83959,40.76711],[-73.84031,40.76629],[-73.84449,40.76546],[-73.84781,40.76677],[-73.84862,40.76811],[-73.84821,40.76852],[-73.849,40.76915],[-73.84862,40.77069],[-73.84994,40.77193],[-73.8513,40.77181],[-73.84995,40.77196],[-73.84898,40.77356],[-73.84897,40.77804],[-73.84993,40.77877],[-73.84962,40.77948],[-73.85148,40.77896],[-73.84982,40.77963],[-73.85236,40.77917],[-73.84957,40.77987],[-73.85169,40.77987],[-73.84949,40.78007],[-73.84989,40.78109],[-73.85094,40.78112],[-73.84989,40.78112],[-73.84924,40.78225],[-73.8553,40.78198],[-73.85545,40.78314],[-73.85645,40.78335],[-73.85665,40.78289],[-73.85808,40.78372],[-73.85797,40.78466],[-73.85951,40.78553]]]]},"properties":{"shape_area":"66709283.5237","ntaname":"College Point","cdtaname":"QN07 Flushing-Murray Hill-Whitestone (CD 7 Approximation)","shape_leng":"67457.4170399","boroname":"Queens","ntatype":"0","nta2020":"QN0701","borocode":"4","countyfips":"081","ntaabbrev":"CllgPt","cdta2020":"QN07","atlas_id":"QN0701","scalars":{"population":31377.0,"housing_units":9984.0}}},{"type":"Feature","geometry":{"type":"MultiPolygon","coordinates":[[[[-73.82703,40.79772],[-73.82505,40.79738],[-73.82399,40.79801],[-73.82423,40.7987],[-73.82386,40.79815],[-73.82376,40.79888],[-73.82325,40.79847],[-73.82331,40.79896],[-73.82261,40.79889],[-73.82268,40.79949],[-73.82239,40.79911],[-73.8205,40.80101],[-73.81722,40.79921],[-73.8166,40.79943],[-73.81611,40.79861],[-73.81577,40.79902],[-73.81607,40.79856],[-73.81368,40.79755],[-73.8137,40.79708],[-73.81335,40.79767],[-73.8135,40.79694],[-73.81224,40.79813],[-73.81161,40.79737],[-73.80636,40.79639],[-73.80623,40.79682],[-73.80633,40.79639],[-73.80534,40.79616],[-73.8034,40.79691],[-73.80346,40.79647],[-73.80321,40.79708],[-73.80256,40.79629],[-73.80013,40.79645],[-73.79791,40.79556],[-73.79758,40.79597],[-73.79787,40.79555],[-73.79438,40.7948],[-73.79496,40.79184],[-73.79376,40.78907],[-73.79338,40.78958],[-73.79362,40.789],[-73.79292,40.7888],[-73.79186,40.7893],[-73.79058,40.78813],[-73.7958,40.78607],[-73.80242,40.78602],[-73.80379,40.77561],[-73.81486,40.77649],[-73.81453,40.77889],[-73.82331,40.77958],[-73.82224,40.78169],[-73.82499,40.7817],[-73.82247,40.79017],[-73.82703,40.79772]]]]},"properties":{"shape_area":"52637755.0603","ntaname":"Whitestone-Beechhurst","cdtaname":"QN07 Flushing-Murray Hill-Whitestone (CD 7 Approximation)","shape_leng":"44452.5139882","boroname":"Queens","ntatype":"0","nta2020":"QN0702","borocode":"4","countyfips":"081","ntaabbrev":"Whtstn","cdta2020":"QN07","atlas_id":"QN0702","scalars":{"population":31085.0,"housing_units":11580.0,"jobs":5360.0}}},{"type":"Feature","geometry":{"type":"MultiPolygon","coordinates":[[[[-73.80379,40.77561],[-73.80242,40.78602],[-73.79783,40.78585],[-73.79436,40.78646],[-73.79058,40.78813],[-73.79186,40.7893],[-73.79028,40.79032],[-73.78568,40.79034],[-73.78253,40.79128],[-73.78434,40.79175],[-73.78175,40.79113],[-73.78121,40.78959],[-73.7741,40.7863],[-73.7682,40.77944],[-73.76676,40.77978],[-73.76816,40.7794],[-73.7676,40.7783],[-73.76809,40.77814],[-73.76861,40.7791],[-73.77554,40.77703],[-73.77584,40.77861],[-73.79557,40.77305],[-73.79853,40.77519],[-73.80379,40.77561]]]]},"properties":{"shape_area":"39319932.3991","ntaname":"Bay Terrace-Clearview","cdtaname":"QN07 Flushing-Murray Hill-Whitestone (CD 7 Approximation)","shape_leng":"32939.9932327","boroname":"Queens","ntatype":"0","nta2020":"QN0703","borocode":"4","countyfips":"081","ntaabbrev":"ByTr_Clrvw","cdta2020":"QN07","atlas_id":"QN0703","scalars":{"population":23745.0,"housing_units":11281.0,"jobs":3129.0}}},{"type":"Feature","geometry":{"type":"MultiPolygon","coordinates":[[[[-73.83159,40.77256],[-73.82896,40.77531],[-73.82528,40.7817],[-73.82224,40.78169],[-73.82331,40.77958],[-73.81453,40.77889],[-73.81486,40.77649],[-73.79853,40.77519],[-73.79318,40.7704],[-73.79396,40.7647],[-73.79303,40.76462],[-73.79344,40.76076],[-73.79076,40.76099],[-73.79032,40.75782],[-73.79493,40.7578],[-73.8003,40.7597],[-73.81105,40.76142],[-73.82064,40.75887],[-73.82348,40.76465],[-73.82467,40.77041],[-73.82957,40.77071],[-73.83055,40.77022],[-73.83058,40.77164],[-73.83152,40.77166],[-73.83159,40.77256]]]]},"properties":{"shape_area":"56452699.5453","ntaname":"Murray Hill-Broadway Flushing","cdtaname":"QN07 Flushing-Murray Hill-Whitestone (CD 7 Approximation)","shape_leng":"37469.2247349","boroname":"Queens","ntatype":"0","nta2020":"QN0704","borocode":"4","countyfips":"081","ntaabbrev":"MryHl_BwyF","cdta2020":"QN07","atlas_id":"QN0704","scalars":{"population":56025.0,"housing_units":20846.0,"jobs":14202.0}}},{"type":"Feature","geometry":{"type":"MultiPolygon","coordinates":[[[[-73.82426,40.75183],[-73.82192,40.75317],[-73.82085,40.75224],[-73.81841,40.75383],[-73.8203,40.75551],[-73.81789,40.75709],[-73.82064,40.75887],[-73.81105,40.76142],[-73.8003,40.7597],[-73.79493,40.7578],[-73.79472,40.75062],[-73.7973,40.74944],[-73.79472,40.7476],[-73.79458,40.7464],[-73.79826,40.74697],[-73.80335,40.74643],[-73.80288,40.74977],[-73.80751,40.75014],[-73.81416,40.74614],[-73.81537,40.74722],[-73.82108,40.74856],[-73.82426,40.75183]]]]},"properties":{"shape_area":"31659931.7443","ntaname":"East Flushing","cdtaname":"QN07 Flushing-Murray Hill-Whitestone (CD 7 Approximation)","shape_leng":"28376.4998965","boroname":"Queens","ntatype":"0","nta2020":"QN0705","borocode":"4","countyfips":"081","ntaabbrev":"EstFlshng","cdta2020":"QN07","atlas_id":"QN0705","scalars":{"population":30768.0,"housing_units":11185.0,"jobs":5360.0}}},{"type":"Feature","geometry":{"type":"MultiPolygon","coordinates":[[[[-73.83595,40.74373],[-73.83411,40.74736],[-73.82787,40.74981],[-73.82584,40.74935],[-73.82577,40.75097],[-73.82426,40.75183],[-73.82108,40.74856],[-73.81537,40.74722],[-73.81367,40.74556],[-73.81431,40.74297],[-73.80824,40.74201],[-73.79695,40.74193],[-73.79726,40.74021],[-73.79629,40.73855],[-73.81506,40.73899],[-73.81497,40.73856],[-73.81608,40.73886],[-73.81678,40.73838],[-73.82485,40.73983],[-73.82796,40.7385],[-73.82809,40.73708],[-73.82947,40.73702],[-73.83054,40.73752],[-73.83134,40.73917],[-73.83116,40.74234],[-73.83586,40.74323],[-73.83595,40.74373]]]]},"properties":{"shape_area":"26427738.6703","ntaname":"Queensboro Hill","cdtaname":"QN07 Flushing-Murray Hill-Whitestone (CD 7 Approximation)","shape_leng":"30839.6996673","boroname":"Queens","ntatype":"0","nta2020":"QN0706","borocode":"4","countyfips":"081","ntaabbrev":"QnsboroHl","cdta2020":"QN07","atlas_id":"QN0706","scalars":{"population":20744.0,"housing_units":6189.0,"jobs":5537.0}}},{"type":"Feature","geometry":{"type":"MultiPolygon","coordinates":[[[[-73.84671,40.76135],[-73.84307,40.76359],[-73.84273,40.76463],[-73.83936,40.76541],[-73.83681,40.76912],[-73.83159,40.77256],[-73.83152,40.77166],[-73.83058,40.77164],[-73.83055,40.77022],[-73.82957,40.77071],[-73.82467,40.77041],[-73.82348,40.76465],[-73.82081,40.75894],[-73.81789,40.75709],[-73.8203,40.75551],[-73.81841,40.75383],[-73.82085,40.75224],[-73.82192,40.75317],[-73.82577,40.75097],[-73.82584,40.74935],[-73.82766,40.74986],[-73.833,40.74783],[-73.8323,40.75194],[-73.83559,40.75138],[-73.83792,40.75454],[-73.83862,40.75704],[-73.84324,40.75534],[-73.84671,40.76135]]]]},"properties":{"shape_area":"38534095.1506","ntaname":"Flushing-Willets Point","cdtaname":"QN07 Flushing-Murray Hill-Whitestone (CD 7 Approximation)","shape_leng":"30770.2718812","boroname":"Queens","ntatype":"0","nta2020":"QN0707","borocode":"4","countyfips":"081","ntaabbrev":"Flshng","cdta2020":"QN07","atlas_id":"QN0707","scalars":{"population":59360.0,"housing_units":26578.0,"jobs":44308.0}}},{"type":"Feature","geometry":{"type":"MultiPolygon","coordinates":[[[[-73.78332,40.79476],[-73.77936,40.79669],[-73.77618,40.7961],[-73.77236,40.79154],[-73.77082,40.78798],[-73.77427,40.78676],[-73.77634,40.78849],[-73.7741,40.7863],[-73.78121,40.78959],[-73.78175,40.79113],[-73.78078,40.79319],[-73.78168,40.79332],[-73.78072,40.79333],[-73.78079,40.79404],[-73.7819,40.7949],[-73.78332,40.79476]]]]},"properties":{"shape_area":"6957320.85064","ntaname":"Fort Totten","cdtaname":"QN07 Flushing-Murray Hill-Whitestone (CD 7 Approximation)","shape_leng":"14563.7361997","boroname":"Queens","ntatype":"6","nta2020":"QN0761","borocode":"4","countyfips":"081","ntaabbrev":"FtTttn","cdta2020":"QN07","atlas_id":"QN0761","scalars":{"population":0.0,"housing_units":0.0,"jobs":752.0}}},{"type":"Feature","geometry":{"type":"MultiPolygon","coordinates":[[[[-73.81431,40.74297],[-73.81368,40.7453],[-73.81416,40.74614],[-73.80751,40.75014],[-73.80288,40.74977],[-73.80335,40.74643],[-73.79826,40.74697],[-73.79458,40.7464],[-73.79465,40.74425],[-73.79695,40.74193],[-73.80824,40.74201],[-73.81431,40.74297]]]]},"properties":{"shape_area":"11016228.3476","ntaname":"Kissena Park","cdtaname":"QN07 Flushing-Murray Hill-Whitestone (CD 7 Approximation)","shape_leng":"15363.2560009","boroname":"Queens","ntatype":"9","nta2020":"QN0791","borocode":"4","countyfips":"081","ntaabbrev":"KssnPk","cdta2020":"QN07","atlas_id":"QN0791","scalars":{"population":0.0,"housing_units":0.0,"jobs":14.0}}},{"type":"Feature","geometry":{"type":"MultiPolygon","coordinates":[[[[-73.83386,40.73055],[-73.82567,40.73228],[-73.82485,40.73983],[-73.81693,40.73839],[-73.81497,40.73856],[-73.81523,40.72879],[-73.8107,40.72619],[-73.81063,40.72442],[-73.80782,40.71591],[-73.81758,40.71581],[-73.82012,40.71651],[-73.81952,40.71734],[-73.82531,40.71735],[-73.82731,40.72465],[-73.83058,40.7264],[-73.83386,40.73055]]]]},"properties":{"shape_area":"34304347.9807","ntaname":"Kew Gardens Hills","cdtaname":"QN08 Fresh Meadows-Hillcrest-Briarwood (CD 8 Approximation)","shape_leng":"28291.7157144","boroname":"Queens","ntatype":"0","nta2020":"QN0801","borocode":"4","countyfips":"081","ntaabbrev":"KwGrdnsHls","cdta2020":"QN08","atlas_id":"QN0801","scalars":{"population":35489.0,"housing_units":13454.0,"jobs":9669.0}}},{"type":"Feature","geometry":{"type":"MultiPolygon","coordinates":[[[[-73.81523,40.72879],[-73.81469,40.73595],[-73.81506,40.73899],[-73.80273,40.73808],[-73.80294,40.73486],[-73.80385,40.7349],[-73.80407,40.73164],[-73.79866,40.73143],[-73.79856,40.73286],[-73.79428,40.7327],[-73.79045,40.72355],[-73.79037,40.72013],[-73.79071,40.71927],[-73.79805,40.71741],[-73.80784,40.716],[-73.81063,40.72442],[-73.8107,40.72619],[-73.81523,40.72879]]]]},"properties":{"shape_area":"36974156.4278","ntaname":"Pomonok-Electchester-Hillcrest","cdtaname":"QN08 Fresh Meadows-Hillcrest-Briarwood (CD 8 Approximation)","shape_leng":"28608.0405763","boroname":"Queens","ntatype":"0","nta2020":"QN0802","borocode":"4","countyfips":"081","ntaabbrev":"Pmnk_Hlcst","cdta2020":"QN08","atlas_id":"QN0802","scalars":{"population":36510.0,"housing_units":13050.0,"jobs":12668.0}}},{"type":"Feature","geometry":{"type":"MultiPolygon","coordinates":[[[[-73.80467,40.73839],[-73.79641,40.73833],[-73.77576,40.74337],[-73.7723,40.73511],[-73.77011,40.73178],[-73.78116,40.72921],[-73.79174,40.72579],[-73.79428,40.7327],[-73.79856,40.73286],[-73.79866,40.73143],[-73.80407,40.73164],[-73.80385,40.7349],[-73.80294,40.73486],[-73.80273,40.73808],[-73.80467,40.73839]]]]},"properties":{"shape_area":"33196056.452","ntaname":"Fresh Meadows-Utopia","cdtaname":"QN08 Fresh Meadows-Hillcrest-Briarwood (CD 8 Approximation)","shape_leng":"28347.5477283","boroname":"Queens","ntatype":"0","nta2020":"QN0803","borocode":"4","countyfips":"081","ntaabbrev":"FrshMdws","cdta2020":"QN08","atlas_id":"QN0803","scalars":{"population":22124.0,"housing_units":8314.0,"jobs":6411.0}}},{"type":"Feature","geometry":{"type":"MultiPolygon","coordinates":[[[[-73.79364,40.71382],[-73.79211,40.71779],[-73.79037,40.72013],[-73.79045,40.72355],[-73.79174,40.72579],[-73.77758,40.73019],[-73.77523,40.72524],[-73.77804,40.72328],[-73.77733,40.72239],[-73.77287,40.72487],[-73.76617,40.72642],[-73.75986,40.72587],[-73.75688,40.72628],[-73.75497,40.72416],[-73.7595,40.72103],[-73.76733,40.71729],[-73.77357,40.71512],[-73.78658,40.71197],[-73.78916,40.71206],[-73.79304,40.71071],[-73.79364,40.71382]]]]},"properties":{"shape_area":"39410596.2728","ntaname":"Jamaica Estates-Holliswood","cdtaname":"QN08 Fresh Meadows-Hillcrest-Briarwood (CD 8 Approximation)","shape_leng":"32386.246518","boroname":"Queens","ntatype":"0","nta2020":"QN0804","borocode":"4","countyfips":"081","ntaabbrev":"JmcaEstts","cdta2020":"QN08","atlas_id":"QN0804","scalars":{"population":25084.0,"housing_units":9396.0,"jobs":4346.0}}},{"type":"Feature","geometry":{"type":"MultiPolygon","coordinates":[[[[-73.82558,40.71576],[-73.82188,40.71665],[-73.817,40.71577],[-73.80474,40.71617],[-73.79071,40.71927],[-73.79201,40.71797],[-73.79359,40.71413],[-73.79304,40.71071],[-73.79777,40.70914],[-73.7987,40.71066],[-73.80141,40.70969],[-73.80302,40.70814],[-73.80548,40.71009],[-73.80805,40.70936],[-73.80695,40.70737],[-73.81201,40.70594],[-73.81153,40.70227],[-73.81648,40.70245],[-73.81953,40.70858],[-73.82395,40.71286],[-73.82558,40.71576]]]]},"properties":{"shape_area":"27645289.3562","ntaname":"Jamaica Hills-Briarwood","cdtaname":"QN08 Fresh Meadows-Hillcrest-Briarwood (CD 8 Approximation)","shape_leng":"29695.3237304","boroname":"Queens","ntatype":"0","nta2020":"QN0805","borocode":"4","countyfips":"081","ntaabbrev":"JmcaHls","cdta2020":"QN08","atlas_id":"QN0805","scalars":{"population":41024.0,"housing_units":14786.0,"jobs":7777.0}}},{"type":"Feature","geometry":{"type":"MultiPolygon","coordinates":[[[[-73.83711,40.7414],[-73.83586,40.74323],[-73.83116,40.74234],[-73.83134,40.73917],[-73.83054,40.73752],[-73.82947,40.73702],[-73.82809,40.73708],[-73.82796,40.7385],[-73.82481,40.73963],[-73.82567,40.73228],[-73.83386,40.73055],[-73.83605,40.73427],[-73.8354,40.73691],[-73.83711,40.7414]]]]},"properties":{"shape_area":"9208958.01314","ntaname":"Mount Hebron & Cedar Grove Cemeteries","cdtaname":"QN08 Fresh Meadows-Hillcrest-Briarwood (CD 8 Approximation)","shape_leng":"15876.2580695","boroname":"Queens","ntatype":"7","nta2020":"QN0871","borocode":"4","countyfips":"081","ntaabbrev":"MtHbrnCem","cdta2020":"QN08","atlas_id":"QN0871","scalars":{"population":0.0,"housing_units":0.0,"jobs":6.0}}},{"type":"Feature","geometry":{"type":"MultiPolygon","coordinates":[[[[-73.77804,40.72328],[-73.77523,40.72524],[-73.77758,40.73019],[-73.77011,40.73178],[-73.7723,40.73511],[-73.77576,40.74337],[-73.77244,40.74392],[-73.76776,40.74584],[-73.76688,40.74409],[-73.76557,40.74326],[-73.76246,40.73655],[-73.76273,40.73526],[-73.76511,40.73456],[-73.7637,40.73286],[-73.76555,40.73254],[-73.76226,40.7296],[-73.75678,40.72631],[-73.75986,40.72587],[-73.76617,40.72642],[-73.77287,40.72487],[-73.77733,40.72239],[-73.77804,40.72328]]]]},"properties":{"shape_area":"21304892.4184","ntaname":"Cunningham Park","cdtaname":"QN08 Fresh Meadows-Hillcrest-Briarwood (CD 8 Approximation)","shape_leng":"28158.2100341","boroname":"Queens","ntatype":"9","nta2020":"QN0891","borocode":"4","countyfips":"081","ntaabbrev":"CnnghmPk","cdta2020":"QN08","atlas_id":"QN0891","scalars":{"population":0.0,"housing_units":0.0,"jobs":103.0}}},{"type":"Feature","geometry":{"type":"MultiPolygon","coordinates":[[[[-73.84315,40.70922],[-73.83598,40.71171],[-73.8311,40.71428],[-73.82558,40.71576],[-73.82395,40.71286],[-73.81953,40.70858],[-73.81648,40.70245],[-73.82246,40.70366],[-73.83152,40.70139],[-73.83213,40.70279],[-73.83392,40.70235],[-73.8346,40.70393],[-73.83662,40.70342],[-73.83814,40.70618],[-73.83715,40.70796],[-73.84315,40.70922]]]]},"properties":{"shape_area":"20284899.0475","ntaname":"Kew Gardens","cdtaname":"QN09 Kew Gardens-Richmond Hill-Woodhaven (CD 9 Approximation)","shape_leng":"21653.2152453","boroname":"Queens","ntatype":"0","nta2020":"QN0901","borocode":"4","countyfips":"081","ntaabbrev":"KwGrdns","cdta2020":"QN09","atlas_id":"QN0901","scalars":{"population":24167.0,"housing_units":11188.0,"jobs":8348.0}}},{"type":"Feature","geometry":{"type":"MultiPolygon","coordinates":[[[[-73.84948,40.6982],[-73.84502,40.69936],[-73.83696,40.70421],[-73.83662,40.70342],[-73.8346,40.70393],[-73.83392,40.70235],[-73.83213,40.70279],[-73.83152,40.70139],[-73.82246,40.70366],[-73.81733,40.70296],[-73.81648,40.70245],[-73.81373,40.69713],[-73.82086,40.69535],[-73.82108,40.69578],[-73.84496,40.68916],[-73.84948,40.6982]]]]},"properties":{"shape_area":"30269746.1627","ntaname":"Richmond Hill","cdtaname":"QN09 Kew Gardens-Richmond Hill-Woodhaven (CD 9 Approximation)","shape_leng":"26207.750938","boroname":"Queens","ntatype":"0","nta2020":"QN0902","borocode":"4","countyfips":"081","ntaabbrev":"RchmdHl","cdta2020":"QN09","atlas_id":"QN0902","scalars":{"population":35842.0,"housing_units":10753.0,"jobs":12786.0}}},{"type":"Feature","geometry":{"type":"MultiPolygon","coordinates":[[[[-73.83811,40.68843],[-73.83635,40.68893],[-73.83751,40.69129],[-73.81416,40.69712],[-73.81073,40.69192],[-73.82501,40.68795],[-73.82599,40.68995],[-73.82685,40.68971],[-73.82851,40.68924],[-73.82753,40.68724],[-73.83595,40.68484],[-73.83811,40.68843]]]]},"properties":{"shape_area":"15849140.1153","ntaname":"South Richmond Hill","cdtaname":"QN09 Kew Gardens-Richmond Hill-Woodhaven (CD 9 Approximation)","shape_leng":"21161.5684358","boroname":"Queens","ntatype":"0","nta2020":"QN0903","borocode":"4","countyfips":"081","ntaabbrev":"SthRchmdHl","cdta2020":"QN09","atlas_id":"QN0903","scalars":{"population":23436.0,"housing_units":6503.0,"jobs":2132.0}}},{"type":"Feature","geometry":{"type":"MultiPolygon","coordinates":[[[[-73.8663,40.68319],[-73.83751,40.69129],[-73.83635,40.68893],[-73.83811,40.68843],[-73.83595,40.68484],[-73.83808,40.68424],[-73.83697,40.68199],[-73.83953,40.68126],[-73.84013,40.68115],[-73.8412,40.68335],[-73.84787,40.68149],[-73.85198,40.68256],[-73.85099,40.68057],[-73.85398,40.67968],[-73.8582,40.67943],[-73.85879,40.68063],[-73.86335,40.67935],[-73.8641,40.68237],[-73.86602,40.68192],[-73.8663,40.68319]]]]},"properties":{"shape_area":"18087302.8602","ntaname":"Ozone Park (North)","cdtaname":"QN09 Kew Gardens-Richmond Hill-Woodhaven (CD 9 Approximation)","shape_leng":"24790.7563462","boroname":"Queens","ntatype":"0","nta2020":"QN0904","borocode":"4","countyfips":"081","ntaabbrev":"OznPk_N","cdta2020":"QN09","atlas_id":"QN0904","scalars":{"population":26450.0,"housing_units":7720.0,"jobs":10586.0}}},{"type":"Feature","geometry":{"type":"MultiPolygon","coordinates":[[[[-73.86868,40.69403],[-73.86841,40.69473],[-73.85275,40.69756],[-73.85457,40.70059],[-73.85071,40.7002],[-73.84914,40.69828],[-73.84496,40.68916],[-73.8663,40.68319],[-73.86868,40.69403]]]]},"properties":{"shape_area":"23727498.0578","ntaname":"Woodhaven","cdtaname":"QN09 Kew Gardens-Richmond Hill-Woodhaven (CD 9 Approximation)","shape_leng":"21956.4208457","boroname":"Queens","ntatype":"0","nta2020":"QN0905","borocode":"4","countyfips":"081","ntaabbrev":"Wdhvn","cdta2020":"QN09","atlas_id":"QN0905","scalars":{"population":41984.0,"housing_units":12429.0,"jobs":2943.0}}},{"type":"Feature","geometry":{"type":"MultiPolygon","coordinates":[[[[-73.84013,40.68115],[-73.83697,40.68199],[-73.83808,40.68424],[-73.82753,40.68724],[-73.82851,40.68924],[-73.82599,40.68995],[-73.82501,40.68795],[-73.81073,40.69192],[-73.80149,40.67354],[-73.8013,40.66894],[-73.80215,40.66525],[-73.80845,40.66446],[-73.81381,40.66279],[-73.82296,40.66386],[-73.82687,40.6637],[-73.83271,40.66541],[-73.84013,40.68115]]]]},"properties":{"shape_area":"81836593.3439","ntaname":"South Ozone Park","cdtaname":"QN10 South Ozone Park-Howard Beach (CD 10 Approximation)","shape_leng":"36690.0775064","boroname":"Queens","ntatype":"0","nta2020":"QN1001","borocode":"4","countyfips":"081","ntaabbrev":"SthOznPk","cdta2020":"QN10","atlas_id":"QN1001","scalars":{"population":86560.0,"housing_units":23827.0,"jobs":10262.0}}},{"type":"Feature","geometry":{"type":"MultiPolygon","coordinates":[[[[-73.86335,40.67935],[-73.85879,40.68063],[-73.8582,40.67943],[-73.85398,40.67968],[-73.85099,40.68057],[-73.85198,40.68256],[-73.84787,40.68149],[-73.8412,40.68335],[-73.83335,40.66677],[-73.84216,40.6687],[-73.84258,40.66928],[-73.86132,40.67502],[-73.86235,40.67916],[-73.86335,40.67935]]]]},"properties":{"shape_area":"25107785.0156","ntaname":"Ozone Park","cdtaname":"QN10 South Ozone Park-Howard Beach (CD 10 Approximation)","shape_leng":"25097.1962488","boroname":"Queens","ntatype":"0","nta2020":"QN1002","borocode":"4","countyfips":"081","ntaabbrev":"OznPk","cdta2020":"QN10","atlas_id":"QN1002","scalars":{"population":25905.0,"housing_units":7963.0,"jobs":3923.0}}},{"type":"Feature","geometry":{"type":"MultiPolygon","coordinates":[[[[-73.86047,40.65467],[-73.86054,40.65462],[-73.86058,40.65468],[-73.86061,40.65472],[-73.86087,40.65508],[-73.86099,40.65521],[-73.86095,40.65522],[-73.8609,40.65523],[-73.86085,40.65523],[-73.86081,40.65522],[-73.86076,40.65521],[-73.86072,40.6552],[-73.86045,40.65507],[-73.8603,40.65493],[-73.86026,40.65488],[-73.86025,40.65488],[-73.86024,40.65487],[-73.86021,40.65484],[-73.86028,40.6548],[-73.86047,40.65467]]],[[[-73.83033,40.65513],[-73.83038,40.65513],[-73.83041,40.65516],[-73.83041,40.65522],[-73.8304,40.65526],[-73.83036,40.65532],[-73.83033,40.65537],[-73.83027,40.65543],[-73.83019,40.65548],[-73.83013,40.65551],[-73.83,40.65555],[-73.82993,40.65554],[-73.82989,40.65552],[-73.82995,40.65542],[-73.83004,40.65535],[-73.83033,40.65513]]],[[[-73.85096,40.67172],[-73.84848,40.67092],[-73.84787,40.67078],[-73.84741,40.67063],[-73.84687,40.67047],[-73.84594,40.67018],[-73.84557,40.67008],[-73.84481,40.66984],[-73.84322,40.66934],[-73.84306,40.66931],[-73.84289,40.66929],[-73.84271,40.66928],[-73.84258,40.66928],[-73.84248,40.66895],[-73.84243,40.66878],[-73.84227,40.66874],[-73.84216,40.6687],[-73.84117,40.66851],[-73.84014,40.66827],[-73.84025,40.66836],[-73.84035,40.66847],[-73.84042,40.66859],[-73.84047,40.66872],[-73.84041,40.66867],[-73.84035,40.66862],[-73.84029,40.66858],[-73.84022,40.66854],[-73.84015,40.6685],[-73.84008,40.66846],[-73.83928,40.6682],[-73.83834,40.66799],[-73.83845,40.66766],[-73.83791,40.66751],[-73.83733,40.66737],[-73.83726,40.66736],[-73.83704,40.66733],[-73.83647,40.66728],[-73.8357,40.66726],[-73.83529,40.66724],[-73.83488,40.66721],[-73.83465,40.66712],[-73.83335,40.66677],[-73.83294,40.6659],[-73.83288,40.66581],[-73.83285,40.66575],[-73.83271,40.66541],[-73.83248,40.66497],[-73.83186,40.66365],[-73.83108,40.66206],[-73.83029,40.6604],[-73.83003,40.65989],[-73.82991,40.65967],[-73.82931,40.6589],[-73.8286,40.6572],[-73.82828,40.65603],[-73.82807,40.65527],[-73.82783,40.65424],[-73.82771,40.65375],[-73.8276,40.65329],[-73.82748,40.6528],[-73.82736,40.65231],[-73.82724,40.65181],[-73.82713,40.65133],[-73.82701,40.65086],[-73.8269,40.65035],[-73.82672,40.64958],[-73.82639,40.64832],[-73.8265,40.64833],[-73.82664,40.64846],[-73.8268,40.64863],[-73.82702,40.64876],[-73.82742,40.64889],[-73.82769,40.64894],[-73.82801,40.64903],[-73.82821,40.64905],[-73.82846,40.64912],[-73.82891,40.64938],[-73.82906,40.6495],[-73.82928,40.64958],[-73.82942,40.64973],[-73.8296,40.64983],[-73.82976,40.65],[-73.83001,40.65033],[-73.82987,40.65043],[-73.83001,40.6509],[-73.83038,40.65115],[-73.83053,40.65133],[-73.8307,40.6514],[-73.83082,40.65151],[-73.83094,40.65163],[-73.83099,40.65177],[-73.8311,40.65226],[-73.83132,40.65273],[-73.8313,40.65323],[-73.83129,40.65348],[-73.8314,40.65352],[-73.83156,40.6536],[-73.83159,40.65365],[-73.83161,40.65375],[-73.83158,40.65381],[-73.83118,40.65417],[-73.8312,40.65419],[-73.83113,40.65425],[-73.83043,40.65483],[-73.83042,40.65483],[-73.83016,40.655],[-73.83013,40.65503],[-73.83015,40.65503],[-73.83017,40.65501],[-73.83021,40.65503],[-73.83018,40.65506],[-73.83013,40.65504],[-73.83011,40.6551],[-73.83008,40.65514],[-73.8299,40.6553],[-73.82934,40.65571],[-73.82917,40.65586],[-73.82904,40.65602],[-73.82902,40.65605],[-73.82901,40.65611],[-73.82904,40.65612],[-73.82907,40.65612],[-73.82911,40.65612],[-73.82915,40.6561],[-73.82919,40.65607],[-73.82921,40.65604],[-73.82935,40.65592],[-73.82939,40.6559],[-73.82946,40.65583],[-73.82943,40.65582],[-73.82967,40.6556],[-73.82985,40.65564],[-73.83002,40.65564],[-73.83007,40.65566],[-73.83009,40.65566],[-73.83015,40.65566],[-73.8302,40.65566],[-73.83031,40.65562],[-73.83037,40.65557],[-73.83044,40.65552],[-73.83053,40.65542],[-73.83055,40.65539],[-73.83058,40.65532],[-73.83057,40.65516],[-73.83056,40.65515],[-73.83056,40.65531],[-73.83055,40.65536],[-73.83053,40.65536],[-73.83054,40.65532],[-73.83054,40.65491],[-73.83055,40.65491],[-73.83056,40.65514],[-73.83057,40.65514],[-73.83056,40.65493],[-73.83056,40.65489],[-73.83057,40.65486],[-73.8306,40.65481],[-73.83098,40.65449],[-73.83136,40.65418],[-73.83134,40.65417],[-73.83145,40.6541],[-73.83147,40.65412],[-73.83171,40.65393],[-73.83195,40.65403],[-73.832,40.654],[-73.83205,40.65405],[-73.83212,40.65427],[-73.832,40.65444],[-73.83205,40.65447],[-73.83216,40.65451],[-73.8322,40.65445],[-73.83222,40.65446],[-73.83217,40.65453],[-73.83205,40.65448],[-73.8319,40.65463],[-73.83186,40.65461],[-73.8316,40.65484],[-73.83155,40.65492],[-73.83149,40.65498],[-73.83141,40.65519],[-73.83138,40.65535],[-73.83136,40.65547],[-73.83131,40.6556],[-73.83116,40.65592],[-73.8311,40.65595],[-73.83093,40.65603],[-73.83089,40.65604],[-73.83083,40.65604],[-73.83075,40.65607],[-73.8306,40.65614],[-73.83047,40.65622],[-73.83041,40.65625],[-73.83038,40.65627],[-73.83035,40.65628],[-73.83028,40.65631],[-73.83025,40.65632],[-73.83021,40.65634],[-73.83008,40.65647],[-73.83009,40.65649],[-73.83009,40.65651],[-73.83007,40.65653],[-73.83006,40.65655],[-73.83003,40.65657],[-73.82999,40.65658],[-73.82993,40.65657],[-73.82989,40.65656],[-73.82984,40.65652],[-73.8298,40.65649],[-73.82971,40.65646],[-73.82966,40.65645],[-73.82961,40.65643],[-73.82961,40.65644],[-73.82955,40.65644],[-73.82955,40.65642],[-73.82953,40.65643],[-73.82948,40.65645],[-73.82938,40.65651],[-73.82931,40.65655],[-73.82926,40.65661],[-73.82924,40.65664],[-73.82924,40.65666],[-73.82925,40.65669],[-73.82926,40.65671],[-73.82926,40.65673],[-73.82926,40.65674],[-73.82927,40.65677],[-73.82928,40.65681],[-73.8293,40.65687],[-73.82931,40.65693],[-73.82929,40.65697],[-73.82927,40.65698],[-73.82924,40.65701],[-73.82921,40.65704],[-73.82916,40.65707],[-73.82913,40.65709],[-73.82912,40.65712],[-73.8291,40.65713],[-73.82909,40.65714],[-73.82906,40.65715],[-73.82903,40.65717],[-73.829,40.65717],[-73.82898,40.65719],[-73.82897,40.65721],[-73.82896,40.65723],[-73.82897,40.65726],[-73.82898,40.6573],[-73.82901,40.65743],[-73.82908,40.65758],[-73.82913,40.6577],[-73.82918,40.6578],[-73.82921,40.65782],[-73.82926,40.65785],[-73.82932,40.65788],[-73.82939,40.65789],[-73.82942,40.65788],[-73.82946,40.6579],[-73.82951,40.65791],[-73.82953,40.65793],[-73.82953,40.65794],[-73.82954,40.65796],[-73.82955,40.65798],[-73.82965,40.65809],[-73.82969,40.65811],[-73.82973,40.65812],[-73.82975,40.65814],[-73.82978,40.65816],[-73.82979,40.65818],[-73.8298,40.6582],[-73.82982,40.65822],[-73.82986,40.65823],[-73.82992,40.65825],[-73.82993,40.65826],[-73.82993,40.65827],[-73.82994,40.65829],[-73.82995,40.6583],[-73.82998,40.65831],[-73.83001,40.65832],[-73.83005,40.65834],[-73.83009,40.65836],[-73.83012,40.65838],[-73.83013,40.6584],[-73.83013,40.65843],[-73.83012,40.65845],[-73.83011,40.65846],[-73.83008,40.65848],[-73.83005,40.65849],[-73.83002,40.65849],[-73.82999,40.65849],[-73.82996,40.65849],[-73.82992,40.65848],[-73.82988,40.65847],[-73.82985,40.65847],[-73.82981,40.65848],[-73.82977,40.65849],[-73.82973,40.6585],[-73.82971,40.6585],[-73.82967,40.65852],[-73.82963,40.65856],[-73.82961,40.6586],[-73.8296,40.65866],[-73.82961,40.65871],[-73.82967,40.6588],[-73.82969,40.65884],[-73.82972,40.65889],[-73.82975,40.65895],[-73.82981,40.65902],[-73.82982,40.65903],[-73.82987,40.6591],[-73.82992,40.65916],[-73.82993,40.65918],[-73.82994,40.65924],[-73.82996,40.6593],[-73.82997,40.65932],[-73.82997,40.65935],[-73.83,40.65945],[-73.83001,40.6595],[-73.83001,40.65952],[-73.83001,40.65955],[-73.83002,40.65958],[-73.83005,40.65963],[-73.83008,40.65971],[-73.8301,40.65975],[-73.83012,40.65979],[-73.83013,40.65981],[-73.83015,40.65981],[-73.83016,40.6598],[-73.83017,40.65979],[-73.83018,40.65978],[-73.83018,40.65976],[-73.83017,40.65974],[-73.83015,40.65972],[-73.83014,40.65971],[-73.83013,40.65969],[-73.83012,40.65967],[-73.83012,40.65964],[-73.83011,40.65961],[-73.8301,40.65956],[-73.83007,40.65948],[-73.83007,40.65942],[-73.83003,40.65926],[-73.83003,40.65923],[-73.83002,40.6592],[-73.83001,40.65916],[-73.82995,40.65911],[-73.8299,40.65905],[-73.82988,40.65903],[-73.82983,40.65896],[-73.82979,40.65888],[-73.82976,40.65882],[-73.82972,40.65874],[-73.82971,40.6587],[-73.8297,40.65866],[-73.82971,40.6586],[-73.82979,40.65857],[-73.82987,40.65857],[-73.82995,40.65859],[-73.83,40.65859],[-73.83006,40.65857],[-73.83013,40.65853],[-73.83016,40.65852],[-73.8302,40.65851],[-73.83024,40.65843],[-73.83024,40.65835],[-73.83017,40.65832],[-73.8301,40.65826],[-73.83001,40.65818],[-73.82991,40.65814],[-73.82989,40.65814],[-73.82983,40.65812],[-73.82977,40.65803],[-73.8297,40.65793],[-73.82963,40.65785],[-73.82951,40.6578],[-73.82946,40.6578],[-73.82937,40.65779],[-73.82922,40.65771],[-73.8291,40.65754],[-73.82906,40.65744],[-73.82909,40.65733],[-73.82917,40.65724],[-73.82924,40.65718],[-73.82935,40.6571],[-73.82943,40.65701],[-73.8295,40.65691],[-73.82949,40.65686],[-73.82946,40.65677],[-73.82946,40.65669],[-73.8295,40.65665],[-73.82958,40.65666],[-73.82968,40.65669],[-73.82978,40.65671],[-73.82989,40.65673],[-73.8299,40.65673],[-73.83001,40.65674],[-73.83009,40.65674],[-73.83019,40.65669],[-73.83024,40.65663],[-73.83033,40.65651],[-73.83039,40.65644],[-73.83051,40.65634],[-73.83107,40.65614],[-73.83111,40.65612],[-73.83114,40.6561],[-73.83121,40.65605],[-73.83127,40.656],[-73.83133,40.65595],[-73.83137,40.65589],[-73.83141,40.65583],[-73.83144,40.65577],[-73.83146,40.6557],[-73.83148,40.65563],[-73.83147,40.65555],[-73.83152,40.65546],[-73.83155,40.65542],[-73.83156,40.65536],[-73.83155,40.65524],[-73.83161,40.65519],[-73.83169,40.65509],[-73.83175,40.65496],[-73.83185,40.65489],[-73.83192,40.65488],[-73.83201,40.6549],[-73.83206,40.65489],[-73.83213,40.65488],[-73.83218,40.65489],[-73.83224,40.65509],[-73.83248,40.65587],[-73.83275,40.65674],[-73.83277,40.65679],[-73.8329,40.65748],[-73.83278,40.65755],[-73.83208,40.65613],[-73.83194,40.65617],[-73.8326,40.65783],[-73.83201,40.65808],[-73.8311,40.65823],[-73.83113,40.65832],[-73.83127,40.65836],[-73.83195,40.65827],[-73.83284,40.65814],[-73.83338,40.65805],[-73.83306,40.65669],[-73.8328,40.65582],[-73.83259,40.65502],[-73.83238,40.65424],[-73.83217,40.65335],[-73.83197,40.65264],[-73.83183,40.65214],[-73.83171,40.65168],[-73.83157,40.65117],[-73.83119,40.65075],[-73.83109,40.65005],[-73.8308,40.64898],[-73.83149,40.64789],[-73.83453,40.64803],[-73.83465,40.64805],[-73.83477,40.64807],[-73.83488,40.6481],[-73.83499,40.64814],[-73.8351,40.64818],[-73.83521,40.64823],[-73.83531,40.64828],[-73.8354,40.64833],[-73.83546,40.64836],[-73.83552,40.64839],[-73.83557,40.64843],[-73.83561,40.64847],[-73.83564,40.64851],[-73.83567,40.64856],[-73.83569,40.64861],[-73.8357,40.64867],[-73.8357,40.64872],[-73.83573,40.64878],[-73.83576,40.64884],[-73.83578,40.64891],[-73.8358,40.64898],[-73.8358,40.64904],[-73.8358,40.64911],[-73.83597,40.64935],[-73.83639,40.65101],[-73.83681,40.6527],[-73.8372,40.65435],[-73.83762,40.65604],[-73.83805,40.65771],[-73.83845,40.65936],[-73.83881,40.66094],[-73.83862,40.66104],[-73.83863,40.66108],[-73.83873,40.6611],[-73.83884,40.66112],[-73.83885,40.66118],[-73.83889,40.66118],[-73.83893,40.66127],[-73.8389,40.66127],[-73.83888,40.66121],[-73.83886,40.66121],[-73.83889,40.6614],[-73.83848,40.66148],[-73.83808,40.66159],[-73.83809,40.66179],[-73.83814,40.66207],[-73.83822,40.66222],[-73.83844,40.66234],[-73.83872,40.66241],[-73.8397,40.66224],[-73.83962,40.662],[-73.83998,40.6619],[-73.83973,40.66095],[-73.83964,40.66048],[-73.83929,40.65924],[-73.83896,40.65757],[-73.8385,40.6559],[-73.8384,40.65582],[-73.83806,40.65424],[-73.83764,40.65253],[-73.83724,40.6509],[-73.83681,40.64925],[-73.83729,40.64914],[-73.83739,40.64912],[-73.83748,40.6491],[-73.83837,40.64896],[-73.8393,40.64884],[-73.84021,40.6487],[-73.84114,40.64857],[-73.84205,40.64844],[-73.843,40.64833],[-73.8439,40.64821],[-73.84482,40.64807],[-73.84578,40.64793],[-73.84679,40.6478],[-73.84721,40.64946],[-73.84765,40.65147],[-73.84798,40.65282],[-73.8484,40.6545],[-73.84932,40.65438],[-73.85031,40.65423],[-73.8513,40.65409],[-73.85223,40.65395],[-73.85321,40.65381],[-73.85349,40.65501],[-73.85402,40.65714],[-73.8543,40.65832],[-73.85437,40.65861],[-73.8541,40.65883],[-73.85355,40.65932],[-73.85359,40.65958],[-73.85362,40.65973],[-73.85388,40.65952],[-73.8539,40.65951],[-73.85483,40.65876],[-73.85517,40.65847],[-73.85534,40.65833],[-73.8563,40.65759],[-73.8565,40.65744],[-73.85735,40.6568],[-73.85785,40.65644],[-73.858,40.65633],[-73.85874,40.65581],[-73.85967,40.65519],[-73.85971,40.65523],[-73.85976,40.65528],[-73.85996,40.65549],[-73.86073,40.65605],[-73.86084,40.65617],[-73.86106,40.65625],[-73.86125,40.65636],[-73.86135,40.65639],[-73.86136,40.65641],[-73.86137,40.65644],[-73.86136,40.65646],[-73.86135,40.65648],[-73.86136,40.65651],[-73.86139,40.65654],[-73.8614,40.65657],[-73.8614,40.65658],[-73.86139,40.65659],[-73.86136,40.65659],[-73.8613,40.65659],[-73.86124,40.65658],[-73.86117,40.65657],[-73.86109,40.65656],[-73.86102,40.65654],[-73.86099,40.65654],[-73.86096,40.65655],[-73.86093,40.65656],[-73.86091,40.65657],[-73.86086,40.65656],[-73.86083,40.65656],[-73.86079,40.65657],[-73.86072,40.65659],[-73.86067,40.65658],[-73.86065,40.65651],[-73.86064,40.65647],[-73.86062,40.65647],[-73.86062,40.65646],[-73.86061,40.65648],[-73.86061,40.65652],[-73.86062,40.65663],[-73.86062,40.65664],[-73.8606,40.65666],[-73.86058,40.65667],[-73.86049,40.65668],[-73.86046,40.65669],[-73.86044,40.6567],[-73.86044,40.65672],[-73.86045,40.65673],[-73.86048,40.65674],[-73.86051,40.65675],[-73.86052,40.65677],[-73.86048,40.65681],[-73.86045,40.65684],[-73.86035,40.65688],[-73.86031,40.6569],[-73.86028,40.65692],[-73.86024,40.65695],[-73.86023,40.65698],[-73.86021,40.65701],[-73.86019,40.65702],[-73.86016,40.65701],[-73.86015,40.657],[-73.86014,40.65696],[-73.86012,40.65685],[-73.86011,40.65681],[-73.8601,40.65679],[-73.86008,40.65678],[-73.86007,40.65678],[-73.86004,40.65679],[-73.86003,40.65682],[-73.86007,40.65694],[-73.86006,40.65696],[-73.86006,40.65697],[-73.86005,40.65697],[-73.86001,40.65697],[-73.85996,40.65697],[-73.85993,40.65697],[-73.85988,40.65697],[-73.85985,40.65697],[-73.85983,40.65698],[-73.85985,40.657],[-73.85989,40.65701],[-73.85993,40.65704],[-73.85996,40.65705],[-73.86,40.65705],[-73.86001,40.65705],[-73.86002,40.65705],[-73.86005,40.65704],[-73.86007,40.65704],[-73.86007,40.65705],[-73.86007,40.65706],[-73.86005,40.65708],[-73.86004,40.65709],[-73.86003,40.6571],[-73.85999,40.65714],[-73.85996,40.65717],[-73.85994,40.65721],[-73.85994,40.65722],[-73.85992,40.65721],[-73.85988,40.65727],[-73.85981,40.65732],[-73.8598,40.65738],[-73.85979,40.65743],[-73.85981,40.65746],[-73.85992,40.65767],[-73.85994,40.65771],[-73.85994,40.65772],[-73.85992,40.65774],[-73.85988,40.65775],[-73.8598,40.65779],[-73.85973,40.65782],[-73.85971,40.65784],[-73.85967,40.65789],[-73.85965,40.6579],[-73.85962,40.65794],[-73.85959,40.65799],[-73.85957,40.65804],[-73.85956,40.65808],[-73.85955,40.65813],[-73.85956,40.6582],[-73.85957,40.65827],[-73.85958,40.65833],[-73.85961,40.6584],[-73.85964,40.65846],[-73.85968,40.65849],[-73.85973,40.65852],[-73.85978,40.65855],[-73.85984,40.65857],[-73.85989,40.65859],[-73.85997,40.65859],[-73.86004,40.6586],[-73.8601,40.65861],[-73.86014,40.6586],[-73.86017,40.65861],[-73.8602,40.65861],[-73.86023,40.65862],[-73.86026,40.65863],[-73.86029,40.65871],[-73.86031,40.65878],[-73.86027,40.65881],[-73.86023,40.65883],[-73.8602,40.65886],[-73.86019,40.65887],[-73.86019,40.65888],[-73.8602,40.65888],[-73.8602,40.65889],[-73.86021,40.65889],[-73.86022,40.6589],[-73.86023,40.6589],[-73.8603,40.65888],[-73.86035,40.65885],[-73.86041,40.65882],[-73.86042,40.65882],[-73.86043,40.65882],[-73.86044,40.65881],[-73.86045,40.6588],[-73.86046,40.65879],[-73.86046,40.65878],[-73.86046,40.65877],[-73.86046,40.65876],[-73.86045,40.65875],[-73.86043,40.65871],[-73.8604,40.65867],[-73.86039,40.65862],[-73.86044,40.65858],[-73.86045,40.65858],[-73.86047,40.65858],[-73.86048,40.65857],[-73.86049,40.65857],[-73.8605,40.65857],[-73.8605,40.65856],[-73.86051,40.65856],[-73.86052,40.65855],[-73.86052,40.65854],[-73.86051,40.65854],[-73.86051,40.65853],[-73.8605,40.65853],[-73.8605,40.65852],[-73.8605,40.65851],[-73.86051,40.6585],[-73.86052,40.65849],[-73.86054,40.65848],[-73.86055,40.65848],[-73.86057,40.65847],[-73.86058,40.65848],[-73.86059,40.65849],[-73.8606,40.6585],[-73.86061,40.6585],[-73.86062,40.6585],[-73.86063,40.6585],[-73.86064,40.6585],[-73.86065,40.65849],[-73.86072,40.65842],[-73.86082,40.65839],[-73.86092,40.65835],[-73.86094,40.65836],[-73.86096,40.65836],[-73.86097,40.65837],[-73.86098,40.65838],[-73.86099,40.65839],[-73.861,40.6584],[-73.861,40.65842],[-73.861,40.65843],[-73.861,40.65844],[-73.86099,40.65848],[-73.86098,40.65852],[-73.86096,40.65856],[-73.86093,40.65859],[-73.8609,40.65863],[-73.86089,40.65864],[-73.86088,40.65865],[-73.86088,40.65867],[-73.86088,40.65868],[-73.86087,40.65869],[-73.86087,40.65871],[-73.86086,40.65872],[-73.86085,40.65873],[-73.86083,40.65874],[-73.86077,40.65875],[-73.86072,40.65878],[-73.86066,40.6588],[-73.86062,40.65883],[-73.86057,40.65887],[-73.86054,40.65891],[-73.86051,40.65895],[-73.86049,40.65899],[-73.86048,40.65904],[-73.86047,40.65909],[-73.86047,40.65914],[-73.86048,40.65918],[-73.86053,40.65923],[-73.86057,40.65928],[-73.86061,40.65933],[-73.86065,40.65932],[-73.86069,40.65931],[-73.86072,40.6593],[-73.86075,40.65928],[-73.86077,40.65926],[-73.86079,40.65923],[-73.86081,40.65921],[-73.86081,40.65917],[-73.86082,40.65913],[-73.86082,40.65909],[-73.86082,40.65907],[-73.86082,40.65905],[-73.86083,40.65904],[-73.86084,40.65902],[-73.86086,40.659],[-73.86087,40.65899],[-73.86095,40.65895],[-73.86102,40.65891],[-73.86117,40.65881],[-73.86121,40.65877],[-73.86125,40.65872],[-73.86128,40.65867],[-73.8613,40.65862],[-73.86132,40.65857],[-73.86132,40.65851],[-73.86131,40.65849],[-73.86131,40.65846],[-73.8613,40.65843],[-73.8613,40.6584],[-73.8613,40.65835],[-73.86129,40.65831],[-73.86127,40.65827],[-73.86125,40.65822],[-73.86113,40.65816],[-73.86102,40.65809],[-73.861,40.65808],[-73.86098,40.65807],[-73.86096,40.65806],[-73.86093,40.65806],[-73.8609,40.65806],[-73.86082,40.65806],[-73.86073,40.65806],[-73.86066,40.65807],[-73.8606,40.65808],[-73.86054,40.65809],[-73.86051,40.65813],[-73.86047,40.65817],[-73.86043,40.65821],[-73.86039,40.65824],[-73.86021,40.65829],[-73.86018,40.65831],[-73.86015,40.65832],[-73.86011,40.65833],[-73.86008,40.65833],[-73.86004,40.65833],[-73.85989,40.65831],[-73.85984,40.6583],[-73.85982,40.6583],[-73.85981,40.6583],[-73.8598,40.6583],[-73.85979,40.6583],[-73.85978,40.65829],[-73.85977,40.65828],[-73.85977,40.65826],[-73.85978,40.65825],[-73.85978,40.65824],[-73.85979,40.65824],[-73.85979,40.65825],[-73.8598,40.65825],[-73.85981,40.65825],[-73.85981,40.65824],[-73.85982,40.65824],[-73.85982,40.65823],[-73.85984,40.65821],[-73.85996,40.65813],[-73.85997,40.65813],[-73.85999,40.65813],[-73.86,40.65812],[-73.86001,40.65812],[-73.86002,40.65811],[-73.86003,40.6581],[-73.86004,40.65809],[-73.86005,40.65808],[-73.86005,40.65807],[-73.86004,40.65806],[-73.86003,40.65805],[-73.86003,40.65804],[-73.86004,40.65804],[-73.86004,40.65803],[-73.86005,40.65803],[-73.86018,40.658],[-73.8602,40.65799],[-73.86021,40.65798],[-73.86021,40.65797],[-73.86022,40.65795],[-73.86022,40.65794],[-73.86022,40.65793],[-73.86021,40.65792],[-73.86021,40.65791],[-73.86024,40.6579],[-73.86027,40.65789],[-73.8603,40.65789],[-73.86034,40.65789],[-73.86037,40.65789],[-73.86038,40.65788],[-73.8604,40.65787],[-73.86041,40.65785],[-73.86045,40.65784],[-73.86049,40.65785],[-73.86053,40.65785],[-73.86056,40.65784],[-73.86057,40.65784],[-73.86058,40.65784],[-73.86058,40.65783],[-73.86057,40.65783],[-73.86053,40.65782],[-73.86049,40.6578],[-73.86044,40.65778],[-73.86041,40.65776],[-73.86041,40.65761],[-73.86039,40.65756],[-73.86036,40.65751],[-73.86032,40.65746],[-73.86031,40.65742],[-73.86032,40.65738],[-73.86034,40.65725],[-73.86035,40.65723],[-73.86037,40.65721],[-73.86039,40.65721],[-73.86042,40.65721],[-73.86044,40.65721],[-73.86046,40.65721],[-73.86048,40.6572],[-73.86053,40.65718],[-73.86059,40.65716],[-73.86061,40.65716],[-73.86062,40.65716],[-73.86061,40.65721],[-73.86062,40.65721],[-73.86066,40.65717],[-73.86066,40.65716],[-73.86066,40.65714],[-73.86066,40.65712],[-73.86066,40.65711],[-73.86066,40.6571],[-73.86067,40.6571],[-73.86068,40.6571],[-73.8607,40.6571],[-73.86072,40.65709],[-73.86074,40.65709],[-73.86075,40.65708],[-73.86084,40.65693],[-73.86085,40.65692],[-73.86086,40.65691],[-73.86087,40.65691],[-73.86088,40.65691],[-73.86089,40.65691],[-73.86128,40.657],[-73.86149,40.657],[-73.86161,40.657],[-73.86163,40.65705],[-73.86164,40.6571],[-73.86164,40.65715],[-73.86164,40.65721],[-73.86163,40.65726],[-73.86162,40.6574],[-73.86162,40.65754],[-73.86163,40.65769],[-73.86164,40.65783],[-73.86167,40.65797],[-73.86167,40.65798],[-73.86167,40.65799],[-73.86168,40.658],[-73.86168,40.65801],[-73.86169,40.65802],[-73.8617,40.65802],[-73.86171,40.65803],[-73.86173,40.65803],[-73.8627,40.65762],[-73.86317,40.65828],[-73.86175,40.65894],[-73.86119,40.65925],[-73.8603,40.65963],[-73.85939,40.65977],[-73.85851,40.6599],[-73.85762,40.66012],[-73.85794,40.66137],[-73.85803,40.66172],[-73.85812,40.66204],[-73.85843,40.66345],[-73.85754,40.6636],[-73.85659,40.66375],[-73.85612,40.66381],[-73.85568,40.66387],[-73.85612,40.66551],[-73.85619,40.66585],[-73.85646,40.66704],[-73.85668,40.66792],[-73.85671,40.66803],[-73.85685,40.6686],[-73.85723,40.6701],[-73.85725,40.67017],[-73.85727,40.67026],[-73.85728,40.67032],[-73.85731,40.67042],[-73.85763,40.67166],[-73.85855,40.67152],[-73.85947,40.67138],[-73.86039,40.67125],[-73.86078,40.67281],[-73.86107,40.67402],[-73.86114,40.67433],[-73.86132,40.67502],[-73.8603,40.67477],[-73.85959,40.67456],[-73.85928,40.67445],[-73.85825,40.67414],[-73.85711,40.67358],[-73.85649,40.67338],[-73.85284,40.67228],[-73.85163,40.67193],[-73.85096,40.67172]]]]},"properties":{"shape_area":"52604803.4818","ntaname":"Howard Beach-Lindenwood","cdtaname":"QN10 South Ozone Park-Howard Beach (CD 10 Approximation)","shape_leng":"73875.0828125","boroname":"Queens","ntatype":"0","nta2020":"QN1003","borocode":"4","countyfips":"081","ntaabbrev":"HwrdBch","cdta2020":"QN10","atlas_id":"QN1003","scalars":{"population":30915.0,"housing_units":12145.0}}},{"type":"Feature","geometry":{"type":"MultiPolygon","coordinates":[[[[-73.86054,40.65462],[-73.85979,40.65448],[-73.85898,40.65268],[-73.85732,40.65124],[-73.85721,40.65028],[-73.86054,40.65462]]],[[[-73.85967,40.65519],[-73.85362,40.65973],[-73.85437,40.65861],[-73.85321,40.65381],[-73.8484,40.6545],[-73.84679,40.6478],[-73.83681,40.64925],[-73.83592,40.6455],[-73.84579,40.6441],[-73.84951,40.64413],[-73.85208,40.64618],[-73.85243,40.64727],[-73.85159,40.6491],[-73.85091,40.64917],[-73.85059,40.65034],[-73.84936,40.65139],[-73.8509,40.6515],[-73.85251,40.65055],[-73.85583,40.65127],[-73.85691,40.65295],[-73.85828,40.65299],[-73.85967,40.65519]]]]},"properties":{"shape_area":"11848151.7014","ntaname":"Spring Creek Park","cdtaname":"QN10 South Ozone Park-Howard Beach (CD 10 Approximation)","shape_leng":"28395.9685894","boroname":"Queens","ntatype":"9","nta2020":"QN1091","borocode":"4","countyfips":"081","ntaabbrev":"SpCrkPk","cdta2020":"QN10","atlas_id":"QN1091","scalars":{"population":0.0,"housing_units":0.0}}},{"type":"Feature","geometry":{"type":"MultiPolygon","coordinates":[[[[-73.7973,40.74944],[-73.79472,40.75062],[-73.79493,40.7578],[-73.79032,40.75782],[-73.79076,40.76099],[-73.79344,40.76076],[-73.79303,40.76462],[-73.79396,40.7647],[-73.79318,40.7704],[-73.79566,40.77304],[-73.78459,40.77614],[-73.78401,40.772],[-73.77838,40.76123],[-73.77565,40.75263],[-73.77164,40.7442],[-73.78041,40.74263],[-73.79641,40.73833],[-73.79723,40.7417],[-73.79501,40.74374],[-73.79446,40.74544],[-73.79472,40.7476],[-73.7973,40.74944]]]]},"properties":{"shape_area":"55464055.3177","ntaname":"Auburndale","cdtaname":"QN11 Auburndale-Bayside-Douglaston (CD 11 Approximation)","shape_leng":"39268.992231","boroname":"Queens","ntatype":"0","nta2020":"QN1101","borocode":"4","countyfips":"081","ntaabbrev":"Abrndl","cdta2020":"QN11","atlas_id":"QN1101","scalars":{"population":35803.0,"housing_units":13163.0,"jobs":6680.0}}},{"type":"Feature","geometry":{"type":"MultiPolygon","coordinates":[[[[-73.78459,40.77602],[-73.77584,40.77861],[-73.77554,40.77703],[-73.76861,40.7791],[-73.76816,40.77813],[-73.7676,40.7783],[-73.7651,40.7738],[-73.75894,40.76833],[-73.75864,40.76736],[-73.75377,40.7653],[-73.7592,40.76433],[-73.75784,40.76254],[-73.75848,40.76199],[-73.758,40.76038],[-73.75682,40.75973],[-73.75584,40.75774],[-73.75512,40.75848],[-73.75321,40.75824],[-73.7523,40.75946],[-73.75116,40.75907],[-73.75058,40.75801],[-73.75005,40.7584],[-73.74711,40.75417],[-73.74774,40.75385],[-73.74681,40.75203],[-73.75,40.75072],[-73.75759,40.74915],[-73.77164,40.7442],[-73.77565,40.75263],[-73.77838,40.76123],[-73.78401,40.772],[-73.78459,40.77602]]]]},"properties":{"shape_area":"70410060.1955","ntaname":"Bayside","cdtaname":"QN11 Auburndale-Bayside-Douglaston (CD 11 Approximation)","shape_leng":"41945.5003159","boroname":"Queens","ntatype":"0","nta2020":"QN1102","borocode":"4","countyfips":"081","ntaabbrev":"Bysd","cdta2020":"QN11","atlas_id":"QN1102","scalars":{"population":36255.0,"housing_units":13621.0,"jobs":12267.0}}},{"type":"Feature","geometry":{"type":"MultiPolygon","coordinates":[[[[-73.74506,40.77914],[-73.74429,40.77875],[-73.74481,40.77856],[-73.74506,40.77914]]],[[[-73.74724,40.78008],[-73.74559,40.77958],[-73.74682,40.77937],[-73.74724,40.78008]]],[[[-73.75557,40.77153],[-73.75337,40.77321],[-73.75519,40.7765],[-73.75481,40.77762],[-73.75552,40.7777],[-73.75469,40.77774],[-73.75232,40.782],[-73.75072,40.78263],[-73.74825,40.78076],[-73.74736,40.77938],[-73.74778,40.77911],[-73.74679,40.77903],[-73.74535,40.77715],[-73.74611,40.77853],[-73.74529,40.77886],[-73.74462,40.77792],[-73.74524,40.7774],[-73.74502,40.7766],[-73.74508,40.77745],[-73.74443,40.77746],[-73.74404,40.77859],[-73.71333,40.75973],[-73.71699,40.75943],[-73.72015,40.75791],[-73.72329,40.75378],[-73.72736,40.75084],[-73.72904,40.74723],[-73.73096,40.74486],[-73.73374,40.74285],[-73.73487,40.74446],[-73.73543,40.74716],[-73.73756,40.74854],[-73.74165,40.75309],[-73.74128,40.75458],[-73.73929,40.75588],[-73.73926,40.75692],[-73.74121,40.7562],[-73.7425,40.75859],[-73.74311,40.75849],[-73.74474,40.76076],[-73.74598,40.76398],[-73.74937,40.76293],[-73.75021,40.76375],[-73.74688,40.76452],[-73.74941,40.76755],[-73.75339,40.76533],[-73.75507,40.76753],[-73.75439,40.76876],[-73.75557,40.77153]]]]},"properties":{"shape_area":"68149460.7329","ntaname":"Douglaston-Little Neck","cdtaname":"QN11 Auburndale-Bayside-Douglaston (CD 11 Approximation)","shape_leng":"51882.3063635","boroname":"Queens","ntatype":"0","nta2020":"QN1103","borocode":"4","countyfips":"081","ntaabbrev":"Dglstn","cdta2020":"QN11","atlas_id":"QN1103","scalars":{"population":26547.0,"housing_units":10748.0}}},{"type":"Feature","geometry":{"type":"MultiPolygon","coordinates":[[[[-73.76776,40.74584],[-73.74681,40.75203],[-73.74571,40.75159],[-73.74382,40.74743],[-73.74626,40.74671],[-73.74478,40.74328],[-73.74867,40.74333],[-73.75347,40.7424],[-73.75098,40.74002],[-73.74396,40.74079],[-73.74307,40.73844],[-73.74019,40.73903],[-73.74029,40.73852],[-73.74306,40.73548],[-73.75067,40.72918],[-73.75678,40.72631],[-73.76226,40.7296],[-73.76555,40.73254],[-73.7637,40.73286],[-73.76511,40.73456],[-73.76273,40.73526],[-73.76246,40.73655],[-73.76557,40.74326],[-73.76688,40.74409],[-73.76776,40.74584]]]]},"properties":{"shape_area":"39634774.8679","ntaname":"Oakland Gardens-Hollis Hills","cdtaname":"QN11 Auburndale-Bayside-Douglaston (CD 11 Approximation)","shape_leng":"33891.0988063","boroname":"Queens","ntatype":"0","nta2020":"QN1104","borocode":"4","countyfips":"081","ntaabbrev":"OklndGrdns","cdta2020":"QN11","atlas_id":"QN1104","scalars":{"population":27411.0,"housing_units":10428.0,"jobs":2364.0}}},{"type":"Feature","geometry":{"type":"MultiPolygon","coordinates":[[[[-73.73374,40.74285],[-73.7338,40.74282],[-73.73398,40.7427],[-73.73402,40.74267],[-73.73414,40.7426],[-73.73432,40.74249],[-73.7345,40.7424],[-73.73467,40.74231],[-73.73545,40.74187],[-73.73566,40.74176],[-73.73567,40.74175],[-73.73587,40.74165],[-73.7372,40.74094],[-73.73735,40.74087],[-73.73774,40.74068],[-73.73804,40.74053],[-73.73835,40.74034],[-73.73894,40.73991],[-73.73901,40.73986],[-73.73922,40.73968],[-73.7394,40.73952],[-73.73959,40.73933],[-73.73983,40.73906],[-73.73996,40.73892],[-73.74017,40.73867],[-73.74029,40.73852],[-73.74019,40.73903],[-73.74107,40.73898],[-73.74155,40.73876],[-73.74223,40.73862],[-73.74307,40.73844],[-73.74347,40.73887],[-73.7436,40.73901],[-73.74372,40.73938],[-73.74385,40.74009],[-73.74396,40.74079],[-73.74658,40.74035],[-73.74997,40.73975],[-73.75009,40.73982],[-73.75023,40.73988],[-73.75037,40.73992],[-73.75052,40.73995],[-73.75053,40.73995],[-73.75068,40.73997],[-73.75083,40.73999],[-73.75098,40.74002],[-73.75113,40.74007],[-73.75126,40.74013],[-73.75139,40.74019],[-73.75347,40.7424],[-73.75253,40.74261],[-73.75163,40.74281],[-73.75073,40.743],[-73.7498,40.74314],[-73.74888,40.74329],[-73.74878,40.74331],[-73.74867,40.74333],[-73.74857,40.74334],[-73.74847,40.74335],[-73.74836,40.74335],[-73.74826,40.74335],[-73.74816,40.74334],[-73.74805,40.74333],[-73.74795,40.74332],[-73.74785,40.7433],[-73.74672,40.74312],[-73.74568,40.74303],[-73.74478,40.74328],[-73.74593,40.74572],[-73.74626,40.74671],[-73.74382,40.74743],[-73.7441,40.74821],[-73.74508,40.75027],[-73.74571,40.75159],[-73.74622,40.75169],[-73.74637,40.75176],[-73.74653,40.75184],[-73.74667,40.75193],[-73.74681,40.75203],[-73.74684,40.75206],[-73.74687,40.75209],[-73.7471,40.75235],[-73.74738,40.75296],[-73.74761,40.75351],[-73.74774,40.75385],[-73.74711,40.75417],[-73.7481,40.7559],[-73.75005,40.7584],[-73.75058,40.75801],[-73.75116,40.75907],[-73.7523,40.75946],[-73.75277,40.75887],[-73.75321,40.75824],[-73.75336,40.75832],[-73.75352,40.75839],[-73.75369,40.75844],[-73.75387,40.75849],[-73.75405,40.75851],[-73.75423,40.75852],[-73.75498,40.7585],[-73.75512,40.75848],[-73.75526,40.75844],[-73.75539,40.75839],[-73.75552,40.75832],[-73.75557,40.75828],[-73.75584,40.75774],[-73.75626,40.75843],[-73.75682,40.75973],[-73.758,40.76038],[-73.75848,40.76199],[-73.75811,40.76205],[-73.75802,40.76211],[-73.75794,40.76218],[-73.75793,40.76221],[-73.75788,40.76227],[-73.75784,40.76237],[-73.75783,40.76247],[-73.75784,40.76254],[-73.75785,40.76257],[-73.75789,40.76266],[-73.75794,40.76274],[-73.7581,40.76298],[-73.75824,40.76324],[-73.75836,40.7635],[-73.75886,40.76327],[-73.7591,40.76406],[-73.7592,40.76433],[-73.75862,40.76438],[-73.75856,40.76439],[-73.75851,40.76439],[-73.75839,40.76441],[-73.75636,40.7646],[-73.75601,40.76464],[-73.75567,40.76469],[-73.75533,40.76476],[-73.755,40.76484],[-73.75468,40.76494],[-73.75436,40.76505],[-73.75405,40.76518],[-73.75377,40.7653],[-73.75381,40.76512],[-73.7538,40.76507],[-73.75375,40.76503],[-73.75367,40.76497],[-73.75356,40.76487],[-73.75347,40.76478],[-73.75341,40.76469],[-73.75331,40.76464],[-73.75322,40.76455],[-73.75312,40.76443],[-73.75297,40.76434],[-73.75286,40.76429],[-73.75265,40.7642],[-73.75269,40.76413],[-73.75264,40.7641],[-73.75249,40.76404],[-73.75237,40.76395],[-73.75226,40.76389],[-73.75219,40.76383],[-73.75212,40.76373],[-73.75205,40.76362],[-73.752,40.7635],[-73.75198,40.76345],[-73.75195,40.76336],[-73.75189,40.7632],[-73.75182,40.763],[-73.75178,40.7629],[-73.7516,40.76257],[-73.7515,40.76236],[-73.7514,40.76223],[-73.75129,40.76211],[-73.75117,40.762],[-73.75107,40.76192],[-73.75105,40.7619],[-73.75104,40.76184],[-73.75108,40.7618],[-73.75107,40.76176],[-73.75097,40.76169],[-73.7509,40.76166],[-73.75082,40.76168],[-73.75073,40.76174],[-73.75057,40.76168],[-73.75041,40.76151],[-73.75019,40.76143],[-73.74999,40.76134],[-73.74949,40.76124],[-73.74915,40.76119],[-73.74868,40.76096],[-73.74861,40.76093],[-73.74853,40.76088],[-73.74846,40.76083],[-73.7484,40.76077],[-73.74823,40.7605],[-73.74797,40.7603],[-73.7479,40.76024],[-73.74779,40.76014],[-73.74773,40.76004],[-73.74766,40.75995],[-73.74754,40.75986],[-73.74746,40.75981],[-73.74729,40.75971],[-73.74717,40.75962],[-73.74696,40.75954],[-73.74673,40.75944],[-73.74656,40.75934],[-73.74643,40.75922],[-73.74629,40.75906],[-73.74629,40.75902],[-73.74629,40.75897],[-73.74629,40.7589],[-73.74633,40.7588],[-73.74634,40.7587],[-73.74632,40.75861],[-73.7463,40.75857],[-73.74636,40.75853],[-73.74641,40.75847],[-73.74638,40.75839],[-73.7464,40.75831],[-73.74641,40.75827],[-73.74642,40.75821],[-73.74641,40.75812],[-73.74637,40.75804],[-73.74633,40.75798],[-73.74631,40.75797],[-73.74627,40.75795],[-73.74625,40.75794],[-73.74624,40.75794],[-73.74624,40.75793],[-73.74624,40.75792],[-73.74623,40.75792],[-73.74623,40.75791],[-73.74624,40.75791],[-73.74625,40.75788],[-73.74628,40.75784],[-73.74628,40.75783],[-73.74628,40.75782],[-73.74628,40.75781],[-73.74628,40.7578],[-73.74626,40.75777],[-73.74624,40.75774],[-73.74622,40.75772],[-73.74621,40.75771],[-73.7462,40.7577],[-73.74618,40.75769],[-73.74617,40.75768],[-73.74616,40.75768],[-73.74615,40.75768],[-73.74614,40.75768],[-73.74613,40.75768],[-73.74611,40.75768],[-73.7461,40.75768],[-73.74607,40.75769],[-73.74606,40.7577],[-73.746,40.75773],[-73.74598,40.75774],[-73.74595,40.75775],[-73.74589,40.75779],[-73.74588,40.7578],[-73.74585,40.75783],[-73.74584,40.75784],[-73.74583,40.75785],[-73.74582,40.75785],[-73.74581,40.75785],[-73.7458,40.75785],[-73.74579,40.75785],[-73.74578,40.75785],[-73.74576,40.75784],[-73.74575,40.75783],[-73.74574,40.75782],[-73.7457,40.75777],[-73.74568,40.75776],[-73.74563,40.75771],[-73.74555,40.75764],[-73.74553,40.75762],[-73.74552,40.75761],[-73.74549,40.75758],[-73.74546,40.75755],[-73.74545,40.75754],[-73.74543,40.75753],[-73.74538,40.75751],[-73.74537,40.75751],[-73.74533,40.75749],[-73.7453,40.75748],[-73.74529,40.75747],[-73.74527,40.75746],[-73.74526,40.75745],[-73.74525,40.75744],[-73.74523,40.75741],[-73.74523,40.7574],[-73.74519,40.75736],[-73.74516,40.75732],[-73.74513,40.7573],[-73.74509,40.75727],[-73.74508,40.75726],[-73.74504,40.75724],[-73.74503,40.75724],[-73.74502,40.75724],[-73.74501,40.75723],[-73.74499,40.75722],[-73.74498,40.75721],[-73.74496,40.7572],[-73.74494,40.75718],[-73.74493,40.75717],[-73.74492,40.75716],[-73.74491,40.75714],[-73.74491,40.75713],[-73.74489,40.75711],[-73.74489,40.75709],[-73.74488,40.75709],[-73.74488,40.75708],[-73.74488,40.75705],[-73.74487,40.75704],[-73.74487,40.75703],[-73.74486,40.75703],[-73.74486,40.75702],[-73.74485,40.75702],[-73.74484,40.75702],[-73.74481,40.75702],[-73.74479,40.75701],[-73.74478,40.75701],[-73.74477,40.75701],[-73.74474,40.75699],[-73.74472,40.75697],[-73.74468,40.75693],[-73.74464,40.7569],[-73.74464,40.75689],[-73.74463,40.75689],[-73.74463,40.75688],[-73.74463,40.75687],[-73.74463,40.75686],[-73.74464,40.75684],[-73.74464,40.75683],[-73.74464,40.75682],[-73.74465,40.75682],[-73.74465,40.75681],[-73.74465,40.7568],[-73.74465,40.75678],[-73.74464,40.75674],[-73.74464,40.75671],[-73.74464,40.7567],[-73.74464,40.75668],[-73.74465,40.75667],[-73.74466,40.75666],[-73.74469,40.75664],[-73.74469,40.75661],[-73.74469,40.7566],[-73.74466,40.75656],[-73.74465,40.75656],[-73.74463,40.75655],[-73.74461,40.75655],[-73.7446,40.75655],[-73.74456,40.75656],[-73.74455,40.75658],[-73.74454,40.75663],[-73.74455,40.75669],[-73.74456,40.75673],[-73.74456,40.75674],[-73.74457,40.75678],[-73.74457,40.75682],[-73.74457,40.75684],[-73.74457,40.75689],[-73.74458,40.75691],[-73.74458,40.75692],[-73.74459,40.75694],[-73.7446,40.75695],[-73.74462,40.75697],[-73.74462,40.75698],[-73.74463,40.75698],[-73.74464,40.75699],[-73.74465,40.757],[-73.7447,40.75702],[-73.74471,40.75703],[-73.74472,40.75704],[-73.74474,40.75705],[-73.74477,40.75709],[-73.74481,40.75712],[-73.74482,40.75714],[-73.74485,40.75719],[-73.74486,40.7572],[-73.74487,40.7572],[-73.74487,40.75721],[-73.74492,40.75724],[-73.74496,40.75726],[-73.74497,40.75727],[-73.74499,40.75728],[-73.745,40.75728],[-73.74505,40.75731],[-73.74506,40.75732],[-73.74509,40.75734],[-73.74511,40.75735],[-73.74512,40.75736],[-73.74513,40.75737],[-73.74515,40.75739],[-73.74516,40.75741],[-73.7452,40.75745],[-73.74521,40.75747],[-73.74522,40.75748],[-73.74524,40.75749],[-73.74526,40.75751],[-73.74528,40.75752],[-73.74529,40.75752],[-73.74529,40.75753],[-73.7453,40.75753],[-73.74534,40.75753],[-73.74535,40.75753],[-73.74536,40.75753],[-73.74536,40.75754],[-73.74537,40.75754],[-73.74543,40.75759],[-73.74548,40.75763],[-73.7455,40.75765],[-73.74555,40.75769],[-73.74557,40.75771],[-73.74558,40.75772],[-73.74561,40.75776],[-73.74563,40.75778],[-73.74564,40.7578],[-73.74568,40.75785],[-73.74571,40.75787],[-73.74573,40.7579],[-73.74576,40.75791],[-73.74576,40.75792],[-73.74577,40.75792],[-73.74578,40.75792],[-73.74579,40.75792],[-73.7458,40.75792],[-73.74582,40.75792],[-73.74583,40.75792],[-73.74584,40.75792],[-73.74585,40.75791],[-73.7459,40.75789],[-73.74593,40.75787],[-73.74598,40.75783],[-73.74599,40.75782],[-73.74601,40.75781],[-73.74602,40.75781],[-73.74603,40.75781],[-73.74604,40.75781],[-73.74605,40.75781],[-73.74606,40.75782],[-73.74608,40.75783],[-73.7461,40.75786],[-73.74615,40.7579],[-73.74616,40.75791],[-73.74617,40.75793],[-73.74618,40.75794],[-73.74619,40.75798],[-73.74619,40.75799],[-73.7462,40.758],[-73.74621,40.75801],[-73.74622,40.75801],[-73.74623,40.75801],[-73.74626,40.75802],[-73.74631,40.75805],[-73.74631,40.75815],[-73.7463,40.75825],[-73.74629,40.75834],[-73.74627,40.75843],[-73.74619,40.75854],[-73.7461,40.75863],[-73.74606,40.75876],[-73.7461,40.75891],[-73.74616,40.75902],[-73.74626,40.75915],[-73.74636,40.75929],[-73.74655,40.75945],[-73.74672,40.75953],[-73.74691,40.7596],[-73.74709,40.75968],[-73.74737,40.75988],[-73.74749,40.75998],[-73.7475,40.75998],[-73.74755,40.76007],[-73.7476,40.76016],[-73.74765,40.76022],[-73.74774,40.76031],[-73.74791,40.76047],[-73.74803,40.76061],[-73.74816,40.76073],[-73.74825,40.76084],[-73.74825,40.76085],[-73.74827,40.7609],[-73.74831,40.76095],[-73.74835,40.76102],[-73.74835,40.7611],[-73.74837,40.76119],[-73.74841,40.76125],[-73.7485,40.76133],[-73.74854,40.76139],[-73.74866,40.76144],[-73.74875,40.76151],[-73.74889,40.76157],[-73.74887,40.76167],[-73.74897,40.76167],[-73.74908,40.76167],[-73.74905,40.76157],[-73.74915,40.7616],[-73.74922,40.76158],[-73.74925,40.76154],[-73.74921,40.76148],[-73.74917,40.76141],[-73.74917,40.76138],[-73.74947,40.76144],[-73.74966,40.7615],[-73.7498,40.76154],[-73.75004,40.76158],[-73.75019,40.76164],[-73.75032,40.76176],[-73.75046,40.76183],[-73.75057,40.76192],[-73.75064,40.76206],[-73.75085,40.7622],[-73.75098,40.7623],[-73.75111,40.76241],[-73.75123,40.76252],[-73.75133,40.76263],[-73.75142,40.76276],[-73.75151,40.76295],[-73.75154,40.76304],[-73.75157,40.76316],[-73.75156,40.76332],[-73.7516,40.76344],[-73.75162,40.76349],[-73.75163,40.76353],[-73.75164,40.76353],[-73.75164,40.76354],[-73.75165,40.76356],[-73.7517,40.76365],[-73.75183,40.76381],[-73.75198,40.76393],[-73.75207,40.76403],[-73.75216,40.76411],[-73.75219,40.76414],[-73.75222,40.76417],[-73.75222,40.76422],[-73.75225,40.76427],[-73.75234,40.7643],[-73.7524,40.76435],[-73.75245,40.76442],[-73.75248,40.76448],[-73.75251,40.76453],[-73.75257,40.76454],[-73.75266,40.76455],[-73.75274,40.76458],[-73.75282,40.76465],[-73.75289,40.76472],[-73.75298,40.76477],[-73.75305,40.76482],[-73.75308,40.76487],[-73.75311,40.76495],[-73.75315,40.76504],[-73.75319,40.7651],[-73.75321,40.76513],[-73.75324,40.76516],[-73.75327,40.76519],[-73.75333,40.76527],[-73.75339,40.76533],[-73.74941,40.76755],[-73.74695,40.76461],[-73.74688,40.76452],[-73.74706,40.76446],[-73.75021,40.76375],[-73.74937,40.76293],[-73.74656,40.76379],[-73.74609,40.76394],[-73.74598,40.76398],[-73.74474,40.76076],[-73.74347,40.75934],[-73.74311,40.75849],[-73.7425,40.75859],[-73.74166,40.75734],[-73.74159,40.75718],[-73.7415,40.75701],[-73.74139,40.75686],[-73.74126,40.75671],[-73.74122,40.75634],[-73.74121,40.7562],[-73.7408,40.75645],[-73.74042,40.75668],[-73.73979,40.75673],[-73.73964,40.75674],[-73.73971,40.75662],[-73.73926,40.75692],[-73.73918,40.75672],[-73.73914,40.75639],[-73.73915,40.75626],[-73.73918,40.75613],[-73.73923,40.756],[-73.73929,40.75588],[-73.73938,40.75576],[-73.7395,40.75563],[-73.73964,40.75551],[-73.73979,40.7554],[-73.73996,40.7553],[-73.74015,40.75522],[-73.74034,40.75516],[-73.74055,40.75507],[-73.74076,40.75497],[-73.74095,40.75485],[-73.74112,40.75472],[-73.74128,40.75458],[-73.74178,40.75348],[-73.74172,40.75328],[-73.74165,40.75309],[-73.74155,40.75289],[-73.74143,40.75271],[-73.74129,40.75254],[-73.74087,40.75197],[-73.74036,40.75163],[-73.73985,40.7513],[-73.73935,40.75064],[-73.7388,40.74991],[-73.7383,40.74925],[-73.73756,40.74854],[-73.73728,40.74828],[-73.73726,40.74826],[-73.73708,40.74813],[-73.7369,40.74802],[-73.73671,40.74791],[-73.7365,40.74782],[-73.7363,40.74774],[-73.7361,40.74765],[-73.73591,40.74754],[-73.73574,40.74742],[-73.73558,40.7473],[-73.73543,40.74716],[-73.73532,40.74696],[-73.73522,40.74676],[-73.73515,40.74656],[-73.73513,40.74651],[-73.73508,40.74637],[-73.73504,40.74618],[-73.73502,40.74599],[-73.73501,40.7458],[-73.73503,40.74565],[-73.73503,40.7456],[-73.73504,40.74553],[-73.73504,40.74538],[-73.73504,40.74515],[-73.735,40.74492],[-73.73495,40.74469],[-73.73487,40.74446],[-73.73477,40.74424],[-73.73466,40.74403],[-73.73452,40.74382],[-73.73436,40.74363],[-73.7338,40.74294],[-73.73374,40.74285]]]]},"properties":{"shape_area":"26132395.8098","ntaname":"Alley Pond Park","cdtaname":"QN11 Auburndale-Bayside-Douglaston (CD 11 Approximation)","shape_leng":"48184.4005105","boroname":"Queens","ntatype":"9","nta2020":"QN1191","borocode":"4","countyfips":"081","ntaabbrev":"AllyPndPk","cdta2020":"QN11","atlas_id":"QN1191","scalars":{"population":94.0,"housing_units":0.0,"jobs":108.0}}},{"type":"Feature","geometry":{"type":"MultiPolygon","coordinates":[[[[-73.81648,40.70245],[-73.81153,40.70227],[-73.81201,40.70594],[-73.80695,40.70737],[-73.80805,40.70936],[-73.80548,40.71009],[-73.80302,40.70814],[-73.80141,40.70969],[-73.7987,40.71066],[-73.79777,40.70914],[-73.78929,40.71203],[-73.78658,40.71197],[-73.77712,40.71426],[-73.77537,40.71168],[-73.7745,40.71195],[-73.77314,40.70992],[-73.77172,40.71032],[-73.76845,40.70964],[-73.77431,40.70739],[-73.77549,40.70625],[-73.77559,40.70533],[-73.77231,40.70057],[-73.77396,40.69981],[-73.78034,40.70541],[-73.7828,40.70536],[-73.79239,40.70217],[-73.79187,40.70137],[-73.79284,40.70024],[-73.79786,40.69799],[-73.80642,40.69087],[-73.8089,40.69256],[-73.81073,40.69192],[-73.81648,40.70245]]]]},"properties":{"shape_area":"46828832.15","ntaname":"Jamaica","cdtaname":"QN12 Jamaica-St. Albans-Hollis (CD 12 Approximation)","shape_leng":"41775.4560623","boroname":"Queens","ntatype":"0","nta2020":"QN1201","borocode":"4","countyfips":"081","ntaabbrev":"Jmca","cdta2020":"QN12","atlas_id":"QN1201","scalars":{"population":59260.0,"housing_units":17958.0,"jobs":22568.0}}},{"type":"Feature","geometry":{"type":"MultiPolygon","coordinates":[[[[-73.81073,40.69192],[-73.8089,40.69256],[-73.80642,40.69087],[-73.79786,40.69799],[-73.79284,40.70024],[-73.79187,40.70137],[-73.79239,40.70217],[-73.78257,40.70542],[-73.78034,40.70541],[-73.77396,40.69981],[-73.78277,40.696],[-73.77789,40.68992],[-73.77977,40.68928],[-73.78078,40.69103],[-73.79391,40.6863],[-73.79561,40.68866],[-73.79995,40.68683],[-73.79898,40.68486],[-73.80586,40.68291],[-73.81073,40.69192]]]]},"properties":{"shape_area":"37866246.0508","ntaname":"South Jamaica","cdtaname":"QN12 Jamaica-St. Albans-Hollis (CD 12 Approximation)","shape_leng":"33190.9473186","boroname":"Queens","ntatype":"0","nta2020":"QN1202","borocode":"4","countyfips":"081","ntaabbrev":"SthJmca","cdta2020":"QN12","atlas_id":"QN1202","scalars":{"population":45556.0,"housing_units":12905.0,"jobs":3041.0}}},{"type":"Feature","geometry":{"type":"MultiPolygon","coordinates":[[[[-73.80586,40.68291],[-73.79898,40.68486],[-73.79995,40.68683],[-73.79561,40.68866],[-73.79391,40.6863],[-73.78078,40.69103],[-73.77977,40.68928],[-73.77789,40.68992],[-73.7757,40.68761],[-73.76974,40.68379],[-73.77232,40.68149],[-73.77771,40.67941],[-73.7833,40.67568],[-73.78575,40.67238],[-73.78809,40.67301],[-73.78941,40.66684],[-73.7992,40.66652],[-73.80163,40.66676],[-73.80149,40.67354],[-73.80586,40.68291]]]]},"properties":{"shape_area":"47948908.2572","ntaname":"Baisley Park","cdtaname":"QN12 Jamaica-St. Albans-Hollis (CD 12 Approximation)","shape_leng":"32461.2902092","boroname":"Queens","ntatype":"0","nta2020":"QN1203","borocode":"4","countyfips":"081","ntaabbrev":"BslyPk","cdta2020":"QN12","atlas_id":"QN1203","scalars":{"population":44511.0,"housing_units":13577.0,"jobs":3491.0}}},{"type":"Feature","geometry":{"type":"MultiPolygon","coordinates":[[[[-73.78941,40.66684],[-73.78809,40.67301],[-73.78575,40.67238],[-73.7833,40.67568],[-73.77771,40.67941],[-73.77232,40.68149],[-73.76974,40.68379],[-73.76161,40.67973],[-73.76368,40.67475],[-73.76249,40.67419],[-73.76031,40.67511],[-73.7585,40.67265],[-73.75636,40.67243],[-73.75644,40.66967],[-73.75763,40.66645],[-73.77342,40.66803],[-73.78941,40.66684]]]]},"properties":{"shape_area":"34464288.0673","ntaname":"Springfield Gardens (North)-Rochdale Village","cdtaname":"QN12 Jamaica-St. Albans-Hollis (CD 12 Approximation)","shape_leng":"27779.4054352","boroname":"Queens","ntatype":"0","nta2020":"QN1204","borocode":"4","countyfips":"081","ntaabbrev":"SpfGrdns_N","cdta2020":"QN12","atlas_id":"QN1204","scalars":{"population":31849.0,"housing_units":12786.0,"jobs":5289.0}}},{"type":"Feature","geometry":{"type":"MultiPolygon","coordinates":[[[[-73.78277,40.696],[-73.77231,40.70057],[-73.77559,40.70533],[-73.77549,40.70625],[-73.77431,40.70739],[-73.76845,40.70964],[-73.76734,40.70664],[-73.7623,40.70795],[-73.76176,40.70661],[-73.76213,40.7055],[-73.76096,40.70291],[-73.75047,40.70564],[-73.74618,40.69612],[-73.74359,40.69622],[-73.74468,40.69341],[-73.75002,40.68589],[-73.75576,40.67589],[-73.75692,40.67653],[-73.76249,40.67419],[-73.76368,40.67475],[-73.76349,40.676],[-73.76161,40.67973],[-73.76858,40.68314],[-73.7757,40.68761],[-73.78277,40.696]]]]},"properties":{"shape_area":"74276849.8028","ntaname":"St. Albans","cdtaname":"QN12 Jamaica-St. Albans-Hollis (CD 12 Approximation)","shape_leng":"41392.5382758","boroname":"Queens","ntatype":"0","nta2020":"QN1205","borocode":"4","countyfips":"081","ntaabbrev":"StAlbns","cdta2020":"QN12","atlas_id":"QN1205","scalars":{"population":55619.0,"housing_units":16808.0,"jobs":4779.0}}},{"type":"Feature","geometry":{"type":"MultiPolygon","coordinates":[[[[-73.77712,40.71426],[-73.76733,40.71729],[-73.75944,40.72106],[-73.75371,40.71332],[-73.75047,40.70564],[-73.76096,40.70291],[-73.76213,40.7055],[-73.76176,40.70661],[-73.7623,40.70795],[-73.76734,40.70664],[-73.76826,40.70953],[-73.77172,40.71032],[-73.77314,40.70992],[-73.7745,40.71195],[-73.77537,40.71168],[-73.77712,40.71426]]]]},"properties":{"shape_area":"24469175.1264","ntaname":"Hollis","cdtaname":"QN12 Jamaica-St. Albans-Hollis (CD 12 Approximation)","shape_leng":"22923.759064","boroname":"Queens","ntatype":"0","nta2020":"QN1206","borocode":"4","countyfips":"081","ntaabbrev":"Hlls","cdta2020":"QN12","atlas_id":"QN1206","scalars":{"population":23229.0,"housing_units":7293.0,"jobs":2180.0}}},{"type":"Feature","geometry":{"type":"MultiPolygon","coordinates":[[[[-73.72865,40.74807],[-73.72736,40.75084],[-73.72329,40.75378],[-73.71985,40.75814],[-73.71699,40.75943],[-73.71333,40.75973],[-73.70163,40.75249],[-73.70002,40.73924],[-73.70766,40.72783],[-73.7105,40.72723],[-73.71148,40.7325],[-73.71545,40.73922],[-73.7201,40.74978],[-73.72259,40.74885],[-73.7234,40.75039],[-73.72627,40.74931],[-73.72768,40.74964],[-73.72829,40.74746],[-73.72865,40.74807]]]]},"properties":{"shape_area":"45421116.0417","ntaname":"Glen Oaks-Floral Park-New Hyde Park","cdtaname":"QN13 Queens Village-Bellerose-Rosedale (CD 13 Approximation)","shape_leng":"33404.1390593","boroname":"Queens","ntatype":"0","nta2020":"QN1301","borocode":"4","countyfips":"081","ntaabbrev":"GlnOks","cdta2020":"QN13","atlas_id":"QN1301","scalars":{"population":25349.0,"housing_units":10016.0,"jobs":15345.0}}},{"type":"Feature","geometry":{"type":"MultiPolygon","coordinates":[[[[-73.74674,40.73258],[-73.74242,40.73608],[-73.73901,40.73986],[-73.73223,40.74372],[-73.72865,40.74807],[-73.72829,40.74746],[-73.72768,40.74964],[-73.72627,40.74931],[-73.7234,40.75039],[-73.72259,40.74885],[-73.7201,40.74978],[-73.71545,40.73922],[-73.71148,40.7325],[-73.7105,40.72723],[-73.71693,40.72639],[-73.72816,40.72308],[-73.72836,40.72361],[-73.72991,40.72327],[-73.73147,40.72741],[-73.74556,40.73064],[-73.74674,40.73258]]]]},"properties":{"shape_area":"55322161.2801","ntaname":"Bellerose","cdtaname":"QN13 Queens Village-Bellerose-Rosedale (CD 13 Approximation)","shape_leng":"32397.5769591","boroname":"Queens","ntatype":"0","nta2020":"QN1302","borocode":"4","countyfips":"081","ntaabbrev":"Bllrs","cdta2020":"QN13","atlas_id":"QN1302","scalars":{"population":28325.0,"housing_units":8834.0,"jobs":6165.0}}},{"type":"Feature","geometry":{"type":"MultiPolygon","coordinates":[[[[-73.75944,40.72106],[-73.75497,40.72416],[-73.75688,40.72628],[-73.75085,40.72906],[-73.74674,40.73258],[-73.74556,40.73064],[-73.73147,40.72741],[-73.72991,40.72327],[-73.72836,40.72361],[-73.72816,40.72308],[-73.73033,40.72216],[-73.72697,40.71071],[-73.72678,40.70306],[-73.73426,40.70322],[-73.7343,40.70248],[-73.74078,40.70268],[-73.7405,40.70343],[-73.74149,40.70343],[-73.74591,40.70229],[-73.745,40.70026],[-73.74773,40.69955],[-73.75371,40.71332],[-73.75944,40.72106]]]]},"properties":{"shape_area":"69655554.1611","ntaname":"Queens Village","cdtaname":"QN13 Queens Village-Bellerose-Rosedale (CD 13 Approximation)","shape_leng":"37292.3108773","boroname":"Queens","ntatype":"0","nta2020":"QN1303","borocode":"4","countyfips":"081","ntaabbrev":"QnsVlg","cdta2020":"QN13","atlas_id":"QN1303","scalars":{"population":59042.0,"housing_units":17624.0,"jobs":7649.0}}},{"type":"Feature","geometry":{"type":"MultiPolygon","coordinates":[[[[-73.74773,40.69955],[-73.745,40.70026],[-73.74591,40.70229],[-73.74149,40.70343],[-73.7405,40.70343],[-73.74078,40.70268],[-73.7343,40.70248],[-73.73426,40.70322],[-73.72678,40.70306],[-73.72586,40.68324],[-73.74747,40.68932],[-73.74468,40.69341],[-73.74359,40.69622],[-73.74618,40.69612],[-73.74773,40.69955]]]]},"properties":{"shape_area":"33073252.7017","ntaname":"Cambria Heights","cdtaname":"QN13 Queens Village-Bellerose-Rosedale (CD 13 Approximation)","shape_leng":"26160.9866802","boroname":"Queens","ntatype":"0","nta2020":"QN1304","borocode":"4","countyfips":"081","ntaabbrev":"CmbriaHts","cdta2020":"QN13","atlas_id":"QN1304","scalars":{"population":21653.0,"housing_units":6699.0,"jobs":1549.0}}},{"type":"Feature","geometry":{"type":"MultiPolygon","coordinates":[[[[-73.76031,40.67511],[-73.75692,40.67653],[-73.75576,40.67589],[-73.75002,40.68589],[-73.74095,40.68329],[-73.74046,40.68419],[-73.73581,40.68245],[-73.73395,40.68526],[-73.73453,40.68577],[-73.72718,40.6836],[-73.72852,40.68121],[-73.73513,40.67394],[-73.73678,40.67077],[-73.74118,40.6664],[-73.75763,40.66645],[-73.75644,40.66967],[-73.75636,40.67243],[-73.7585,40.67265],[-73.76031,40.67511]]]]},"properties":{"shape_area":"39840609.1876","ntaname":"Laurelton","cdtaname":"QN13 Queens Village-Bellerose-Rosedale (CD 13 Approximation)","shape_leng":"30011.2806173","boroname":"Queens","ntatype":"0","nta2020":"QN1305","borocode":"4","countyfips":"081","ntaabbrev":"Lrltn","cdta2020":"QN13","atlas_id":"QN1305","scalars":{"population":28918.0,"housing_units":9176.0,"jobs":3647.0}}},{"type":"Feature","geometry":{"type":"MultiPolygon","coordinates":[[[[-73.80215,40.66525],[-73.80163,40.66676],[-73.78941,40.66684],[-73.77342,40.66803],[-73.75763,40.66645],[-73.73849,40.66642],[-73.74496,40.65817],[-73.74487,40.65614],[-73.74329,40.65613],[-73.74333,40.65254],[-73.74655,40.65256],[-73.74587,40.65044],[-73.74644,40.64805],[-73.74608,40.64557],[-73.74712,40.64437],[-73.76976,40.65748],[-73.77933,40.66184],[-73.78751,40.66383],[-73.80215,40.66525]]]]},"properties":{"shape_area":"57436453.1907","ntaname":"Springfield Gardens (South)-Brookville","cdtaname":"QN13 Queens Village-Bellerose-Rosedale (CD 13 Approximation)","shape_leng":"46029.1325731","boroname":"Queens","ntatype":"0","nta2020":"QN1306","borocode":"4","countyfips":"081","ntaabbrev":"SpfGrdns_S","cdta2020":"QN13","atlas_id":"QN1306","scalars":{"population":23707.0,"housing_units":6453.0,"jobs":8316.0}}},{"type":"Feature","geometry":{"type":"MultiPolygon","coordinates":[[[[-73.75205,40.64665],[-73.75157,40.64726],[-73.74712,40.64437],[-73.74617,40.64486],[-73.74644,40.64805],[-73.74587,40.65044],[-73.74655,40.65256],[-73.74333,40.65254],[-73.74329,40.65613],[-73.74487,40.65614],[-73.74496,40.65817],[-73.73849,40.66642],[-73.74118,40.6664],[-73.73678,40.67077],[-73.73513,40.67394],[-73.72852,40.68121],[-73.72718,40.6836],[-73.72586,40.68324],[-73.72563,40.67959],[-73.72756,40.67416],[-73.72824,40.66802],[-73.72781,40.66322],[-73.72833,40.66304],[-73.72557,40.65673],[-73.72498,40.65425],[-73.72523,40.652],[-73.73051,40.65031],[-73.73514,40.64973],[-73.74144,40.64689],[-73.74205,40.64147],[-73.74142,40.6405],[-73.74227,40.64012],[-73.73947,40.63571],[-73.73996,40.63514],[-73.74254,40.63517],[-73.74096,40.6373],[-73.74188,40.63812],[-73.74397,40.63788],[-73.74373,40.63902],[-73.7448,40.63708],[-73.74626,40.63644],[-73.7468,40.6368],[-73.7453,40.63833],[-73.747,40.63689],[-73.74617,40.64038],[-73.74677,40.64234],[-73.74878,40.64512],[-73.74945,40.64493],[-73.75205,40.64665]]]]},"properties":{"shape_area":"47235421.8665","ntaname":"Rosedale","cdtaname":"QN13 Queens Village-Bellerose-Rosedale (CD 13 Approximation)","shape_leng":"55266.0269836","boroname":"Queens","ntatype":"0","nta2020":"QN1307","borocode":"4","countyfips":"081","ntaabbrev":"Rsdl","cdta2020":"QN13","atlas_id":"QN1307","scalars":{"population":27169.0,"housing_units":8403.0,"jobs":2918.0}}},{"type":"Feature","geometry":{"type":"MultiPolygon","coordinates":[[[[-73.75002,40.68589],[-73.74747,40.68932],[-73.73395,40.68526],[-73.73581,40.68245],[-73.74046,40.68419],[-73.74095,40.68329],[-73.75002,40.68589]]]]},"properties":{"shape_area":"5322023.20304","ntaname":"Montefiore Cemetery","cdtaname":"QN13 Queens Village-Bellerose-Rosedale (CD 13 Approximation)","shape_leng":"11843.0837057","boroname":"Queens","ntatype":"7","nta2020":"QN1371","borocode":"4","countyfips":"081","ntaabbrev":"MntfrCem","cdta2020":"QN13","atlas_id":"QN1371","scalars":{"population":0.0,"housing_units":0.0,"jobs":22.0}}},{"type":"Feature","geometry":{"type":"MultiPolygon","coordinates":[[[[-73.77417,40.61182],[-73.77339,40.61368],[-73.76649,40.61424],[-73.76508,40.61363],[-73.76507,40.61204],[-73.7623,40.61136],[-73.76172,40.61185],[-73.76024,40.61082],[-73.76155,40.60903],[-73.75998,40.61088],[-73.75949,40.61082],[-73.75972,40.61015],[-73.7556,40.61008],[-73.75587,40.61039],[-73.755,40.61013],[-73.74799,40.61231],[-73.74686,40.61157],[-73.74576,40.61199],[-73.7434,40.60747],[-73.7384,40.60312],[-73.73854,40.59726],[-73.73986,40.5971],[-73.74012,40.5962],[-73.74063,40.597],[-73.74183,40.59668],[-73.73993,40.59606],[-73.7397,40.59695],[-73.73838,40.59712],[-73.73799,40.59456],[-73.74223,40.59491],[-73.74666,40.5943],[-73.75175,40.59128],[-73.75345,40.59096],[-73.76134,40.59173],[-73.76964,40.59077],[-73.77023,40.59397],[-73.7727,40.59312],[-73.77281,40.59407],[-73.77367,40.59389],[-73.77388,40.59577],[-73.77066,40.596],[-73.7711,40.5983],[-73.76794,40.59812],[-73.7709,40.59884],[-73.77116,40.59939],[-73.77019,40.60275],[-73.77057,40.60484],[-73.76894,40.60921],[-73.77221,40.6115],[-73.7734,40.61109],[-73.77297,40.61015],[-73.77417,40.61182]]]]},"properties":{"shape_area":"60474867.0782","ntaname":"Far Rockaway-Bayswater","cdtaname":"QN14 The Rockaways (CD 14 Approximation)","shape_leng":"48622.4860573","boroname":"Queens","ntatype":"0","nta2020":"QN1401","borocode":"4","countyfips":"081","ntaabbrev":"FrRckwy","cdta2020":"QN14","atlas_id":"QN1401","scalars":{"population":65068.0,"housing_units":20464.0,"jobs":10949.0}}},{"type":"Feature","geometry":{"type":"MultiPolygon","coordinates":[[[[-73.82525,40.5869],[-73.82294,40.58749],[-73.82146,40.58677],[-73.81742,40.58892],[-73.81764,40.58929],[-73.81363,40.59079],[-73.81359,40.5917],[-73.81323,40.59107],[-73.8117,40.59159],[-73.81149,40.5929],[-73.81133,40.59174],[-73.81082,40.59208],[-73.81139,40.59244],[-73.81107,40.59302],[-73.81136,40.59246],[-73.81081,40.59209],[-73.8099,40.59227],[-73.80962,40.59358],[-73.80603,40.59201],[-73.80579,40.59076],[-73.80582,40.59189],[-73.80432,40.59131],[-73.80419,40.59187],[-73.80805,40.59365],[-73.80711,40.59529],[-73.80605,40.59556],[-73.80411,40.59432],[-73.80381,40.59289],[-73.80244,40.59264],[-73.80251,40.59395],[-73.80318,40.59395],[-73.80257,40.59427],[-73.80329,40.59428],[-73.80235,40.5945],[-73.80391,40.595],[-73.80331,40.59518],[-73.80471,40.59639],[-73.80511,40.59715],[-73.80468,40.5977],[-73.80092,40.59939],[-73.79233,40.59997],[-73.78727,40.60324],[-73.78617,40.60305],[-73.79033,40.5992],[-73.79124,40.59679],[-73.79065,40.59478],[-73.79081,40.59609],[-73.79038,40.59475],[-73.79018,40.59607],[-73.78985,40.59472],[-73.79,40.59621],[-73.78967,40.59486],[-73.78916,40.59608],[-73.78824,40.59611],[-73.78837,40.59751],[-73.78209,40.59786],[-73.78195,40.59646],[-73.7798,40.59661],[-73.77967,40.59737],[-73.77742,40.59881],[-73.77602,40.60138],[-73.77497,40.60174],[-73.77372,40.59824],[-73.7711,40.5983],[-73.77066,40.596],[-73.77388,40.59577],[-73.77367,40.59389],[-73.77281,40.59407],[-73.7727,40.59312],[-73.77023,40.59397],[-73.76964,40.59077],[-73.78043,40.5896],[-73.7886,40.58748],[-73.81352,40.58347],[-73.82134,40.58126],[-73.82525,40.5869]]]]},"properties":{"shape_area":"50502113.2539","ntaname":"Rockaway Beach-Arverne-Edgemere","cdtaname":"QN14 The Rockaways (CD 14 Approximation)","shape_leng":"67307.1100702","boroname":"Queens","ntatype":"0","nta2020":"QN1402","borocode":"4","countyfips":"081","ntaabbrev":"RckwyBch","cdta2020":"QN14","atlas_id":"QN1402","scalars":{"population":44546.0,"housing_units":16414.0,"jobs":4084.0}}},{"type":"Feature","geometry":{"type":"MultiPolygon","coordinates":[[[[-73.93222,40.55768],[-73.92616,40.56155],[-73.91766,40.56283],[-73.91188,40.56499],[-73.91216,40.56584],[-73.91174,40.56587],[-73.91186,40.565],[-73.91004,40.56479],[-73.90972,40.56529],[-73.90976,40.56428],[-73.90792,40.56415],[-73.90799,40.56344],[-73.90653,40.56275],[-73.90287,40.56351],[-73.90171,40.56274],[-73.89613,40.56536],[-73.89534,40.56633],[-73.89567,40.56704],[-73.89261,40.56859],[-73.88911,40.56792],[-73.88431,40.5687],[-73.88489,40.56847],[-73.8843,40.56844],[-73.88446,40.56789],[-73.88379,40.56812],[-73.88402,40.5685],[-73.88358,40.56821],[-73.8839,40.56891],[-73.88276,40.56757],[-73.90333,40.56185],[-73.9101,40.56077],[-73.90989,40.55667],[-73.92099,40.55628],[-73.92207,40.55515],[-73.9291,40.55309],[-73.93119,40.55702],[-73.93167,40.55685],[-73.93222,40.55768]]],[[[-73.86668,40.57299],[-73.86361,40.57382],[-73.86397,40.57503],[-73.86288,40.57606],[-73.85306,40.58126],[-73.85044,40.58213],[-73.84521,40.58158],[-73.83935,40.58186],[-73.83855,40.58279],[-73.83584,40.58288],[-73.82852,40.58485],[-73.82798,40.58609],[-73.82525,40.5869],[-73.82134,40.58126],[-73.83387,40.57765],[-73.86255,40.56681],[-73.86668,40.57299]]],[[[-73.83485,40.59554],[-73.83239,40.5978],[-73.83063,40.59743],[-73.82948,40.59813],[-73.82806,40.59768],[-73.82601,40.59947],[-73.82474,40.59813],[-73.82377,40.60004],[-73.82147,40.59999],[-73.82444,40.60034],[-73.82445,40.6008],[-73.82294,40.60258],[-73.82247,40.60552],[-73.8229,40.60585],[-73.82126,40.607],[-73.81962,40.61048],[-73.82088,40.61226],[-73.82128,40.6111],[-73.82049,40.61022],[-73.82161,40.60848],[-73.82186,40.60987],[-73.82289,40.61034],[-73.8241,40.61233],[-73.82076,40.61523],[-73.8175,40.61421],[-73.81653,40.61495],[-73.81623,40.61423],[-73.81408,40.61456],[-73.8155,40.61404],[-73.81487,40.61311],[-73.81616,40.61294],[-73.8154,40.61038],[-73.8145,40.61106],[-73.81521,40.60982],[-73.81506,40.60732],[-73.81643,40.60522],[-73.81739,40.60516],[-73.81849,40.59939],[-73.82109,40.5948],[-73.82548,40.59508],[-73.83322,40.59422],[-73.83485,40.59554]]]]},"properties":{"shape_area":"69232782.4534","ntaname":"Breezy Point-Belle Harbor-Rockaway Park-Broad Channel","cdtaname":"QN14 The Rockaways (CD 14 Approximation)","shape_leng":"104333.596537","boroname":"Queens","ntatype":"0","nta2020":"QN1403","borocode":"4","countyfips":"081","ntaabbrev":"BrzyPt","cdta2020":"QN14","atlas_id":"QN1403","scalars":{"population":26170.0,"housing_units":12000.0,"jobs":590.0}}},{"type":"Feature","geometry":{"type":"MultiPolygon","coordinates":[[[[-73.77464,40.60084],[-73.77476,40.60083],[-73.77476,40.60085],[-73.77464,40.60085],[-73.77464,40.60084]]],[[[-73.7746,40.601],[-73.7746,40.60098],[-73.77448,40.60099],[-73.77448,40.60097],[-73.77453,40.60097],[-73.77452,40.60095],[-73.7746,40.60095],[-73.7746,40.60093],[-73.77462,40.60093],[-73.77462,40.60096],[-73.77475,40.60095],[-73.77474,40.60096],[-73.77462,40.60097],[-73.77462,40.601],[-73.7746,40.601]]],[[[-73.78927,40.59645],[-73.78907,40.59802],[-73.78352,40.60254],[-73.78313,40.60381],[-73.78393,40.60493],[-73.78041,40.60843],[-73.77728,40.60985],[-73.77526,40.60972],[-73.77422,40.60889],[-73.77481,40.60841],[-73.77423,40.6077],[-73.77462,40.60742],[-73.77601,40.60919],[-73.77455,40.60712],[-73.77519,40.60452],[-73.77469,40.60431],[-73.7759,40.60345],[-73.77605,40.60274],[-73.77561,40.60291],[-73.77836,40.60085],[-73.77816,40.6004],[-73.78011,40.60073],[-73.78197,40.59903],[-73.78133,40.59775],[-73.78016,40.59688],[-73.77975,40.59727],[-73.77968,40.59669],[-73.78195,40.59646],[-73.78209,40.59786],[-73.78837,40.59751],[-73.78824,40.59611],[-73.78927,40.59645]]]]},"properties":{"shape_area":"8929707.5229","ntaname":"Rockaway Community Park","cdtaname":"QN14 The Rockaways (CD 14 Approximation)","shape_leng":"21696.3677108","boroname":"Queens","ntatype":"9","nta2020":"QN1491","borocode":"4","countyfips":"081","ntaabbrev":"RckwyCPk","cdta2020":"QN14","atlas_id":"QN1491","scalars":{"population":0.0,"housing_units":0.0}}},{"type":"Feature","geometry":{"type":"MultiPolygon","coordinates":[[[[-73.87287,40.78598],[-73.87283,40.78595],[-73.87282,40.78596],[-73.87277,40.78594],[-73.87281,40.7859],[-73.87285,40.78593],[-73.87284,40.78594],[-73.87288,40.78596],[-73.87287,40.78598]]],[[[-73.88945,40.77353],[-73.88563,40.77444],[-73.88578,40.77402],[-73.88392,40.77413],[-73.88484,40.77495],[-73.88429,40.77548],[-73.88543,40.77964],[-73.88488,40.77999],[-73.87871,40.78059],[-73.87931,40.78185],[-73.87886,40.7824],[-73.8797,40.78288],[-73.87883,40.78243],[-73.87834,40.78303],[-73.87516,40.78151],[-73.87125,40.78604],[-73.86978,40.78534],[-73.86923,40.78597],[-73.86987,40.78509],[-73.86944,40.78364],[-73.8685,40.78366],[-73.86942,40.78359],[-73.87232,40.7811],[-73.87022,40.78125],[-73.87256,40.78082],[-73.85505,40.77192],[-73.85646,40.77027],[-73.85788,40.77066],[-73.85804,40.7702],[-73.85625,40.76889],[-73.85705,40.76914],[-73.85938,40.76708],[-73.86269,40.76688],[-73.86043,40.76387],[-73.86094,40.76373],[-73.86598,40.76886],[-73.86957,40.77109],[-73.87206,40.77177],[-73.87754,40.77125],[-73.88773,40.76691],[-73.88874,40.76892],[-73.88945,40.77353]]]]},"properties":{"shape_area":"30591950.7586","ntaname":"LaGuardia Airport","cdtaname":"QN80 LaGuardia Airport (JIA 80 Approximation)","shape_leng":"45928.7995297","boroname":"Queens","ntatype":"8","nta2020":"QN8081","borocode":"4","countyfips":"081","ntaabbrev":"LGA","cdta2020":"QN80","atlas_id":"QN8081","scalars":{"population":0.0,"housing_units":0.0}}},{"type":"Feature","geometry":{"type":"MultiPolygon","coordinates":[[[[-73.86094,40.76373],[-73.86043,40.76387],[-73.85892,40.76212],[-73.85865,40.76251],[-73.85862,40.76194],[-73.85765,40.76308],[-73.8585,40.76338],[-73.85764,40.7631],[-73.85696,40.76407],[-73.85758,40.76307],[-73.85659,40.76272],[-73.8576,40.76305],[-73.85818,40.7624],[-73.85661,40.76165],[-73.85819,40.76237],[-73.85859,40.76192],[-73.85159,40.75936],[-73.8493,40.76024],[-73.84987,40.7611],[-73.85207,40.76039],[-73.84981,40.76127],[-73.84869,40.76014],[-73.84671,40.76135],[-73.84324,40.75534],[-73.83862,40.75704],[-73.83792,40.75454],[-73.83559,40.75138],[-73.8323,40.75194],[-73.83309,40.74799],[-73.83463,40.74688],[-73.8361,40.74243],[-73.83707,40.74186],[-73.8354,40.73691],[-73.83605,40.73427],[-73.83073,40.72655],[-73.82731,40.72465],[-73.82557,40.71972],[-73.8254,40.71741],[-73.8193,40.71714],[-73.82012,40.71651],[-73.8234,40.71655],[-73.83146,40.71455],[-73.82983,40.71557],[-73.83488,40.7193],[-73.83985,40.72818],[-73.84419,40.73264],[-73.84689,40.73867],[-73.84809,40.74003],[-73.85012,40.74072],[-73.85443,40.74885],[-73.85086,40.75],[-73.85407,40.75766],[-73.85577,40.75954],[-73.85976,40.76184],[-73.86094,40.76373]]]]},"properties":{"shape_area":"55207873.0558","ntaname":"Flushing Meadows-Corona Park","cdtaname":"QN81 Flushing Meadows-Corona Park (JIA 81 Approximation)","shape_leng":"61510.7659461","boroname":"Queens","ntatype":"9","nta2020":"QN8191","borocode":"4","countyfips":"081","ntaabbrev":"FlshMdwCPk","cdta2020":"QN81","atlas_id":"QN8191","scalars":{"population":0.0,"housing_units":0.0,"jobs":3434.0}}},{"type":"Feature","geometry":{"type":"MultiPolygon","coordinates":[[[[-73.87067,40.69784],[-73.86931,40.69936],[-73.86916,40.70289],[-73.86295,40.70341],[-73.85808,40.7029],[-73.85893,40.70132],[-73.85728,40.70121],[-73.8553,40.70199],[-73.85529,40.7026],[-73.85252,40.70229],[-73.85471,40.70521],[-73.85472,40.70677],[-73.84933,40.70839],[-73.84567,40.70841],[-73.84315,40.70922],[-73.83715,40.70796],[-73.83814,40.70618],[-73.83696,40.70421],[-73.84502,40.69936],[-73.84914,40.69828],[-73.85071,40.7002],[-73.85412,40.70077],[-73.85457,40.70059],[-73.85275,40.69756],[-73.86841,40.69473],[-73.87067,40.69784]]]]},"properties":{"shape_area":"24009736.3935","ntaname":"Forest Park","cdtaname":"QN82 Forest Park (JIA 82 Approximation)","shape_leng":"29485.1239276","boroname":"Queens","ntatype":"9","nta2020":"QN8291","borocode":"4","countyfips":"081","ntaabbrev":"FrstPk","cdta2020":"QN82","atlas_id":"QN8291","scalars":{"population":0.0,"housing_units":0.0,"jobs":69.0}}},{"type":"Feature","geometry":{"type":"MultiPolygon","coordinates":[[[[-73.74699,40.63715],[-73.747,40.63713],[-73.74701,40.63713],[-73.74704,40.63713],[-73.74707,40.63714],[-73.74712,40.63715],[-73.74714,40.63706],[-73.74716,40.63706],[-73.74715,40.63713],[-73.74713,40.63722],[-73.7471,40.63721],[-73.74712,40.63716],[-73.74707,40.63715],[-73.74706,40.63716],[-73.74703,40.63716],[-73.74701,40.63715],[-73.74699,40.63715]]],[[[-73.74694,40.63753],[-73.74705,40.63755],[-73.74704,40.63757],[-73.74694,40.63755],[-73.74694,40.63753]]],[[[-73.83271,40.66541],[-73.82687,40.6637],[-73.82296,40.66386],[-73.81381,40.66279],[-73.80614,40.66491],[-73.79982,40.66526],[-73.78503,40.66342],[-73.77933,40.66184],[-73.77383,40.65965],[-73.75157,40.64726],[-73.75205,40.64665],[-73.75428,40.64789],[-73.75493,40.64757],[-73.74874,40.64337],[-73.74777,40.64209],[-73.74748,40.63969],[-73.74845,40.63564],[-73.76311,40.62965],[-73.76502,40.62941],[-73.7665,40.62825],[-73.76828,40.62534],[-73.76867,40.62272],[-73.76972,40.62177],[-73.77019,40.61979],[-73.77165,40.62042],[-73.77081,40.62295],[-73.77173,40.62359],[-73.77518,40.61926],[-73.77174,40.62361],[-73.77654,40.62765],[-73.77947,40.62732],[-73.78419,40.62089],[-73.78956,40.62279],[-73.78363,40.62814],[-73.78349,40.63017],[-73.78435,40.63137],[-73.78691,40.63226],[-73.78943,40.63426],[-73.7908,40.63385],[-73.79079,40.63428],[-73.79812,40.63104],[-73.79081,40.63431],[-73.79222,40.63589],[-73.79924,40.63842],[-73.81203,40.6443],[-73.8183,40.64627],[-73.82194,40.64981],[-73.82347,40.65531],[-73.82175,40.66012],[-73.8187,40.66111],[-73.81309,40.66019],[-73.8113,40.66063],[-73.81867,40.66213],[-73.82332,40.66021],[-73.82493,40.65544],[-73.82291,40.64809],[-73.82614,40.65008],[-73.82639,40.64832],[-73.8286,40.6572],[-73.83271,40.66541]]]]},"properties":{"shape_area":"197189855.852","ntaname":"John F. Kennedy International Airport","cdtaname":"QN83 JFK International Airport (JIA 83 Approximation)","shape_leng":"107123.911719","boroname":"Queens","ntatype":"8","nta2020":"QN8381","borocode":"4","countyfips":"081","ntaabbrev":"JFK","cdta2020":"QN83","atlas_id":"QN8381","scalars":{"population":0.0,"housing_units":0.0}}},{"type":"Feature","geometry":{"type":"MultiPolygon","coordinates":[[[[-73.82769,40.59055],[-73.82705,40.59098],[-73.82729,40.59148],[-73.82548,40.59197],[-73.82633,40.59146],[-73.82685,40.58996],[-73.82737,40.58976],[-73.82769,40.59055]]],[[[-73.8435,40.59508],[-73.84057,40.5973],[-73.83746,40.59686],[-73.83476,40.59394],[-73.83193,40.59345],[-73.83117,40.59149],[-73.83357,40.58904],[-73.83688,40.58952],[-73.8388,40.5912],[-73.8384,40.59039],[-73.84238,40.59248],[-73.84336,40.59347],[-73.8435,40.59508]]],[[[-73.82293,40.60006],[-73.82294,40.60004],[-73.82298,40.60004],[-73.823,40.59993],[-73.82303,40.59993],[-73.823,40.60005],[-73.82304,40.60005],[-73.82304,40.60007],[-73.82293,40.60006]]],[[[-73.82312,40.60008],[-73.82312,40.60006],[-73.82313,40.60006],[-73.82313,40.60004],[-73.82315,40.60004],[-73.82315,40.59998],[-73.82317,40.59998],[-73.82317,40.60005],[-73.82317,40.60006],[-73.82318,40.60006],[-73.82318,40.60008],[-73.82312,40.60008]]],[[[-73.81502,40.60255],[-73.81429,40.60446],[-73.81017,40.6028],[-73.81029,40.59899],[-73.81158,40.59814],[-73.81222,40.59855],[-73.81502,40.60255]]],[[[-73.80032,40.60706],[-73.80024,40.60706],[-73.80016,40.60706],[-73.80009,40.60706],[-73.80003,40.60703],[-73.80002,40.60702],[-73.79999,40.60697],[-73.79995,40.607],[-73.7999,40.60701],[-73.79985,40.60699],[-73.79982,40.60697],[-73.79977,40.60691],[-73.79975,40.60688],[-73.79972,40.60692],[-73.79963,40.6069],[-73.79954,40.60688],[-73.79949,40.60686],[-73.79938,40.60684],[-73.79928,40.60684],[-73.79922,40.60682],[-73.79916,40.60683],[-73.79905,40.60683],[-73.79898,40.60683],[-73.79891,40.60683],[-73.79883,40.60684],[-73.79873,40.60683],[-73.79863,40.60683],[-73.79852,40.60682],[-73.79848,40.60679],[-73.7984,40.60678],[-73.79833,40.60677],[-73.79834,40.60674],[-73.79837,40.6067],[-73.79836,40.60666],[-73.79832,40.60666],[-73.79828,40.60671],[-73.79818,40.60674],[-73.79806,40.60671],[-73.79801,40.60667],[-73.79795,40.60662],[-73.79793,40.60658],[-73.79794,40.60656],[-73.79797,40.60654],[-73.79799,40.60652],[-73.79802,40.60649],[-73.79802,40.60646],[-73.79803,40.60643],[-73.79803,40.60639],[-73.79805,40.60635],[-73.79808,40.60631],[-73.79811,40.60627],[-73.79815,40.60623],[-73.79823,40.60619],[-73.79823,40.60616],[-73.79824,40.60614],[-73.79829,40.60611],[-73.79834,40.60607],[-73.79838,40.60604],[-73.79841,40.60601],[-73.7984,40.60597],[-73.7984,40.60593],[-73.79839,40.60588],[-73.79839,40.60585],[-73.79839,40.60582],[-73.79838,40.60578],[-73.79835,40.60574],[-73.79833,40.60571],[-73.79832,40.60567],[-73.7983,40.60564],[-73.79828,40.6056],[-73.79827,40.60556],[-73.79824,40.60554],[-73.79824,40.60552],[-73.79825,40.6055],[-73.79827,40.60549],[-73.7983,40.6055],[-73.79834,40.60552],[-73.79839,40.60554],[-73.79844,40.60558],[-73.79848,40.60561],[-73.79853,40.60563],[-73.79858,40.60566],[-73.79861,40.60569],[-73.79868,40.6057],[-73.79872,40.6057],[-73.79878,40.60569],[-73.79883,40.60567],[-73.79887,40.60565],[-73.79892,40.60565],[-73.79897,40.60565],[-73.79901,40.60562],[-73.79907,40.6056],[-73.79911,40.60557],[-73.79912,40.60552],[-73.79915,40.60549],[-73.7992,40.60545],[-73.79924,40.60543],[-73.79928,40.60541],[-73.79935,40.6054],[-73.79942,40.60539],[-73.7995,40.60539],[-73.79953,40.60536],[-73.79954,40.60535],[-73.79958,40.60531],[-73.79961,40.60531],[-73.79965,40.60532],[-73.79972,40.60532],[-73.79974,40.60532],[-73.79979,40.6053],[-73.79982,40.6053],[-73.79987,40.60531],[-73.79993,40.60533],[-73.79997,40.60536],[-73.79999,40.60539],[-73.80001,40.60542],[-73.80004,40.60545],[-73.80005,40.60547],[-73.80006,40.60544],[-73.80007,40.6054],[-73.8001,40.60537],[-73.80011,40.60534],[-73.80011,40.60532],[-73.80007,40.60531],[-73.80004,40.60529],[-73.80001,40.60531],[-73.79997,40.60531],[-73.79993,40.60529],[-73.7999,40.60526],[-73.79987,40.60526],[-73.79983,40.60525],[-73.7998,40.60525],[-73.79977,40.60526],[-73.79974,40.60525],[-73.7997,40.60525],[-73.79967,40.60523],[-73.79962,40.60524],[-73.79956,40.60524],[-73.79953,40.60524],[-73.7995,40.60527],[-73.79948,40.6053],[-73.79947,40.60532],[-73.79945,40.60534],[-73.79938,40.60533],[-73.79932,40.60534],[-73.79928,40.60535],[-73.79922,40.60536],[-73.79918,40.60537],[-73.79914,40.60539],[-73.79911,40.60541],[-73.79911,40.60544],[-73.79909,40.60547],[-73.79907,40.60549],[-73.79905,40.60552],[-73.79901,40.60555],[-73.79897,40.60558],[-73.79892,40.60559],[-73.79885,40.60559],[-73.7988,40.6056],[-73.79878,40.60562],[-73.79874,40.60562],[-73.79871,40.60562],[-73.79866,40.60561],[-73.7986,40.60559],[-73.79855,40.60557],[-73.7985,40.60554],[-73.79845,40.60552],[-73.79839,40.60549],[-73.79834,40.60546],[-73.79828,40.60544],[-73.79821,40.60542],[-73.79814,40.60542],[-73.7981,40.60542],[-73.79805,40.60541],[-73.79799,40.60537],[-73.79795,40.60535],[-73.79792,40.60532],[-73.79788,40.60528],[-73.79787,40.60526],[-73.79784,40.60525],[-73.79783,40.60523],[-73.79781,40.6052],[-73.79781,40.60516],[-73.79782,40.60513],[-73.79783,40.60509],[-73.79784,40.60505],[-73.79785,40.60502],[-73.79787,40.60499],[-73.79788,40.60496],[-73.79788,40.60493],[-73.7979,40.60491],[-73.79794,40.60487],[-73.79798,40.60485],[-73.79804,40.60484],[-73.79813,40.60484],[-73.79817,40.60484],[-73.79822,40.60485],[-73.79825,40.60487],[-73.79826,40.60489],[-73.79829,40.6049],[-73.7983,40.60487],[-73.79832,40.60486],[-73.79836,40.60485],[-73.7984,40.60484],[-73.79843,40.60484],[-73.79848,40.60484],[-73.79852,40.60484],[-73.79854,40.60483],[-73.79855,40.60482],[-73.79858,40.6048],[-73.79862,40.60481],[-73.79866,40.60482],[-73.79868,40.60483],[-73.79869,40.60485],[-73.79866,40.60487],[-73.79866,40.6049],[-73.79867,40.60492],[-73.79869,40.60493],[-73.7987,40.60493],[-73.7987,40.60496],[-73.79869,40.60499],[-73.79868,40.605],[-73.7987,40.60501],[-73.79872,40.60501],[-73.79874,40.60499],[-73.79876,40.60499],[-73.79877,40.60502],[-73.7988,40.60501],[-73.79883,40.60499],[-73.79883,40.60497],[-73.79881,40.60495],[-73.79879,40.60493],[-73.79876,40.60491],[-73.79876,40.60488],[-73.7988,40.60487],[-73.79884,40.60486],[-73.79888,40.60486],[-73.79895,40.60484],[-73.799,40.60484],[-73.79905,40.60483],[-73.79909,40.60483],[-73.79911,40.60481],[-73.79913,40.60484],[-73.79914,40.60487],[-73.79916,40.60488],[-73.79918,40.60486],[-73.79921,40.60484],[-73.79926,40.60484],[-73.79931,40.60481],[-73.79933,40.60478],[-73.79932,40.60476],[-73.79935,40.60476],[-73.79938,40.60475],[-73.79944,40.60473],[-73.79949,40.60471],[-73.79953,40.60471],[-73.79954,40.60469],[-73.79957,40.60469],[-73.79959,40.6047],[-73.79962,40.60471],[-73.79964,40.60469],[-73.79967,40.60466],[-73.79971,40.60465],[-73.79975,40.60464],[-73.79981,40.60464],[-73.79986,40.60464],[-73.79989,40.60463],[-73.79994,40.60461],[-73.79999,40.60461],[-73.80002,40.60461],[-73.80006,40.60463],[-73.80006,40.60465],[-73.80009,40.6047],[-73.80011,40.60473],[-73.80014,40.60475],[-73.80014,40.60479],[-73.80015,40.60482],[-73.80021,40.60483],[-73.80027,40.60485],[-73.80033,40.60485],[-73.80037,40.60483],[-73.8004,40.60481],[-73.80041,40.60477],[-73.80046,40.60478],[-73.80049,40.60476],[-73.80043,40.60475],[-73.80039,40.60475],[-73.80036,40.60477],[-73.80033,40.60479],[-73.80029,40.60481],[-73.80024,40.6048],[-73.8002,40.60478],[-73.80018,40.60476],[-73.80017,40.60472],[-73.80015,40.60468],[-73.80014,40.60463],[-73.80015,40.60461],[-73.80012,40.60458],[-73.80005,40.60456],[-73.79997,40.60457],[-73.7999,40.60457],[-73.79985,40.60457],[-73.79977,40.60458],[-73.79967,40.60458],[-73.79962,40.6046],[-73.79958,40.60461],[-73.79953,40.60462],[-73.79947,40.60464],[-73.79941,40.60465],[-73.79938,40.60466],[-73.79932,40.60467],[-73.79927,40.60468],[-73.79923,40.60469],[-73.79918,40.6047],[-73.79911,40.60472],[-73.79905,40.60473],[-73.799,40.60473],[-73.79895,40.60473],[-73.79891,40.60474],[-73.79887,40.60475],[-73.79882,40.60474],[-73.79879,40.60474],[-73.79876,40.60472],[-73.79873,40.60472],[-73.79871,40.6047],[-73.79869,40.60469],[-73.79865,40.60468],[-73.7986,40.60468],[-73.79855,40.60468],[-73.79848,40.60469],[-73.79842,40.60469],[-73.79836,40.60469],[-73.79832,40.60471],[-73.79829,40.60472],[-73.79824,40.60473],[-73.7982,40.60474],[-73.79816,40.60473],[-73.79813,40.60471],[-73.7981,40.6047],[-73.79807,40.6047],[-73.79802,40.6047],[-73.79795,40.60471],[-73.7979,40.60472],[-73.79787,40.60475],[-73.79785,40.60477],[-73.79781,40.60479],[-73.7978,40.60481],[-73.79777,40.60486],[-73.79776,40.60489],[-73.79773,40.60493],[-73.79771,40.605],[-73.79769,40.60504],[-73.79767,40.60508],[-73.79764,40.60515],[-73.79764,40.60521],[-73.79766,40.60526],[-73.79766,40.60531],[-73.79771,40.60536],[-73.79775,40.6054],[-73.79781,40.60542],[-73.79786,40.60544],[-73.79789,40.60547],[-73.79794,40.60549],[-73.79797,40.60551],[-73.79802,40.60554],[-73.79806,40.60555],[-73.79808,40.60557],[-73.79812,40.6056],[-73.79815,40.60563],[-73.79815,40.60566],[-73.79809,40.60566],[-73.79803,40.60564],[-73.79802,40.60566],[-73.79806,40.60569],[-73.79813,40.60572],[-73.79818,40.60576],[-73.79819,40.60579],[-73.7982,40.60584],[-73.79822,40.60587],[-73.79822,40.60591],[-73.79822,40.60594],[-73.79818,40.60596],[-73.79815,40.60599],[-73.79812,40.60601],[-73.79808,40.60604],[-73.79805,40.60607],[-73.79802,40.60609],[-73.79798,40.60611],[-73.79795,40.60614],[-73.7979,40.60616],[-73.7979,40.60619],[-73.79788,40.60622],[-73.79786,40.60624],[-73.79784,40.60627],[-73.7978,40.60631],[-73.79778,40.60632],[-73.79774,40.60633],[-73.79771,40.60635],[-73.79766,40.60636],[-73.7976,40.60635],[-73.79755,40.60632],[-73.79751,40.6063],[-73.79747,40.60626],[-73.79744,40.60623],[-73.7974,40.60619],[-73.79736,40.60616],[-73.79732,40.60614],[-73.7973,40.60613],[-73.79727,40.60608],[-73.79726,40.60606],[-73.79723,40.60607],[-73.7972,40.60607],[-73.79714,40.60605],[-73.79709,40.60603],[-73.79705,40.60602],[-73.79702,40.606],[-73.79698,40.60597],[-73.79695,40.60596],[-73.7969,40.60596],[-73.79685,40.60596],[-73.79679,40.60595],[-73.79678,40.60592],[-73.79673,40.60591],[-73.7967,40.60591],[-73.79665,40.60593],[-73.79662,40.60593],[-73.79658,40.60593],[-73.79654,40.60591],[-73.79652,40.60589],[-73.79649,40.60588],[-73.79646,40.60585],[-73.79637,40.6058],[-73.79635,40.60579],[-73.79633,40.60577],[-73.79633,40.60575],[-73.79633,40.60573],[-73.79633,40.60571],[-73.79633,40.60569],[-73.79631,40.60566],[-73.79631,40.60563],[-73.79633,40.60561],[-73.79634,40.60556],[-73.79635,40.60555],[-73.79637,40.60553],[-73.79639,40.60548],[-73.79641,40.60545],[-73.79641,40.60543],[-73.79642,40.6054],[-73.79643,40.60534],[-73.79643,40.60531],[-73.79644,40.60527],[-73.79644,40.60524],[-73.79647,40.60519],[-73.79649,40.60515],[-73.79651,40.60515],[-73.79655,40.60515],[-73.79658,40.60516],[-73.79661,40.60519],[-73.79663,40.60521],[-73.79666,40.60519],[-73.79669,40.60513],[-73.79669,40.60511],[-73.79666,40.60508],[-73.79664,40.60505],[-73.79662,40.60503],[-73.79659,40.60502],[-73.79657,40.605],[-73.79656,40.60498],[-73.79655,40.60496],[-73.79651,40.60493],[-73.79648,40.60491],[-73.79645,40.60489],[-73.79642,40.60487],[-73.79638,40.60485],[-73.79634,40.60485],[-73.79634,40.60484],[-73.79634,40.60482],[-73.79636,40.60479],[-73.79637,40.60477],[-73.79636,40.60476],[-73.79633,40.60476],[-73.79629,40.60476],[-73.79627,40.60478],[-73.79625,40.6048],[-73.79624,40.6048],[-73.7962,40.6048],[-73.79618,40.60478],[-73.79616,40.60477],[-73.79615,40.60475],[-73.79614,40.60474],[-73.79611,40.60472],[-73.79611,40.60469],[-73.79613,40.60468],[-73.79614,40.60467],[-73.79614,40.60465],[-73.79615,40.60464],[-73.79617,40.60464],[-73.79617,40.60465],[-73.7962,40.60467],[-73.79623,40.60467],[-73.79625,40.60468],[-73.79628,40.60467],[-73.79629,40.60466],[-73.79631,40.60466],[-73.79632,40.60467],[-73.79631,40.60469],[-73.79631,40.60471],[-73.79634,40.60472],[-73.79636,40.60472],[-73.79638,40.60472],[-73.7964,40.60472],[-73.79642,40.6047],[-73.79645,40.60469],[-73.79649,40.60466],[-73.79649,40.60464],[-73.7965,40.60462],[-73.79652,40.6046],[-73.79653,40.60458],[-73.79656,40.60456],[-73.79659,40.60455],[-73.79662,40.60456],[-73.79663,40.60456],[-73.79665,40.60454],[-73.79665,40.60453],[-73.79665,40.60451],[-73.79664,40.6045],[-73.79668,40.60448],[-73.79665,40.60448],[-73.79663,40.60448],[-73.7966,40.60448],[-73.79657,40.60447],[-73.79656,40.60446],[-73.79657,40.60445],[-73.79658,40.60443],[-73.7966,40.60442],[-73.79664,40.60442],[-73.79666,40.60442],[-73.7967,40.60442],[-73.79673,40.60442],[-73.79675,40.6044],[-73.79676,40.60439],[-73.79678,40.60438],[-73.79679,40.60439],[-73.79679,40.60442],[-73.7968,40.60443],[-73.7968,40.60444],[-73.79678,40.60446],[-73.79676,40.60447],[-73.79677,40.60449],[-73.7968,40.6045],[-73.79682,40.60449],[-73.79684,40.60445],[-73.79687,40.60445],[-73.79689,40.60443],[-73.79689,40.60441],[-73.7969,40.60439],[-73.79693,40.60438],[-73.79694,40.60437],[-73.79693,40.60435],[-73.79693,40.60434],[-73.79693,40.60432],[-73.79694,40.60429],[-73.79698,40.6043],[-73.79702,40.60431],[-73.79706,40.60431],[-73.79706,40.60426],[-73.79706,40.60424],[-73.79707,40.60423],[-73.79708,40.60419],[-73.79713,40.60418],[-73.79714,40.60419],[-73.79716,40.6042],[-73.79718,40.60422],[-73.7972,40.60423],[-73.79724,40.60423],[-73.79726,40.60421],[-73.79726,40.60418],[-73.79725,40.60415],[-73.79724,40.60412],[-73.79727,40.60409],[-73.79732,40.60407],[-73.79735,40.60408],[-73.79739,40.60409],[-73.79745,40.60409],[-73.79751,40.6041],[-73.79753,40.60412],[-73.79753,40.60414],[-73.79756,40.60415],[-73.7976,40.60415],[-73.79768,40.60412],[-73.79773,40.60415],[-73.79778,40.60418],[-73.79786,40.60419],[-73.79793,40.60419],[-73.798,40.60421],[-73.79811,40.60416],[-73.79815,40.60416],[-73.79818,40.60414],[-73.79823,40.60415],[-73.79828,40.60415],[-73.79834,40.60417],[-73.79837,40.60416],[-73.79842,40.60414],[-73.79847,40.60414],[-73.79852,40.60414],[-73.79857,40.60416],[-73.79861,40.60419],[-73.79867,40.6042],[-73.79875,40.6042],[-73.79882,40.6042],[-73.79888,40.60419],[-73.79891,40.60419],[-73.79891,40.60417],[-73.7989,40.60415],[-73.7989,40.60414],[-73.79889,40.60412],[-73.7989,40.60411],[-73.79893,40.6041],[-73.79897,40.6041],[-73.79899,40.60411],[-73.79902,40.60412],[-73.79903,40.60416],[-73.79904,40.60417],[-73.79909,40.60421],[-73.79913,40.60424],[-73.79917,40.60427],[-73.79923,40.60427],[-73.79926,40.60425],[-73.79929,40.60425],[-73.79933,40.60427],[-73.79937,40.6043],[-73.79945,40.60432],[-73.79949,40.60433],[-73.79959,40.60433],[-73.79965,40.60434],[-73.79972,40.60434],[-73.79976,40.60433],[-73.79982,40.60432],[-73.79987,40.60432],[-73.79992,40.60431],[-73.79997,40.6043],[-73.8,40.60429],[-73.80003,40.60428],[-73.80005,40.60427],[-73.80008,40.60424],[-73.80014,40.60426],[-73.8002,40.60422],[-73.80025,40.60428],[-73.80027,40.60432],[-73.80033,40.60435],[-73.80037,40.60438],[-73.80048,40.60438],[-73.80054,40.60436],[-73.80057,40.60433],[-73.8006,40.60429],[-73.8006,40.60426],[-73.80062,40.60423],[-73.80067,40.60423],[-73.80069,40.60427],[-73.8007,40.6043],[-73.8007,40.60434],[-73.80073,40.60435],[-73.80075,40.60435],[-73.80075,40.60433],[-73.80076,40.60427],[-73.80076,40.60423],[-73.80079,40.60421],[-73.80086,40.60422],[-73.80091,40.60423],[-73.80097,40.60424],[-73.80098,40.60428],[-73.80096,40.60431],[-73.80096,40.60435],[-73.80101,40.60437],[-73.80107,40.60438],[-73.80109,40.60434],[-73.8011,40.6043],[-73.80114,40.60429],[-73.8012,40.60427],[-73.80123,40.6043],[-73.80126,40.60427],[-73.80126,40.60424],[-73.80129,40.60421],[-73.80133,40.60423],[-73.80139,40.60423],[-73.80145,40.60422],[-73.80154,40.60421],[-73.8016,40.60419],[-73.80159,40.60416],[-73.8016,40.60412],[-73.80165,40.60412],[-73.80171,40.60411],[-73.80172,40.60416],[-73.80173,40.6042],[-73.80173,40.60423],[-73.80178,40.60427],[-73.80185,40.60423],[-73.80189,40.60421],[-73.80193,40.60418],[-73.802,40.60417],[-73.80208,40.6042],[-73.80215,40.60422],[-73.8022,40.60424],[-73.80225,40.60424],[-73.80225,40.60427],[-73.80227,40.60432],[-73.80226,40.60437],[-73.80229,40.60439],[-73.80231,40.60441],[-73.80232,40.60439],[-73.80233,40.60434],[-73.80236,40.60427],[-73.80242,40.60422],[-73.80248,40.60425],[-73.80253,40.60428],[-73.80254,40.60433],[-73.80258,40.60434],[-73.80266,40.60437],[-73.80269,40.60441],[-73.80271,40.60447],[-73.80272,40.60451],[-73.80276,40.60449],[-73.80278,40.60445],[-73.80282,40.60445],[-73.8029,40.60446],[-73.803,40.60447],[-73.80309,40.60448],[-73.80316,40.60448],[-73.80318,40.60452],[-73.80319,40.60456],[-73.80322,40.60457],[-73.80324,40.60451],[-73.80326,40.60445],[-73.80333,40.6044],[-73.80337,40.60437],[-73.80338,40.60435],[-73.80338,40.6043],[-73.80347,40.60428],[-73.80359,40.60428],[-73.80366,40.6043],[-73.80373,40.6043],[-73.80377,40.60433],[-73.80381,40.60436],[-73.8038,40.60442],[-73.80376,40.60446],[-73.80373,40.60451],[-73.80371,40.60457],[-73.80369,40.60462],[-73.80363,40.60462],[-73.80361,40.60466],[-73.80357,40.60469],[-73.80353,40.60467],[-73.8035,40.6047],[-73.80346,40.60472],[-73.80343,40.6047],[-73.80343,40.60465],[-73.8034,40.60465],[-73.80338,40.6047],[-73.8034,40.60474],[-73.80341,40.60479],[-73.80344,40.60483],[-73.80351,40.60489],[-73.80359,40.60493],[-73.80366,40.60495],[-73.80369,40.60499],[-73.80372,40.60503],[-73.80373,40.60508],[-73.80377,40.60515],[-73.80378,40.60519],[-73.80373,40.60524],[-73.8037,40.60529],[-73.80368,40.60532],[-73.80365,40.60537],[-73.80367,40.60544],[-73.80374,40.60549],[-73.80388,40.60556],[-73.80394,40.60559],[-73.80394,40.60564],[-73.80384,40.60567],[-73.80378,40.60571],[-73.80375,40.60576],[-73.80373,40.60577],[-73.8036,40.60583],[-73.80347,40.60585],[-73.80339,40.60587],[-73.80336,40.60591],[-73.80333,40.60601],[-73.80334,40.60608],[-73.80334,40.60614],[-73.80331,40.60619],[-73.80325,40.60622],[-73.80323,40.60626],[-73.80319,40.60632],[-73.80314,40.60637],[-73.80307,40.60639],[-73.80282,40.60642],[-73.80272,40.60644],[-73.80265,40.60647],[-73.80256,40.60649],[-73.80248,40.60649],[-73.80236,40.60648],[-73.80226,40.60647],[-73.80217,40.60647],[-73.80201,40.60644],[-73.80192,40.60641],[-73.80182,40.60642],[-73.80173,40.60645],[-73.80169,40.60652],[-73.80162,40.60658],[-73.80155,40.60668],[-73.80147,40.60675],[-73.80138,40.60679],[-73.80127,40.60684],[-73.80117,40.60691],[-73.80107,40.60697],[-73.80095,40.60703],[-73.80087,40.60707],[-73.80077,40.60708],[-73.80069,40.60703],[-73.8007,40.60697],[-73.80065,40.60694],[-73.80058,40.60691],[-73.80058,40.60684],[-73.80066,40.60678],[-73.80078,40.60677],[-73.80091,40.60674],[-73.80097,40.60671],[-73.80097,40.60665],[-73.801,40.60659],[-73.80097,40.60652],[-73.80088,40.60649],[-73.8008,40.6065],[-73.80069,40.60645],[-73.80066,40.60639],[-73.80064,40.60633],[-73.8007,40.60632],[-73.80075,40.60637],[-73.80078,40.60641],[-73.80086,40.60644],[-73.80095,40.60644],[-73.80103,40.60648],[-73.80108,40.60646],[-73.80107,40.60641],[-73.80103,40.60637],[-73.80096,40.60635],[-73.80094,40.6063],[-73.80092,40.60632],[-73.80093,40.60638],[-73.80087,40.6064],[-73.80083,40.60637],[-73.80081,40.60631],[-73.80077,40.60625],[-73.8007,40.60624],[-73.80064,40.60629],[-73.8006,40.60633],[-73.80049,40.60634],[-73.80047,40.6063],[-73.80043,40.60628],[-73.80034,40.60628],[-73.80028,40.6063],[-73.8003,40.60634],[-73.80037,40.60633],[-73.80041,40.60636],[-73.80045,40.60639],[-73.80053,40.60642],[-73.80057,40.60645],[-73.80064,40.60651],[-73.80069,40.60655],[-73.80075,40.60657],[-73.80083,40.60661],[-73.80085,40.60664],[-73.80079,40.60666],[-73.80067,40.60667],[-73.80057,40.60669],[-73.80052,40.60675],[-73.80048,40.60679],[-73.80044,40.60685],[-73.80046,40.6069],[-73.80048,40.60695],[-73.80049,40.607],[-73.80051,40.60706],[-73.80053,40.60709],[-73.80041,40.60707],[-73.80032,40.60706]]],[[[-73.82953,40.60724],[-73.82958,40.60724],[-73.82961,40.60726],[-73.8296,40.60733],[-73.82957,40.60734],[-73.82952,40.60734],[-73.82952,40.60732],[-73.82952,40.60726],[-73.82953,40.60724]]],[[[-73.80401,40.60613],[-73.80131,40.60855],[-73.79747,40.60901],[-73.79609,40.60838],[-73.7965,40.60723],[-73.79582,40.60813],[-73.79527,40.60622],[-73.79593,40.60526],[-73.7957,40.60646],[-73.80053,40.60723],[-73.80401,40.60613]]],[[[-73.8294,40.60655],[-73.82904,40.60736],[-73.82708,40.60833],[-73.82754,40.60948],[-73.82635,40.60929],[-73.82574,40.60791],[-73.82679,40.6079],[-73.82566,40.60778],[-73.82456,40.60486],[-73.82878,40.6056],[-73.8294,40.60655]]],[[[-73.83574,40.60576],[-73.83423,40.60805],[-73.8324,40.60949],[-73.82989,40.6076],[-73.82988,40.60632],[-73.83112,40.60525],[-73.83438,40.60515],[-73.83574,40.60576]]],[[[-73.77088,40.61586],[-73.76855,40.62056],[-73.76746,40.62051],[-73.76671,40.61491],[-73.77088,40.61586]]],[[[-73.81252,40.6202],[-73.81256,40.62016],[-73.8126,40.62023],[-73.81262,40.62025],[-73.81266,40.62034],[-73.81269,40.62046],[-73.81268,40.62057],[-73.81265,40.62063],[-73.81261,40.62065],[-73.8126,40.62064],[-73.81259,40.62062],[-73.8126,40.62057],[-73.81255,40.62052],[-73.81253,40.62048],[-73.81252,40.62045],[-73.81252,40.62042],[-73.81252,40.62039],[-73.81252,40.62036],[-73.81255,40.62029],[-73.81254,40.62027],[-73.81253,40.62025],[-73.81252,40.62022],[-73.81252,40.6202]]],[[[-73.8008,40.61193],[-73.79932,40.61336],[-73.79969,40.61378],[-73.79903,40.61557],[-73.79726,40.61669],[-73.797,40.61838],[-73.79636,40.61845],[-73.79523,40.62161],[-73.79448,40.62177],[-73.79423,40.62267],[-73.79143,40.62228],[-73.78956,40.62279],[-73.78419,40.62089],[-73.78522,40.62006],[-73.78446,40.61703],[-73.78323,40.61558],[-73.78072,40.61421],[-73.78355,40.61192],[-73.78473,40.61202],[-73.78578,40.61099],[-73.78866,40.61009],[-73.78902,40.60922],[-73.7914,40.60761],[-73.79117,40.60847],[-73.79365,40.60899],[-73.79481,40.61038],[-73.79899,40.61148],[-73.79917,40.61203],[-73.8008,40.61193]]],[[[-73.83368,40.62138],[-73.83268,40.62389],[-73.83356,40.62394],[-73.83202,40.62468],[-73.83242,40.62292],[-73.83368,40.62138]]],[[[-73.77349,40.62511],[-73.77349,40.62509],[-73.77381,40.62493],[-73.77383,40.62494],[-73.77349,40.62511]]],[[[-73.81448,40.62543],[-73.81249,40.62654],[-73.81199,40.62603],[-73.81244,40.6244],[-73.81168,40.62365],[-73.81252,40.62354],[-73.81301,40.62226],[-73.81303,40.62386],[-73.81448,40.62543]]],[[[-73.80641,40.62111],[-73.80641,40.62234],[-73.80542,40.62379],[-73.79906,40.62658],[-73.79759,40.6261],[-73.79898,40.62534],[-73.79787,40.62437],[-73.79876,40.62508],[-73.80037,40.62411],[-73.79923,40.62419],[-73.79866,40.6236],[-73.80004,40.61973],[-73.8009,40.61957],[-73.80206,40.62079],[-73.80131,40.61854],[-73.80347,40.6144],[-73.80362,40.61602],[-73.80641,40.62111]]],[[[-73.81645,40.62984],[-73.81597,40.63038],[-73.81467,40.62999],[-73.81467,40.6275],[-73.81645,40.62984]]],[[[-73.8362,40.63203],[-73.83506,40.63173],[-73.83589,40.63133],[-73.8362,40.63203]]],[[[-73.82338,40.63899],[-73.82277,40.63558],[-73.82265,40.63537],[-73.82254,40.63516],[-73.82243,40.63495],[-73.82234,40.63473],[-73.82225,40.63451],[-73.82217,40.63429],[-73.8221,40.63407],[-73.82204,40.63385],[-73.82198,40.63363],[-73.82194,40.6334],[-73.8219,40.63318],[-73.82187,40.63295],[-73.82185,40.63272],[-73.82184,40.6325],[-73.82184,40.63227],[-73.82185,40.63204],[-73.82108,40.62973],[-73.82085,40.62938],[-73.82067,40.62891],[-73.82035,40.62842],[-73.82023,40.62824],[-73.82017,40.62803],[-73.8201,40.62782],[-73.81994,40.62768],[-73.8197,40.62759],[-73.81826,40.627],[-73.81824,40.62639],[-73.81789,40.62591],[-73.81726,40.62539],[-73.81623,40.62469],[-73.81618,40.62441],[-73.81667,40.62401],[-73.81675,40.62395],[-73.81795,40.62409],[-73.81864,40.62337],[-73.81866,40.62288],[-73.81755,40.62209],[-73.81758,40.62176],[-73.81672,40.62157],[-73.81662,40.62197],[-73.81621,40.62209],[-73.81539,40.6215],[-73.81531,40.62069],[-73.81543,40.62012],[-73.81639,40.61962],[-73.81682,40.61946],[-73.81718,40.61927],[-73.81744,40.61891],[-73.81745,40.61811],[-73.81765,40.61761],[-73.81777,40.6175],[-73.81776,40.61731],[-73.8176,40.61698],[-73.81752,40.6164],[-73.81717,40.61584],[-73.81712,40.61528],[-73.81653,40.61495],[-73.8175,40.61421],[-73.82017,40.61518],[-73.82076,40.61523],[-73.82142,40.61505],[-73.82157,40.61491],[-73.82164,40.61487],[-73.8217,40.61482],[-73.82176,40.61476],[-73.82235,40.61426],[-73.824,40.61252],[-73.8241,40.61233],[-73.82445,40.61234],[-73.82458,40.6124],[-73.82467,40.61242],[-73.82474,40.61255],[-73.82461,40.61291],[-73.82469,40.61308],[-73.82491,40.61327],[-73.82521,40.61349],[-73.82526,40.61376],[-73.8254,40.61388],[-73.82556,40.61413],[-73.82575,40.61419],[-73.82594,40.61416],[-73.82609,40.61408],[-73.8262,40.614],[-73.8262,40.61389],[-73.82635,40.61379],[-73.82663,40.61375],[-73.82673,40.61366],[-73.82704,40.6134],[-73.82715,40.61338],[-73.82726,40.61338],[-73.82737,40.61342],[-73.82747,40.61355],[-73.82748,40.61356],[-73.82758,40.61367],[-73.82767,40.61362],[-73.82773,40.6136],[-73.82788,40.6137],[-73.8277,40.61388],[-73.82758,40.61394],[-73.82732,40.614],[-73.82724,40.61407],[-73.8275,40.6142],[-73.82774,40.61423],[-73.82808,40.61421],[-73.82846,40.61422],[-73.829,40.61436],[-73.82933,40.61452],[-73.82964,40.61465],[-73.8301,40.61481],[-73.83055,40.61493],[-73.83092,40.61501],[-73.83148,40.61501],[-73.8317,40.61496],[-73.83203,40.6149],[-73.83246,40.61471],[-73.83331,40.61449],[-73.83402,40.61438],[-73.83395,40.61576],[-73.83381,40.61877],[-73.8337,40.62098],[-73.83361,40.62104],[-73.83359,40.62107],[-73.83355,40.6211],[-73.83351,40.6211],[-73.83346,40.62112],[-73.83342,40.62114],[-73.83339,40.62116],[-73.83334,40.62118],[-73.83327,40.6212],[-73.8332,40.62122],[-73.83316,40.62123],[-73.83311,40.62123],[-73.83305,40.62126],[-73.833,40.6213],[-73.83296,40.62135],[-73.83287,40.62139],[-73.83283,40.62143],[-73.8328,40.62145],[-73.83277,40.62148],[-73.83277,40.62153],[-73.83273,40.62157],[-73.83267,40.62161],[-73.83265,40.62165],[-73.83262,40.62167],[-73.83259,40.6217],[-73.83255,40.62175],[-73.83251,40.62176],[-73.83249,40.62175],[-73.83245,40.62175],[-73.83238,40.62176],[-73.83233,40.62175],[-73.8323,40.62174],[-73.83225,40.62174],[-73.83217,40.62176],[-73.83213,40.62178],[-73.8321,40.62181],[-73.83207,40.62181],[-73.83203,40.62181],[-73.83196,40.62183],[-73.83191,40.62184],[-73.83184,40.62185],[-73.8318,40.62188],[-73.83176,40.6219],[-73.83172,40.62193],[-73.83169,40.62194],[-73.83166,40.62196],[-73.83164,40.62199],[-73.83163,40.622],[-73.83161,40.62202],[-73.83159,40.62203],[-73.83161,40.62205],[-73.83164,40.62205],[-73.83168,40.62206],[-73.83173,40.62205],[-73.83178,40.62205],[-73.83183,40.62202],[-73.83188,40.62201],[-73.83192,40.62198],[-73.83198,40.62196],[-73.83201,40.62195],[-73.83203,40.62194],[-73.83206,40.62192],[-73.83209,40.62191],[-73.83214,40.6219],[-73.83218,40.62189],[-73.83221,40.62188],[-73.83225,40.62187],[-73.83231,40.62187],[-73.83236,40.62189],[-73.8324,40.6219],[-73.83245,40.62192],[-73.83248,40.62191],[-73.83252,40.6219],[-73.83257,40.6219],[-73.83257,40.62188],[-73.8326,40.62186],[-73.83264,40.62186],[-73.83268,40.62186],[-73.83271,40.6219],[-73.83272,40.62194],[-73.83272,40.62198],[-73.83274,40.62201],[-73.83276,40.62206],[-73.83282,40.62209],[-73.83287,40.62213],[-73.83288,40.62215],[-73.83289,40.62219],[-73.83289,40.62223],[-73.83288,40.62226],[-73.83287,40.6223],[-73.83285,40.62233],[-73.83282,40.62235],[-73.83279,40.62236],[-73.83274,40.62236],[-73.83273,40.62237],[-73.83273,40.62241],[-73.83272,40.62244],[-73.83272,40.62247],[-73.83275,40.62249],[-73.83276,40.62252],[-73.83274,40.62254],[-73.8327,40.62254],[-73.83267,40.62254],[-73.83267,40.62257],[-73.83264,40.62259],[-73.83262,40.62263],[-73.83261,40.62265],[-73.83259,40.62268],[-73.83256,40.62269],[-73.83255,40.62266],[-73.83255,40.62263],[-73.83251,40.62262],[-73.83247,40.62262],[-73.83247,40.62264],[-73.83249,40.62267],[-73.83251,40.6227],[-73.83249,40.62272],[-73.83243,40.62274],[-73.8324,40.62275],[-73.83236,40.62275],[-73.83232,40.62276],[-73.83229,40.62276],[-73.83226,40.62275],[-73.8322,40.62274],[-73.83211,40.62272],[-73.83204,40.62267],[-73.83196,40.62263],[-73.8319,40.62259],[-73.83181,40.62255],[-73.83175,40.62254],[-73.83168,40.62253],[-73.83164,40.6225],[-73.83157,40.62247],[-73.83152,40.62245],[-73.83146,40.62243],[-73.8314,40.6224],[-73.83136,40.62242],[-73.83134,40.62247],[-73.83129,40.62255],[-73.83125,40.6226],[-73.83117,40.62264],[-73.83111,40.62267],[-73.83109,40.62272],[-73.83108,40.62274],[-73.83108,40.62276],[-73.83102,40.62278],[-73.8309,40.62276],[-73.83082,40.62272],[-73.83068,40.62263],[-73.8306,40.62254],[-73.83056,40.62249],[-73.83052,40.62242],[-73.83052,40.62238],[-73.83052,40.62235],[-73.83047,40.62234],[-73.83039,40.62239],[-73.83042,40.62246],[-73.83038,40.62253],[-73.83029,40.62257],[-73.83023,40.62257],[-73.83021,40.62265],[-73.83022,40.62275],[-73.83021,40.62284],[-73.83021,40.6229],[-73.83016,40.62297],[-73.83011,40.62303],[-73.83007,40.62304],[-73.83007,40.62313],[-73.83008,40.62319],[-73.83016,40.62326],[-73.83023,40.62334],[-73.8302,40.6234],[-73.83014,40.62344],[-73.83009,40.62343],[-73.83006,40.62341],[-73.83004,40.62346],[-73.83005,40.62356],[-73.83004,40.62361],[-73.82999,40.62365],[-73.82996,40.62371],[-73.82993,40.62368],[-73.82992,40.62361],[-73.82995,40.62353],[-73.82993,40.62346],[-73.82987,40.6234],[-73.82985,40.62349],[-73.82986,40.62355],[-73.82981,40.6236],[-73.82979,40.62366],[-73.82974,40.62368],[-73.82968,40.62365],[-73.8297,40.6237],[-73.82959,40.62373],[-73.82952,40.62375],[-73.82948,40.62376],[-73.82943,40.62381],[-73.82943,40.62385],[-73.82943,40.62389],[-73.82934,40.62392],[-73.82932,40.62398],[-73.82929,40.62403],[-73.82926,40.6241],[-73.82925,40.62415],[-73.82919,40.6242],[-73.82919,40.62427],[-73.82926,40.62427],[-73.82931,40.62429],[-73.82936,40.62426],[-73.82936,40.6242],[-73.82944,40.6242],[-73.82951,40.62422],[-73.82958,40.62422],[-73.82966,40.62419],[-73.82972,40.62415],[-73.82979,40.62412],[-73.82982,40.62404],[-73.82984,40.62401],[-73.82987,40.62394],[-73.82991,40.62389],[-73.82997,40.62385],[-73.83005,40.62381],[-73.83008,40.62382],[-73.83011,40.62383],[-73.83011,40.6238],[-73.83013,40.62373],[-73.83013,40.62367],[-73.83015,40.62364],[-73.83017,40.62363],[-73.83019,40.62359],[-73.83019,40.62356],[-73.83019,40.6235],[-73.83022,40.62346],[-73.83025,40.62344],[-73.83028,40.62341],[-73.83032,40.62336],[-73.83032,40.62332],[-73.83032,40.62326],[-73.83035,40.62323],[-73.83037,40.6232],[-73.83039,40.62321],[-73.8304,40.62319],[-73.8304,40.62316],[-73.83044,40.62313],[-73.83044,40.62308],[-73.83043,40.62305],[-73.83043,40.62302],[-73.83046,40.62299],[-73.83049,40.62295],[-73.8305,40.62291],[-73.83052,40.62287],[-73.83052,40.62282],[-73.83048,40.62282],[-73.83044,40.62282],[-73.83039,40.62284],[-73.83033,40.62284],[-73.83033,40.6228],[-73.83033,40.62276],[-73.83036,40.62273],[-73.83037,40.6227],[-73.83039,40.62267],[-73.83041,40.62263],[-73.83048,40.62264],[-73.83053,40.62264],[-73.83057,40.62267],[-73.83062,40.62272],[-73.83069,40.62276],[-73.83075,40.62279],[-73.8308,40.62281],[-73.83086,40.62284],[-73.83088,40.62286],[-73.83087,40.62288],[-73.83083,40.62289],[-73.83083,40.62293],[-73.83087,40.62296],[-73.83088,40.623],[-73.83088,40.62306],[-73.83083,40.62308],[-73.83079,40.6231],[-73.83073,40.62311],[-73.8307,40.62314],[-73.83065,40.62317],[-73.83063,40.62322],[-73.8306,40.62326],[-73.8306,40.6233],[-73.83062,40.62334],[-73.83066,40.62339],[-73.83069,40.62345],[-73.83071,40.62348],[-73.83071,40.62351],[-73.83067,40.62356],[-73.83066,40.6236],[-73.83066,40.62363],[-73.83067,40.62367],[-73.8307,40.6237],[-73.83071,40.62374],[-73.8307,40.62377],[-73.83065,40.62379],[-73.83058,40.62382],[-73.83051,40.62385],[-73.83051,40.62389],[-73.83053,40.62391],[-73.83056,40.62394],[-73.83055,40.62397],[-73.8305,40.624],[-73.83047,40.62404],[-73.83046,40.62407],[-73.83052,40.62404],[-73.83059,40.62402],[-73.8306,40.62397],[-73.83061,40.62392],[-73.83058,40.62389],[-73.83055,40.62386],[-73.83059,40.62385],[-73.83065,40.62385],[-73.8307,40.62383],[-73.83072,40.62378],[-73.83074,40.62373],[-73.83077,40.62368],[-73.83075,40.62364],[-73.83072,40.62361],[-73.8307,40.62359],[-73.83072,40.62353],[-73.83074,40.6235],[-73.83073,40.62344],[-73.8307,40.6234],[-73.83065,40.62333],[-73.83064,40.62329],[-73.83065,40.62326],[-73.83068,40.62322],[-73.83073,40.62317],[-73.83079,40.62315],[-73.83085,40.62315],[-73.83093,40.62315],[-73.83098,40.62314],[-73.83101,40.6231],[-73.83104,40.62305],[-73.83107,40.62299],[-73.8311,40.62293],[-73.83119,40.62289],[-73.83127,40.62288],[-73.83134,40.62288],[-73.83142,40.62288],[-73.83153,40.62288],[-73.83159,40.62291],[-73.83161,40.62295],[-73.83164,40.62297],[-73.83164,40.62301],[-73.83167,40.62304],[-73.83172,40.62306],[-73.83176,40.62305],[-73.8318,40.62308],[-73.83181,40.62312],[-73.83185,40.62317],[-73.83188,40.62319],[-73.83193,40.6232],[-73.83196,40.62316],[-73.83194,40.62312],[-73.83192,40.62308],[-73.83188,40.62309],[-73.83182,40.62305],[-73.83179,40.62301],[-73.83175,40.623],[-73.8317,40.62297],[-73.83167,40.62294],[-73.83171,40.62291],[-73.83174,40.62288],[-73.83181,40.62292],[-73.83189,40.62297],[-73.83195,40.623],[-73.832,40.62304],[-73.83203,40.62306],[-73.83207,40.62308],[-73.8321,40.62311],[-73.83213,40.62318],[-73.83215,40.62323],[-73.83216,40.62331],[-73.832,40.62348],[-73.83194,40.62354],[-73.83187,40.62366],[-73.83184,40.62371],[-73.83177,40.62378],[-73.83166,40.62387],[-73.83159,40.624],[-73.83155,40.6241],[-73.83143,40.62416],[-73.83131,40.62425],[-73.83118,40.62434],[-73.83112,40.62441],[-73.83106,40.62448],[-73.83097,40.62458],[-73.83096,40.62467],[-73.8309,40.62475],[-73.83091,40.6248],[-73.83092,40.62483],[-73.83098,40.62489],[-73.83115,40.62491],[-73.83124,40.62494],[-73.83134,40.62501],[-73.83128,40.6251],[-73.83117,40.62521],[-73.83108,40.62519],[-73.83102,40.62519],[-73.83093,40.62521],[-73.83084,40.62526],[-73.83077,40.6253],[-73.83076,40.62536],[-73.83077,40.62544],[-73.83083,40.62546],[-73.83089,40.62546],[-73.83093,40.62548],[-73.83095,40.62553],[-73.83093,40.62559],[-73.83089,40.62564],[-73.83086,40.62569],[-73.8308,40.62573],[-73.83073,40.62579],[-73.83068,40.62581],[-73.83065,40.6259],[-73.83064,40.62596],[-73.83063,40.62602],[-73.83063,40.62618],[-73.83065,40.62628],[-73.83068,40.62639],[-73.83074,40.6265],[-73.83075,40.62658],[-73.83075,40.62667],[-73.83077,40.62675],[-73.83082,40.62681],[-73.83092,40.62686],[-73.83103,40.62689],[-73.83112,40.62692],[-73.83119,40.62692],[-73.83127,40.62695],[-73.83135,40.62699],[-73.83142,40.62702],[-73.83154,40.62708],[-73.83161,40.6271],[-73.83167,40.62713],[-73.83177,40.62711],[-73.83189,40.62706],[-73.83202,40.62705],[-73.8321,40.62701],[-73.83218,40.62697],[-73.83226,40.62699],[-73.8323,40.62708],[-73.83231,40.62719],[-73.8323,40.62729],[-73.83223,40.62729],[-73.83219,40.62733],[-73.83219,40.62737],[-73.83224,40.62743],[-73.8323,40.62745],[-73.83238,40.62743],[-73.83241,40.62747],[-73.83246,40.62752],[-73.83247,40.62758],[-73.83246,40.62765],[-73.83242,40.62771],[-73.83241,40.62778],[-73.8324,40.62786],[-73.83237,40.62792],[-73.83233,40.62801],[-73.8323,40.62807],[-73.83229,40.62813],[-73.83222,40.62817],[-73.83213,40.62814],[-73.83205,40.6281],[-73.83194,40.6281],[-73.83185,40.62812],[-73.83178,40.62817],[-73.8317,40.62825],[-73.83168,40.62829],[-73.83166,40.62834],[-73.83159,40.62839],[-73.83158,40.62843],[-73.83157,40.62848],[-73.83156,40.62854],[-73.83157,40.62861],[-73.8316,40.62868],[-73.83162,40.62875],[-73.83167,40.62879],[-73.83171,40.62883],[-73.83177,40.62887],[-73.83188,40.62888],[-73.83179,40.62883],[-73.83178,40.62877],[-73.83173,40.62872],[-73.83172,40.62868],[-73.8317,40.6286],[-73.83163,40.62852],[-73.83165,40.62845],[-73.83168,40.62837],[-73.83176,40.62836],[-73.83185,40.62835],[-73.83186,40.6283],[-73.83181,40.62824],[-73.83189,40.62818],[-73.83199,40.62816],[-73.83208,40.62821],[-73.83211,40.62828],[-73.83214,40.62831],[-73.83216,40.62825],[-73.83227,40.62825],[-73.83236,40.62827],[-73.83246,40.62827],[-73.83254,40.62827],[-73.83263,40.62827],[-73.83261,40.62821],[-73.83262,40.62816],[-73.83267,40.62815],[-73.83271,40.6282],[-73.83278,40.62818],[-73.83281,40.62813],[-73.83288,40.62803],[-73.83292,40.62798],[-73.83301,40.62792],[-73.83306,40.62794],[-73.83305,40.62801],[-73.83304,40.62809],[-73.83303,40.62816],[-73.83302,40.6282],[-73.83304,40.62826],[-73.83287,40.62841],[-73.83287,40.62849],[-73.83288,40.62859],[-73.83289,40.62866],[-73.8329,40.6289],[-73.83269,40.62901],[-73.83266,40.62902],[-73.83236,40.62914],[-73.83219,40.62938],[-73.83196,40.62965],[-73.83189,40.63003],[-73.83183,40.63032],[-73.8319,40.63057],[-73.83171,40.63126],[-73.83166,40.63143],[-73.83161,40.63159],[-73.83154,40.63175],[-73.83147,40.63191],[-73.83139,40.63207],[-73.8313,40.63222],[-73.8312,40.63237],[-73.83117,40.63247],[-73.83115,40.63256],[-73.83114,40.63265],[-73.83114,40.63275],[-73.83115,40.63284],[-73.83116,40.63294],[-73.83118,40.63303],[-73.83121,40.63312],[-73.83125,40.63321],[-73.83129,40.63342],[-73.83133,40.63362],[-73.83155,40.63384],[-73.83168,40.63398],[-73.83194,40.63424],[-73.83191,40.63458],[-73.83191,40.63464],[-73.83196,40.63498],[-73.83212,40.63513],[-73.83231,40.6353],[-73.83249,40.63558],[-73.83246,40.63579],[-73.83264,40.63633],[-73.83291,40.63693],[-73.83309,40.63744],[-73.83341,40.6385],[-73.83295,40.63882],[-73.8329,40.63886],[-73.83281,40.63888],[-73.83222,40.63893],[-73.82938,40.63707],[-73.82867,40.63661],[-73.82809,40.63588],[-73.82706,40.63581],[-73.82665,40.63581],[-73.82651,40.63578],[-73.82636,40.63576],[-73.82621,40.63575],[-73.82607,40.63575],[-73.82592,40.63575],[-73.82577,40.63576],[-73.82562,40.63577],[-73.82547,40.6358],[-73.82533,40.63582],[-73.82519,40.63586],[-73.82505,40.63591],[-73.82492,40.63596],[-73.82479,40.63601],[-73.82466,40.63607],[-73.82454,40.63614],[-73.82443,40.63622],[-73.82414,40.63879],[-73.82457,40.63935],[-73.82419,40.63995],[-73.82338,40.63899]]]]},"properties":{"shape_area":"69920673.6052","ntaname":"Jamaica Bay (East)","cdtaname":"QN84 Jamaica Bay (East) (JIA 84 Approximation)","shape_leng":"175420.883968","boroname":"Queens","ntatype":"9","nta2020":"QN8491","borocode":"4","countyfips":"081","ntaabbrev":"JmcaBy_E","cdta2020":"QN84","atlas_id":"QN8491","scalars":{"population":0.0,"housing_units":0.0}}},{"type":"Feature","geometry":{"type":"MultiPolygon","coordinates":[[[[-73.94074,40.54183],[-73.94012,40.55323],[-73.93866,40.55568],[-73.93666,40.55686],[-73.93222,40.55768],[-73.93167,40.55685],[-73.93119,40.55702],[-73.9291,40.55309],[-73.92207,40.55515],[-73.92099,40.55628],[-73.90989,40.55667],[-73.9101,40.56077],[-73.90333,40.56185],[-73.88276,40.56757],[-73.88313,40.56838],[-73.88197,40.56872],[-73.87745,40.56891],[-73.86275,40.57586],[-73.86397,40.57503],[-73.86361,40.57382],[-73.86668,40.57299],[-73.86269,40.5665],[-73.86342,40.56703],[-73.86558,40.56656],[-73.86661,40.56609],[-73.8663,40.56555],[-73.86686,40.56609],[-73.86849,40.56553],[-73.86825,40.56507],[-73.86853,40.56555],[-73.87062,40.56481],[-73.87028,40.56417],[-73.871,40.56474],[-73.87264,40.56408],[-73.8724,40.56357],[-73.87332,40.56403],[-73.89492,40.55708],[-73.89549,40.55742],[-73.89706,40.55666],[-73.89807,40.5571],[-73.90059,40.55642],[-73.90257,40.55676],[-73.90659,40.55571],[-73.94047,40.54286],[-73.94074,40.54183]]]]},"properties":{"shape_area":"52634576.6743","ntaname":"Jacob Riis Park-Fort Tilden-Breezy Point Tip","cdtaname":"QN84 Jamaica Bay (East) (JIA 84 Approximation)","shape_leng":"63381.1042486","boroname":"Queens","ntatype":"9","nta2020":"QN8492","borocode":"4","countyfips":"081","ntaabbrev":"JcbRsPk","cdta2020":"QN84","atlas_id":"QN8492","scalars":{"population":13.0,"housing_units":8.0,"jobs":46.0}}},{"type":"Feature","geometry":{"type":"MultiPolygon","coordinates":[[[[-74.07258,40.63794],[-74.0733,40.6379],[-74.07374,40.63786],[-74.07469,40.63781],[-74.07487,40.63779],[-74.07493,40.63779],[-74.07497,40.63779],[-74.07508,40.63779],[-74.07529,40.63779],[-74.07601,40.63777],[-74.07684,40.63775],[-74.07694,40.63778],[-74.07793,40.6381],[-74.07855,40.63829],[-74.07879,40.63827],[-74.07885,40.63826],[-74.07891,40.63824],[-74.07897,40.63822],[-74.07902,40.63819],[-74.08055,40.63732],[-74.08087,40.63714],[-74.08178,40.63662],[-74.08302,40.63603],[-74.08373,40.63574],[-74.08513,40.63636],[-74.08569,40.63661],[-74.08588,40.63669],[-74.08691,40.63586],[-74.0876,40.63626],[-74.08871,40.63685],[-74.08892,40.63653],[-74.0891,40.63625],[-74.08916,40.63617],[-74.08922,40.63609],[-74.08929,40.63601],[-74.08936,40.63594],[-74.08944,40.63587],[-74.08952,40.6358],[-74.08961,40.63574],[-74.0897,40.63568],[-74.09028,40.6355],[-74.09038,40.63548],[-74.09049,40.63547],[-74.09059,40.63547],[-74.0907,40.63547],[-74.0908,40.63547],[-74.09091,40.63549],[-74.09173,40.63555],[-74.09182,40.63556],[-74.09244,40.6356],[-74.09302,40.63621],[-74.09339,40.6366],[-74.09363,40.63728],[-74.09386,40.63802],[-74.09409,40.63927],[-74.09571,40.6391],[-74.09638,40.63904],[-74.09686,40.63901],[-74.09767,40.63896],[-74.09788,40.64036],[-74.09929,40.6402],[-74.0999,40.64016],[-74.10017,40.64179],[-74.10039,40.64312],[-74.09957,40.64316],[-74.09966,40.64416],[-74.09972,40.64476],[-74.1009,40.64477],[-74.10073,40.64501],[-74.10049,40.64497],[-74.10013,40.64492],[-74.10013,40.64506],[-74.09971,40.64506],[-74.0988,40.64505],[-74.0985,40.64537],[-74.09605,40.64537],[-74.09469,40.64556],[-74.09363,40.64584],[-74.09304,40.64596],[-74.09299,40.64597],[-74.09301,40.64608],[-74.09136,40.6467],[-74.09096,40.64682],[-74.08992,40.64718],[-74.0894,40.64731],[-74.08846,40.64784],[-74.08836,40.64791],[-74.08827,40.64792],[-74.08824,40.6479],[-74.08794,40.64808],[-74.08767,40.64824],[-74.08634,40.6487],[-74.08571,40.64888],[-74.08523,40.64893],[-74.08484,40.64889],[-74.08483,40.64889],[-74.08476,40.64887],[-74.08469,40.64886],[-74.08463,40.64883],[-74.08457,40.64881],[-74.0839,40.64858],[-74.08257,40.64832],[-74.08221,40.64828],[-74.08212,40.64828],[-74.08205,40.64831],[-74.08187,40.64837],[-74.08165,40.64842],[-74.08142,40.6485],[-74.08136,40.64849],[-74.08096,40.64835],[-74.08073,40.64827],[-74.08052,40.64825],[-74.07981,40.64838],[-74.07923,40.64819],[-74.079,40.64814],[-74.07709,40.6472],[-74.07699,40.64721],[-74.07683,40.64708],[-74.07651,40.64697],[-74.07621,40.64672],[-74.07599,40.64655],[-74.07531,40.64591],[-74.07445,40.64507],[-74.07408,40.64508],[-74.07396,40.64519],[-74.07387,40.64515],[-74.07359,40.645],[-74.0735,40.64508],[-74.07376,40.64531],[-74.0738,40.64529],[-74.07383,40.64531],[-74.07378,40.64536],[-74.07383,40.64541],[-74.07386,40.64542],[-74.07382,40.64544],[-74.07334,40.64578],[-74.07325,40.6457],[-74.07349,40.64555],[-74.07342,40.64549],[-74.07369,40.64531],[-74.07346,40.64511],[-74.07333,40.64503],[-74.07335,40.64502],[-74.07324,40.64496],[-74.07306,40.64515],[-74.07303,40.64513],[-74.0732,40.64494],[-74.07301,40.64484],[-74.07306,40.64481],[-74.07341,40.64502],[-74.07343,40.645],[-74.07327,40.64492],[-74.07335,40.64485],[-74.07312,40.64471],[-74.07293,40.64486],[-74.07288,40.64484],[-74.0728,40.64491],[-74.07259,40.64479],[-74.0727,40.64465],[-74.07269,40.64464],[-74.0726,40.64474],[-74.07256,40.64472],[-74.07261,40.64468],[-74.0726,40.64467],[-74.07257,40.64469],[-74.07253,40.64467],[-74.07258,40.64462],[-74.07263,40.64464],[-74.07262,40.64465],[-74.07267,40.64462],[-74.07255,40.64456],[-74.07254,40.64456],[-74.07253,40.64456],[-74.07259,40.64453],[-74.0726,40.64454],[-74.07258,40.64455],[-74.07272,40.64462],[-74.07279,40.64455],[-74.07275,40.64452],[-74.07278,40.64449],[-74.0727,40.64444],[-74.07233,40.6446],[-74.07171,40.64502],[-74.07172,40.64503],[-74.07169,40.64505],[-74.07166,40.64503],[-74.07168,40.645],[-74.07169,40.64501],[-74.07231,40.64458],[-74.07226,40.64455],[-74.07216,40.64458],[-74.07202,40.64441],[-74.07211,40.64436],[-74.0721,40.64434],[-74.07223,40.64429],[-74.07229,40.64427],[-74.07218,40.64411],[-74.07198,40.64418],[-74.07196,40.64417],[-74.07186,40.6442],[-74.07176,40.64401],[-74.07187,40.64397],[-74.07186,40.64396],[-74.07194,40.64393],[-74.07195,40.64394],[-74.07206,40.6439],[-74.072,40.64378],[-74.07191,40.6438],[-74.07179,40.64382],[-74.07177,40.64377],[-74.07165,40.64379],[-74.07159,40.64359],[-74.07163,40.64358],[-74.0716,40.64346],[-74.07136,40.6435],[-74.07134,40.64346],[-74.07149,40.64343],[-74.07147,40.64336],[-74.0715,40.64335],[-74.07148,40.64329],[-74.07144,40.64327],[-74.07142,40.64319],[-74.0713,40.64321],[-74.07131,40.64322],[-74.07114,40.64325],[-74.07113,40.64321],[-74.0715,40.64313],[-74.07148,40.64281],[-74.07165,40.6428],[-74.07165,40.64268],[-74.0717,40.64268],[-74.0717,40.6428],[-74.07218,40.64271],[-74.07211,40.64246],[-74.07037,40.64269],[-74.07033,40.64253],[-74.07324,40.64218],[-74.07314,40.64185],[-74.07025,40.64221],[-74.07019,40.64201],[-74.07309,40.64164],[-74.07289,40.64092],[-74.07196,40.641],[-74.07198,40.64101],[-74.07181,40.64103],[-74.07181,40.64112],[-74.07002,40.64128],[-74.06998,40.64107],[-74.07178,40.64093],[-74.07178,40.64092],[-74.07178,40.64091],[-74.07179,40.6409],[-74.0718,40.6409],[-74.0718,40.64089],[-74.07181,40.64089],[-74.07182,40.64089],[-74.07183,40.64089],[-74.07184,40.64089],[-74.07184,40.6409],[-74.07285,40.6408],[-74.07278,40.64053],[-74.07308,40.64051],[-74.07309,40.63862],[-74.07303,40.63859],[-74.07293,40.63859],[-74.07293,40.63844],[-74.07302,40.63843],[-74.07301,40.63841],[-74.07293,40.63841],[-74.07292,40.63838],[-74.07287,40.63838],[-74.07279,40.63839],[-74.07272,40.63839],[-74.07267,40.63838],[-74.07261,40.63834],[-74.07259,40.6383],[-74.07258,40.63826],[-74.07261,40.63823],[-74.07239,40.63825],[-74.07238,40.63816],[-74.07261,40.63814],[-74.07258,40.63794]]]]},"properties":{"shape_area":"26508980.7371","ntaname":"St. George-New Brighton","cdtaname":"SI01 North Shore (CD 1 Equivalent)","shape_leng":"31945.028276","boroname":"Staten Island","ntatype":"0","nta2020":"SI0101","borocode":"5","countyfips":"085","ntaabbrev":"StGrg","cdta2020":"SI01","atlas_id":"SI0101","scalars":{"population":18063.0,"housing_units":8473.0,"jobs":6181.0}}},{"type":"Feature","geometry":{"type":"MultiPolygon","coordinates":[[[[-74.08785,40.61516],[-74.08622,40.61794],[-74.08496,40.62463],[-74.08405,40.62644],[-74.08299,40.62735],[-74.08084,40.62738],[-74.07972,40.62895],[-74.08173,40.63001],[-74.08141,40.6303],[-74.08575,40.63396],[-74.08444,40.63541],[-74.07885,40.63826],[-74.07684,40.63775],[-74.07258,40.63794],[-74.07353,40.63764],[-74.07337,40.63661],[-74.07209,40.63665],[-74.07336,40.63654],[-74.07298,40.63031],[-74.06802,40.62879],[-74.07291,40.63],[-74.0723,40.62714],[-74.07565,40.62666],[-74.07117,40.6207],[-74.07152,40.61926],[-74.07455,40.61694],[-74.07488,40.61742],[-74.07832,40.61556],[-74.0811,40.61779],[-74.08721,40.61331],[-74.08785,40.61516]]]]},"properties":{"shape_area":"24241444.6575","ntaname":"Tompkinsville-Stapleton-Clifton-Fox Hills","cdtaname":"SI01 North Shore (CD 1 Equivalent)","shape_leng":"31620.254464","boroname":"Staten Island","ntatype":"0","nta2020":"SI0102","borocode":"5","countyfips":"085","ntaabbrev":"Tkvl_Stptn","cdta2020":"SI01","atlas_id":"SI0102","scalars":{"population":16355.0,"housing_units":6817.0,"jobs":4416.0}}},{"type":"Feature","geometry":{"type":"MultiPolygon","coordinates":[[[[-74.09056,40.609],[-74.08721,40.61331],[-74.0811,40.61779],[-74.07832,40.61556],[-74.07488,40.61742],[-74.07455,40.61694],[-74.07183,40.6189],[-74.07117,40.6207],[-74.07565,40.62666],[-74.07288,40.62693],[-74.07226,40.62461],[-74.07003,40.62145],[-74.06649,40.6189],[-74.06596,40.61936],[-74.0662,40.61872],[-74.06545,40.6192],[-74.06642,40.61787],[-74.06426,40.61817],[-74.0651,40.61751],[-74.06391,40.61733],[-74.06433,40.61699],[-74.06144,40.61438],[-74.06034,40.6119],[-74.06,40.61278],[-74.05977,40.61206],[-74.06027,40.61182],[-74.05941,40.61163],[-74.05677,40.6079],[-74.06517,40.60421],[-74.06398,40.60214],[-74.07362,40.60551],[-74.08348,40.60639],[-74.09056,40.609]]]]},"properties":{"shape_area":"35251161.0057","ntaname":"Rosebank-Shore Acres-Park Hill","cdtaname":"SI01 North Shore (CD 1 Equivalent)","shape_leng":"35208.6948449","boroname":"Staten Island","ntatype":"0","nta2020":"SI0103","borocode":"5","countyfips":"085","ntaabbrev":"Rsbnk_PkHl","cdta2020":"SI01","atlas_id":"SI0103","scalars":{"population":24024.0,"housing_units":9886.0,"jobs":2634.0}}},{"type":"Feature","geometry":{"type":"MultiPolygon","coordinates":[[[[-74.12489,40.63173],[-74.11684,40.63267],[-74.1172,40.63457],[-74.12024,40.6343],[-74.12063,40.63657],[-74.11755,40.63695],[-74.11807,40.6413],[-74.12093,40.64091],[-74.11961,40.64138],[-74.11996,40.64221],[-74.11943,40.64142],[-74.1194,40.64238],[-74.1186,40.64156],[-74.11884,40.64254],[-74.1184,40.64153],[-74.1175,40.64158],[-74.11672,40.64203],[-74.11722,40.64303],[-74.11667,40.64211],[-74.11667,40.64319],[-74.11614,40.64222],[-74.11535,40.64247],[-74.1138,40.64361],[-74.11395,40.64414],[-74.11289,40.64453],[-74.11386,40.64408],[-74.11333,40.64372],[-74.11116,40.6451],[-74.11177,40.64471],[-74.10954,40.6455],[-74.10472,40.64556],[-74.1078,40.64523],[-74.10716,40.6442],[-74.10655,40.64424],[-74.10542,40.6389],[-74.09788,40.64036],[-74.09767,40.63896],[-74.09409,40.63927],[-74.09339,40.6366],[-74.09244,40.6356],[-74.0897,40.63568],[-74.08871,40.63685],[-74.08691,40.63586],[-74.08588,40.63669],[-74.08373,40.63574],[-74.08575,40.63396],[-74.08141,40.6303],[-74.08173,40.63001],[-74.07972,40.62895],[-74.08084,40.62738],[-74.08299,40.62735],[-74.08415,40.62627],[-74.08622,40.61794],[-74.08785,40.61524],[-74.08721,40.61331],[-74.09056,40.609],[-74.09434,40.61033],[-74.09766,40.61051],[-74.10561,40.61867],[-74.11094,40.62119],[-74.11326,40.62305],[-74.11807,40.625],[-74.12303,40.62901],[-74.12489,40.63173]]]]},"properties":{"shape_area":"85358864.0628","ntaname":"West New Brighton-Silver Lake-Grymes Hill","cdtaname":"SI01 North Shore (CD 1 Equivalent)","shape_leng":"55177.8673975","boroname":"Staten Island","ntatype":"0","nta2020":"SI0104","borocode":"5","countyfips":"085","ntaabbrev":"WstNwBrgtn","cdta2020":"SI01","atlas_id":"SI0104","scalars":{"population":35577.0,"housing_units":13840.0,"jobs":9281.0}}},{"type":"Feature","geometry":{"type":"MultiPolygon","coordinates":[[[[-74.15368,40.61235],[-74.15209,40.61732],[-74.14789,40.6218],[-74.14611,40.62493],[-74.137,40.62435],[-74.13581,40.62506],[-74.13806,40.62757],[-74.13674,40.62866],[-74.13586,40.62806],[-74.13409,40.62954],[-74.13344,40.62907],[-74.13107,40.63115],[-74.13014,40.62997],[-74.13131,40.62633],[-74.12126,40.62782],[-74.11807,40.625],[-74.11326,40.62305],[-74.11094,40.62119],[-74.10579,40.61881],[-74.09766,40.61051],[-74.10899,40.61012],[-74.11564,40.6111],[-74.12753,40.60865],[-74.14354,40.60768],[-74.14869,40.60883],[-74.15368,40.61235]]]]},"properties":{"shape_area":"76529172.3396","ntaname":"Westerleigh-Castleton Corners","cdtaname":"SI01 North Shore (CD 1 Equivalent)","shape_leng":"42608.1040117","boroname":"Staten Island","ntatype":"0","nta2020":"SI0105","borocode":"5","countyfips":"085","ntaabbrev":"Wstrlgh","cdta2020":"SI01","atlas_id":"SI0105","scalars":{"population":31941.0,"housing_units":11542.0,"jobs":4757.0}}},{"type":"Feature","geometry":{"type":"MultiPolygon","coordinates":[[[[-74.14753,40.62939],[-74.14478,40.63795],[-74.1436,40.63851],[-74.14313,40.63968],[-74.14239,40.63964],[-74.1423,40.64031],[-74.13435,40.64189],[-74.13126,40.6416],[-74.13018,40.64072],[-74.12949,40.64135],[-74.12998,40.64073],[-74.12931,40.64034],[-74.12891,40.64119],[-74.12881,40.64023],[-74.12753,40.64016],[-74.12715,40.63931],[-74.12705,40.64024],[-74.12607,40.64025],[-74.12637,40.64133],[-74.12564,40.64142],[-74.12613,40.64126],[-74.126,40.64023],[-74.12416,40.64013],[-74.1226,40.6406],[-74.12283,40.64129],[-74.12187,40.64158],[-74.12108,40.64161],[-74.12093,40.64091],[-74.11807,40.6413],[-74.11755,40.63695],[-74.12063,40.63657],[-74.12024,40.6343],[-74.1172,40.63457],[-74.11684,40.63267],[-74.12489,40.63173],[-74.12303,40.62901],[-74.12126,40.62782],[-74.13131,40.62633],[-74.13014,40.62997],[-74.13107,40.63115],[-74.13344,40.62907],[-74.13409,40.62954],[-74.13586,40.62806],[-74.13674,40.62866],[-74.13806,40.62757],[-74.13581,40.62506],[-74.13806,40.62422],[-74.14611,40.62493],[-74.14544,40.62789],[-74.14594,40.62783],[-74.14622,40.62911],[-74.14753,40.62939]]]]},"properties":{"shape_area":"36236920.9342","ntaname":"Port Richmond","cdtaname":"SI01 North Shore (CD 1 Equivalent)","shape_leng":"39708.1608207","boroname":"Staten Island","ntatype":"0","nta2020":"SI0106","borocode":"5","countyfips":"085","ntaabbrev":"PrtRchmnd","cdta2020":"SI01","atlas_id":"SI0106","scalars":{"population":19701.0,"housing_units":7130.0,"jobs":6070.0}}},{"type":"Feature","geometry":{"type":"MultiPolygon","coordinates":[[[[-74.16154,40.64397],[-74.1581,40.64376],[-74.15756,40.64324],[-74.15881,40.64176],[-74.15998,40.64145],[-74.16111,40.64184],[-74.16154,40.64397]]],[[[-74.1962,40.63469],[-74.19449,40.63645],[-74.19462,40.63739],[-74.19358,40.63747],[-74.18652,40.64339],[-74.18484,40.64413],[-74.18365,40.64224],[-74.18403,40.6431],[-74.18324,40.64298],[-74.18366,40.64462],[-74.18085,40.64485],[-74.18004,40.64429],[-74.17997,40.64527],[-74.17973,40.64438],[-74.17925,40.64504],[-74.17907,40.64465],[-74.1796,40.64192],[-74.17919,40.64299],[-74.17826,40.64213],[-74.17721,40.64312],[-74.17636,40.64233],[-74.17667,40.64339],[-74.1756,40.64331],[-74.17568,40.64471],[-74.17437,40.64514],[-74.17294,40.6442],[-74.17236,40.64326],[-74.17273,40.64295],[-74.17134,40.64286],[-74.17186,40.64254],[-74.17159,40.64103],[-74.17299,40.64049],[-74.17157,40.64101],[-74.17105,40.64259],[-74.17119,40.64174],[-74.16906,40.64213],[-74.16653,40.64142],[-74.1661,40.64241],[-74.16632,40.64144],[-74.1658,40.64122],[-74.16544,40.64228],[-74.16494,40.64221],[-74.16519,40.64064],[-74.16473,40.64039],[-74.16441,40.6414],[-74.1646,40.64032],[-74.16417,40.63999],[-74.16386,40.64105],[-74.16405,40.63995],[-74.16345,40.63986],[-74.16325,40.64096],[-74.16207,40.64079],[-74.16168,40.64061],[-74.16228,40.63877],[-74.16145,40.63943],[-74.16124,40.6386],[-74.1609,40.63939],[-74.16108,40.63857],[-74.16035,40.63844],[-74.15986,40.63993],[-74.16022,40.63834],[-74.15986,40.63873],[-74.15932,40.63781],[-74.15901,40.63882],[-74.15789,40.63797],[-74.15773,40.63888],[-74.15777,40.63796],[-74.15483,40.63772],[-74.15476,40.6392],[-74.1546,40.63734],[-74.1528,40.63713],[-74.1523,40.63827],[-74.15205,40.63767],[-74.1512,40.63773],[-74.15125,40.63941],[-74.15113,40.6385],[-74.14944,40.6374],[-74.14888,40.63871],[-74.14856,40.63744],[-74.14878,40.63888],[-74.14519,40.63938],[-74.14389,40.63888],[-74.14313,40.63968],[-74.1436,40.63851],[-74.14478,40.63795],[-74.14753,40.62939],[-74.14622,40.62911],[-74.14594,40.62783],[-74.14544,40.62789],[-74.14639,40.6242],[-74.15209,40.61732],[-74.15368,40.61235],[-74.16313,40.61885],[-74.16812,40.62105],[-74.17446,40.62241],[-74.1818,40.62785],[-74.1962,40.63469]]]]},"properties":{"shape_area":"89389405.913","ntaname":"Mariner's Harbor-Arlington-Graniteville","cdtaname":"SI01 North Shore (CD 1 Equivalent)","shape_leng":"71332.7003512","boroname":"Staten Island","ntatype":"0","nta2020":"SI0107","borocode":"5","countyfips":"085","ntaabbrev":"MrnrsHrbr","cdta2020":"SI01","atlas_id":"SI0107","scalars":{"population":33869.0,"housing_units":11652.0}}},{"type":"Feature","geometry":{"type":"MultiPolygon","coordinates":[[[[-74.1078,40.64523],[-74.10412,40.64574],[-74.10013,40.64506],[-74.1009,40.64477],[-74.09972,40.64476],[-74.09957,40.64316],[-74.10039,40.64312],[-74.0999,40.64016],[-74.10542,40.6389],[-74.10655,40.64424],[-74.10716,40.6442],[-74.1078,40.64523]]]]},"properties":{"shape_area":"3768354.87263","ntaname":"Snug Harbor","cdtaname":"SI01 North Shore (CD 1 Equivalent)","shape_leng":"9028.40258177","boroname":"Staten Island","ntatype":"9","nta2020":"SI0191","borocode":"5","countyfips":"085","ntaabbrev":"SngHrbr","cdta2020":"SI01","atlas_id":"SI0191","scalars":{"population":0.0,"housing_units":0.0,"jobs":154.0}}},{"type":"Feature","geometry":{"type":"MultiPolygon","coordinates":[[[[-74.10526,40.58592],[-74.10088,40.59018],[-74.10093,40.59235],[-74.10009,40.59366],[-74.09375,40.59674],[-74.09178,40.59872],[-74.09289,40.60127],[-74.09272,40.60636],[-74.09056,40.609],[-74.08348,40.60639],[-74.07339,40.60545],[-74.06263,40.60156],[-74.06108,40.59982],[-74.06376,40.59893],[-74.05964,40.59371],[-74.06503,40.58899],[-74.06436,40.58827],[-74.06722,40.58673],[-74.07096,40.58318],[-74.07149,40.58217],[-74.07066,40.58163],[-74.07178,40.58188],[-74.07499,40.57924],[-74.07351,40.57819],[-74.07508,40.57916],[-74.0758,40.57831],[-74.07535,40.57789],[-74.0885,40.58479],[-74.08912,40.58414],[-74.09262,40.58594],[-74.09844,40.58124],[-74.10526,40.58592]]]]},"properties":{"shape_area":"80113159.1808","ntaname":"Grasmere-Arrochar-South Beach-Dongan Hills","cdtaname":"SI02 Mid-Island (CD 2 Approximation)","shape_leng":"43110.1442808","boroname":"Staten Island","ntatype":"0","nta2020":"SI0201","borocode":"5","countyfips":"085","ntaabbrev":"Grsmr_SBch","cdta2020":"SI02","atlas_id":"SI0201","scalars":{"population":37485.0,"housing_units":13603.0,"jobs":13008.0}}},{"type":"Feature","geometry":{"type":"MultiPolygon","coordinates":[[[[-74.1249,40.56895],[-74.12145,40.57178],[-74.12154,40.57515],[-74.11911,40.57616],[-74.11712,40.57814],[-74.11555,40.57853],[-74.11307,40.58077],[-74.10925,40.58268],[-74.10526,40.58592],[-74.09844,40.58124],[-74.09262,40.58594],[-74.08912,40.58414],[-74.0885,40.58479],[-74.07602,40.57824],[-74.07926,40.57567],[-74.07868,40.57508],[-74.07934,40.57563],[-74.08018,40.57518],[-74.08469,40.57148],[-74.08813,40.57283],[-74.09277,40.56794],[-74.10471,40.57401],[-74.10604,40.57206],[-74.10874,40.56992],[-74.09407,40.56273],[-74.09542,40.56315],[-74.09612,40.56259],[-74.0982,40.55984],[-74.09785,40.55903],[-74.09876,40.55942],[-74.1001,40.55895],[-74.11376,40.5665],[-74.11636,40.56392],[-74.1249,40.56895]]]]},"properties":{"shape_area":"62179637.0243","ntaname":"New Dorp-Midland Beach","cdtaname":"SI02 Mid-Island (CD 2 Approximation)","shape_leng":"49754.8656472","boroname":"Staten Island","ntatype":"0","nta2020":"SI0202","borocode":"5","countyfips":"085","ntaabbrev":"NwDrp_MBch","cdta2020":"SI02","atlas_id":"SI0202","scalars":{"population":28775.0,"housing_units":10281.0,"jobs":7702.0}}},{"type":"Feature","geometry":{"type":"MultiPolygon","coordinates":[[[[-74.16983,40.56109],[-74.16983,40.57083],[-74.15231,40.58058],[-74.14727,40.58501],[-74.14632,40.58607],[-74.14542,40.59147],[-74.14002,40.5986],[-74.14046,40.60307],[-74.14714,40.60558],[-74.14723,40.60826],[-74.14354,40.60768],[-74.12942,40.60844],[-74.11488,40.61111],[-74.10899,40.61012],[-74.09545,40.6105],[-74.09056,40.609],[-74.09272,40.60636],[-74.09289,40.60127],[-74.09172,40.59922],[-74.09272,40.59746],[-74.10009,40.59366],[-74.10093,40.59235],[-74.10088,40.59018],[-74.10208,40.58874],[-74.10925,40.58268],[-74.11307,40.58077],[-74.11555,40.57853],[-74.11712,40.57814],[-74.11911,40.57616],[-74.12199,40.57511],[-74.12707,40.57641],[-74.12767,40.57524],[-74.13278,40.57348],[-74.14419,40.57204],[-74.14387,40.57061],[-74.14439,40.56971],[-74.1479,40.57089],[-74.15466,40.56551],[-74.15726,40.56255],[-74.16494,40.56011],[-74.16983,40.56109]]]]},"properties":{"shape_area":"186311257.774","ntaname":"Todt Hill-Emerson Hill-Lighthouse Hill-Manor Heights","cdtaname":"SI02 Mid-Island (CD 2 Approximation)","shape_leng":"71383.0338012","boroname":"Staten Island","ntatype":"0","nta2020":"SI0203","borocode":"5","countyfips":"085","ntaabbrev":"TdtHl","cdta2020":"SI02","atlas_id":"SI0203","scalars":{"population":32814.0,"housing_units":11552.0,"jobs":5102.0}}},{"type":"Feature","geometry":{"type":"MultiPolygon","coordinates":[[[[-74.20603,40.57976],[-74.2044,40.58371],[-74.20458,40.58822],[-74.20412,40.58888],[-74.20471,40.58877],[-74.20465,40.58929],[-74.20386,40.59025],[-74.20389,40.58979],[-74.20201,40.5909],[-74.20305,40.59114],[-74.20203,40.591],[-74.20184,40.59164],[-74.20232,40.59152],[-74.19974,40.59356],[-74.19751,40.5968],[-74.19731,40.59806],[-74.19876,40.60171],[-74.20222,40.60597],[-74.20282,40.60827],[-74.20244,40.61328],[-74.20045,40.61633],[-74.20091,40.61784],[-74.20035,40.61834],[-74.20107,40.62038],[-74.20043,40.6205],[-74.20144,40.62162],[-74.20163,40.62306],[-74.20108,40.62408],[-74.20142,40.62607],[-74.20099,40.62934],[-74.20042,40.62988],[-74.20079,40.63036],[-74.20039,40.63147],[-74.19679,40.63339],[-74.1962,40.63469],[-74.1818,40.62785],[-74.17446,40.62241],[-74.16812,40.62105],[-74.16184,40.61816],[-74.14998,40.60954],[-74.14723,40.60826],[-74.14714,40.60558],[-74.14046,40.60307],[-74.14002,40.5986],[-74.14542,40.59147],[-74.14632,40.58607],[-74.14727,40.58501],[-74.15231,40.58058],[-74.16983,40.57083],[-74.16962,40.57843],[-74.16796,40.5883],[-74.16342,40.59244],[-74.1636,40.59337],[-74.16886,40.59473],[-74.1672,40.60208],[-74.17256,40.60298],[-74.17492,40.60222],[-74.17822,40.59983],[-74.17954,40.59675],[-74.1865,40.58944],[-74.18478,40.58902],[-74.18539,40.5876],[-74.19077,40.58513],[-74.19132,40.5857],[-74.19423,40.58515],[-74.19965,40.58226],[-74.20058,40.57951],[-74.20441,40.58017],[-74.20603,40.57976]]]]},"properties":{"shape_area":"209384913.624","ntaname":"New Springville-Willowbrook-Bulls Head-Travis","cdtaname":"SI02 Mid-Island (CD 2 Approximation)","shape_leng":"91480.449569","boroname":"Staten Island","ntatype":"0","nta2020":"SI0204","borocode":"5","countyfips":"085","ntaabbrev":"NwSprngvl","cdta2020":"SI02","atlas_id":"SI0204","scalars":{"population":43695.0,"housing_units":16041.0,"jobs":36497.0}}},{"type":"Feature","geometry":{"type":"MultiPolygon","coordinates":[[[[-74.20058,40.57951],[-74.19965,40.58226],[-74.19423,40.58515],[-74.19132,40.5857],[-74.19077,40.58513],[-74.18539,40.5876],[-74.18478,40.58902],[-74.1865,40.58944],[-74.17954,40.59675],[-74.17822,40.59983],[-74.17492,40.60222],[-74.17256,40.60298],[-74.1672,40.60208],[-74.16886,40.59473],[-74.1636,40.59337],[-74.16342,40.59244],[-74.16771,40.58882],[-74.16842,40.58658],[-74.16995,40.57345],[-74.16983,40.56109],[-74.17758,40.56376],[-74.17937,40.57055],[-74.1844,40.57301],[-74.18904,40.57267],[-74.18956,40.57627],[-74.20058,40.57951]]]]},"properties":{"shape_area":"68180387.0998","ntaname":"Freshkills Park (North)","cdtaname":"SI02 Mid-Island (CD 2 Approximation)","shape_leng":"44217.7663665","boroname":"Staten Island","ntatype":"9","nta2020":"SI0291","borocode":"5","countyfips":"085","ntaabbrev":"FrshklPk_N","cdta2020":"SI02","atlas_id":"SI0291","scalars":{"population":0.0,"housing_units":0.0,"jobs":412.0}}},{"type":"Feature","geometry":{"type":"MultiPolygon","coordinates":[[[[-74.14439,40.56971],[-74.14387,40.57061],[-74.14419,40.57204],[-74.13278,40.57348],[-74.12767,40.57524],[-74.12707,40.57641],[-74.12334,40.57579],[-74.12154,40.57515],[-74.12145,40.57178],[-74.1249,40.56895],[-74.11636,40.56392],[-74.11376,40.5665],[-74.1001,40.55895],[-74.10185,40.55622],[-74.10135,40.55558],[-74.1031,40.5559],[-74.10466,40.55412],[-74.10484,40.55303],[-74.10656,40.55419],[-74.10769,40.55398],[-74.11301,40.54778],[-74.11494,40.54959],[-74.11656,40.54913],[-74.11946,40.55222],[-74.1273,40.5573],[-74.13317,40.55236],[-74.13885,40.55695],[-74.13561,40.55898],[-74.13481,40.56083],[-74.13174,40.56454],[-74.13527,40.56552],[-74.14439,40.56971]]]]},"properties":{"shape_area":"55937302.0147","ntaname":"Oakwood-Richmondtown","cdtaname":"SI03 South Shore (CD 3 Approximation)","shape_leng":"44192.9044817","boroname":"Staten Island","ntatype":"0","nta2020":"SI0301","borocode":"5","countyfips":"085","ntaabbrev":"Okwd_Rmtwn","cdta2020":"SI03","atlas_id":"SI0301","scalars":{"population":21333.0,"housing_units":8244.0,"jobs":1853.0}}},{"type":"Feature","geometry":{"type":"MultiPolygon","coordinates":[[[[-74.18073,40.54668],[-74.17349,40.55967],[-74.17185,40.56152],[-74.16494,40.56011],[-74.15726,40.56255],[-74.15466,40.56551],[-74.1479,40.57089],[-74.13174,40.56454],[-74.13481,40.56083],[-74.13561,40.55898],[-74.13885,40.55695],[-74.13317,40.55236],[-74.13865,40.54849],[-74.13586,40.54645],[-74.13718,40.54579],[-74.13612,40.54502],[-74.13719,40.54578],[-74.13687,40.54468],[-74.13795,40.546],[-74.13887,40.54513],[-74.13762,40.54425],[-74.13876,40.54493],[-74.13804,40.5439],[-74.13903,40.5447],[-74.13954,40.5443],[-74.13834,40.54355],[-74.13957,40.54427],[-74.13891,40.54313],[-74.14039,40.54403],[-74.13922,40.54317],[-74.1403,40.54364],[-74.13936,40.54283],[-74.14063,40.54311],[-74.13986,40.54236],[-74.14132,40.54309],[-74.14034,40.54223],[-74.14141,40.54302],[-74.14026,40.54196],[-74.14135,40.54258],[-74.1418,40.5422],[-74.14064,40.54169],[-74.14096,40.54143],[-74.1423,40.54226],[-74.14173,40.53934],[-74.1423,40.53907],[-74.14177,40.53854],[-74.14227,40.53814],[-74.14187,40.53844],[-74.14217,40.53793],[-74.14104,40.53735],[-74.14219,40.53792],[-74.14158,40.53709],[-74.14383,40.53714],[-74.14474,40.5358],[-74.14922,40.53424],[-74.1507,40.53255],[-74.15246,40.53207],[-74.15599,40.52942],[-74.15619,40.52861],[-74.15702,40.52898],[-74.1597,40.5273],[-74.16873,40.53953],[-74.16915,40.54108],[-74.18073,40.54668]]]]},"properties":{"shape_area":"116746291.742","ntaname":"Great Kills-Eltingville","cdtaname":"SI03 South Shore (CD 3 Approximation)","shape_leng":"67428.0398167","boroname":"Staten Island","ntatype":"0","nta2020":"SI0302","borocode":"5","countyfips":"085","ntaabbrev":"GrtKls_Evl","cdta2020":"SI03","atlas_id":"SI0302","scalars":{"population":55978.0,"housing_units":21098.0,"jobs":7783.0}}},{"type":"Feature","geometry":{"type":"MultiPolygon","coordinates":[[[[-74.22132,40.55025],[-74.21778,40.55305],[-74.21736,40.55468],[-74.21051,40.55706],[-74.207,40.55757],[-74.20506,40.55728],[-74.20315,40.55606],[-74.20079,40.55604],[-74.19353,40.56243],[-74.19105,40.56258],[-74.18362,40.56537],[-74.1816,40.56532],[-74.17185,40.56152],[-74.17349,40.55967],[-74.18073,40.54668],[-74.18757,40.55015],[-74.1893,40.54838],[-74.19731,40.54326],[-74.20699,40.54175],[-74.21779,40.54113],[-74.22132,40.55025]]]]},"properties":{"shape_area":"67773961.9882","ntaname":"Arden Heights-Rossville","cdtaname":"SI03 South Shore (CD 3 Approximation)","shape_leng":"38159.8607048","boroname":"Staten Island","ntatype":"0","nta2020":"SI0303","borocode":"5","countyfips":"085","ntaabbrev":"ArdnHts","cdta2020":"SI03","atlas_id":"SI0303","scalars":{"population":31650.0,"housing_units":11198.0,"jobs":2080.0}}},{"type":"Feature","geometry":{"type":"MultiPolygon","coordinates":[[[[-74.22672,40.51916],[-74.2238,40.5182],[-74.225,40.52046],[-74.22398,40.52287],[-74.22482,40.52299],[-74.22399,40.52327],[-74.22359,40.52631],[-74.22448,40.53891],[-74.22331,40.54391],[-74.22065,40.54859],[-74.21779,40.54113],[-74.21208,40.54139],[-74.19731,40.54326],[-74.1893,40.54838],[-74.18757,40.55015],[-74.16915,40.54108],[-74.16873,40.53953],[-74.15988,40.52737],[-74.16233,40.52717],[-74.17,40.52305],[-74.17129,40.52346],[-74.1727,40.52297],[-74.17758,40.51923],[-74.18105,40.52066],[-74.18483,40.51934],[-74.18834,40.51648],[-74.18927,40.51534],[-74.18885,40.51508],[-74.18971,40.51532],[-74.19521,40.50998],[-74.1965,40.50992],[-74.19965,40.51141],[-74.20004,40.51268],[-74.19907,40.51308],[-74.2082,40.51164],[-74.20969,40.5108],[-74.20932,40.5104],[-74.21013,40.51042],[-74.21353,40.5064],[-74.21511,40.50606],[-74.21756,40.50335],[-74.21977,40.50274],[-74.22184,40.50254],[-74.22208,40.50427],[-74.22312,40.50484],[-74.22322,40.50866],[-74.22658,40.51727],[-74.22672,40.51916]]]]},"properties":{"shape_area":"180426655.446","ntaname":"Annadale-Huguenot-Prince's Bay-Woodrow","cdtaname":"SI03 South Shore (CD 3 Approximation)","shape_leng":"67585.202318","boroname":"Staten Island","ntatype":"0","nta2020":"SI0304","borocode":"5","countyfips":"085","ntaabbrev":"Anndl_Wdrw","cdta2020":"SI03","atlas_id":"SI0304","scalars":{"population":44207.0,"housing_units":15013.0,"jobs":5117.0}}},{"type":"Feature","geometry":{"type":"MultiPolygon","coordinates":[[[[-74.25559,40.50765],[-74.25497,40.50881],[-74.25369,40.50943],[-74.25453,40.50997],[-74.25365,40.50947],[-74.25332,40.50986],[-74.25302,40.51129],[-74.25353,40.51168],[-74.25304,40.51143],[-74.25308,40.51214],[-74.25195,40.513],[-74.25213,40.51371],[-74.25011,40.51504],[-74.25056,40.51611],[-74.24922,40.51508],[-74.24994,40.51614],[-74.24943,40.51569],[-74.24855,40.51617],[-74.24895,40.51719],[-74.24941,40.51698],[-74.24851,40.51748],[-74.24892,40.51721],[-74.24752,40.51574],[-74.24644,40.51597],[-74.247,40.51718],[-74.24648,40.51669],[-74.24521,40.51729],[-74.24563,40.51808],[-74.24232,40.51833],[-74.23982,40.52009],[-74.24117,40.52106],[-74.24293,40.52123],[-74.2428,40.52401],[-74.24397,40.52491],[-74.24153,40.53147],[-74.24222,40.53462],[-74.24412,40.53619],[-74.2442,40.53692],[-74.24535,40.53693],[-74.24443,40.53805],[-74.2456,40.54095],[-74.24803,40.54309],[-74.24614,40.5457],[-74.24336,40.54787],[-74.24223,40.54695],[-74.24039,40.54766],[-74.23641,40.55051],[-74.2364,40.55234],[-74.2349,40.55301],[-74.23332,40.55251],[-74.23076,40.55554],[-74.22932,40.55549],[-74.22872,40.5563],[-74.22344,40.55605],[-74.22257,40.55541],[-74.22055,40.55589],[-74.21974,40.55461],[-74.21908,40.55485],[-74.21922,40.5558],[-74.21859,40.55467],[-74.21875,40.55603],[-74.21775,40.55501],[-74.21474,40.55624],[-74.21462,40.55691],[-74.21376,40.5564],[-74.2057,40.55852],[-74.207,40.55757],[-74.21051,40.55706],[-74.21763,40.55455],[-74.21778,40.55305],[-74.22132,40.55025],[-74.22065,40.54859],[-74.22388,40.5422],[-74.22457,40.53702],[-74.22359,40.52631],[-74.22399,40.52327],[-74.22482,40.52299],[-74.22398,40.52287],[-74.225,40.52046],[-74.2238,40.5182],[-74.22672,40.51916],[-74.22669,40.51855],[-74.22322,40.50866],[-74.22312,40.50484],[-74.22208,40.50427],[-74.22184,40.50254],[-74.22507,40.50176],[-74.22716,40.5023],[-74.23124,40.50183],[-74.23671,40.50004],[-74.23985,40.49758],[-74.24421,40.49757],[-74.24676,40.49613],[-74.24798,40.49624],[-74.24972,40.49689],[-74.2511,40.49893],[-74.2533,40.50031],[-74.25532,40.50418],[-74.25559,40.50765]]]]},"properties":{"shape_area":"126774048.602","ntaname":"Tottenville-Charleston","cdtaname":"SI03 South Shore (CD 3 Approximation)","shape_leng":"83178.7954811","boroname":"Staten Island","ntatype":"0","nta2020":"SI0305","borocode":"5","countyfips":"085","ntaabbrev":"Tttnvl","cdta2020":"SI03","atlas_id":"SI0305","scalars":{"population":16919.0,"housing_units":6376.0,"jobs":7539.0}}},{"type":"Feature","geometry":{"type":"MultiPolygon","coordinates":[[[[-74.21325,40.5567],[-74.21117,40.56046],[-74.21138,40.56349],[-74.21072,40.5653],[-74.20801,40.57055],[-74.20603,40.57976],[-74.20295,40.5801],[-74.19888,40.5793],[-74.19195,40.57658],[-74.19064,40.57669],[-74.18918,40.57553],[-74.18904,40.57267],[-74.1844,40.57301],[-74.17937,40.57055],[-74.17908,40.56988],[-74.17758,40.56376],[-74.18296,40.56548],[-74.18948,40.56358],[-74.19105,40.56258],[-74.19308,40.56263],[-74.20116,40.55594],[-74.20323,40.55608],[-74.20506,40.55728],[-74.207,40.55757],[-74.2057,40.55852],[-74.21325,40.5567]]]]},"properties":{"shape_area":"47758770.5135","ntaname":"Freshkills Park (South)","cdtaname":"SI03 South Shore (CD 3 Approximation)","shape_leng":"33945.4197532","boroname":"Staten Island","ntatype":"9","nta2020":"SI0391","borocode":"5","countyfips":"085","ntaabbrev":"FrshklPK_S","cdta2020":"SI03","atlas_id":"SI0391","scalars":{"population":23.0,"housing_units":9.0,"jobs":270.0}}},{"type":"Feature","geometry":{"type":"MultiPolygon","coordinates":[[[[-74.06517,40.60421],[-74.05677,40.6079],[-74.05601,40.60678],[-74.05381,40.60591],[-74.05303,40.60147],[-74.05342,40.60052],[-74.05223,40.59978],[-74.05447,40.59876],[-74.05975,40.59385],[-74.06376,40.59893],[-74.06108,40.59982],[-74.06196,40.60124],[-74.06398,40.60214],[-74.06517,40.60421]]]]},"properties":{"shape_area":"9867248.22161","ntaname":"Fort Wadsworth","cdtaname":"SI95 Great Kills Park-Fort Wadsworth (JIA 95 Approximation)","shape_leng":"14814.4135523","boroname":"Staten Island","ntatype":"6","nta2020":"SI9561","borocode":"5","countyfips":"085","ntaabbrev":"FtWdswrth","cdta2020":"SI95","atlas_id":"SI9561","scalars":{"population":525.0,"housing_units":190.0,"jobs":80.0}}},{"type":"Feature","geometry":{"type":"MultiPolygon","coordinates":[[[[-74.05108,40.56668],[-74.04998,40.5664],[-74.04924,40.56536],[-74.05003,40.56532],[-74.05108,40.56668]]],[[[-74.0549,40.57778],[-74.05485,40.57995],[-74.05369,40.58055],[-74.05293,40.5799],[-74.05314,40.5777],[-74.05406,40.57712],[-74.0549,40.57778]]]]},"properties":{"shape_area":"635701.886652","ntaname":"Hoffman & Swinburne Islands","cdtaname":"SI95 Great Kills Park-Fort Wadsworth (JIA 95 Approximation)","shape_leng":"4743.12777694","boroname":"Staten Island","ntatype":"9","nta2020":"SI9591","borocode":"5","countyfips":"085","ntaabbrev":"HffmnIsl","cdta2020":"SI95","atlas_id":"SI9591","scalars":{"population":0.0,"housing_units":0.0}}},{"type":"Feature","geometry":{"type":"MultiPolygon","coordinates":[[[[-74.10874,40.56992],[-74.10604,40.57206],[-74.10471,40.57401],[-74.09277,40.56794],[-74.0877,40.57306],[-74.08469,40.57148],[-74.08691,40.56899],[-74.08622,40.56853],[-74.08725,40.56908],[-74.08925,40.56702],[-74.09055,40.56708],[-74.09407,40.56273],[-74.10874,40.56992]]]]},"properties":{"shape_area":"10866804.0615","ntaname":"Miller Field","cdtaname":"SI95 Great Kills Park-Fort Wadsworth (JIA 95 Approximation)","shape_leng":"19197.2008558","boroname":"Staten Island","ntatype":"9","nta2020":"SI9592","borocode":"5","countyfips":"085","ntaabbrev":"MllrFld","cdta2020":"SI95","atlas_id":"SI9592","scalars":{"population":260.0,"housing_units":66.0,"jobs":564.0}}},{"type":"Feature","geometry":{"type":"MultiPolygon","coordinates":[[[[-74.14063,40.53436],[-74.14015,40.53548],[-74.1341,40.53549],[-74.1312,40.53787],[-74.13181,40.53831],[-74.13168,40.53787],[-74.13242,40.53777],[-74.13193,40.53751],[-74.13245,40.53776],[-74.13231,40.53719],[-74.13339,40.53696],[-74.13301,40.53659],[-74.13386,40.5366],[-74.12997,40.53997],[-74.12968,40.53947],[-74.13052,40.53943],[-74.13,40.53917],[-74.13054,40.53941],[-74.13034,40.53888],[-74.13086,40.53913],[-74.13066,40.53861],[-74.13147,40.5386],[-74.13098,40.53833],[-74.13179,40.53833],[-74.13116,40.5379],[-74.12779,40.541],[-74.12757,40.5435],[-74.12987,40.54583],[-74.13326,40.54685],[-74.13586,40.54645],[-74.13865,40.54849],[-74.1273,40.5573],[-74.11946,40.55222],[-74.11656,40.54913],[-74.11494,40.54959],[-74.11338,40.54807],[-74.11541,40.54752],[-74.11655,40.54787],[-74.11804,40.54731],[-74.11978,40.54547],[-74.1225,40.54486],[-74.13071,40.53454],[-74.13619,40.52962],[-74.13691,40.52928],[-74.13883,40.52989],[-74.14063,40.53436]]]]},"properties":{"shape_area":"23377915.3702","ntaname":"Great Kills Park","cdtaname":"SI95 Great Kills Park-Fort Wadsworth (JIA 95 Approximation)","shape_leng":"41465.4293799","boroname":"Staten Island","ntatype":"9","nta2020":"SI9593","borocode":"5","countyfips":"085","ntaabbrev":"GrtKlsPk","cdta2020":"SI95","atlas_id":"SI9593","scalars":{"population":0.0,"housing_units":0.0}}}],"crs":{"type":"name","properties":{"name":"urn:ogc:def:crs:OGC:1.3:CRS84"}}}